Timestamp,User Count,Type,Name,Requests/s,Failures/s,50%,66%,75%,80%,90%,95%,98%,99%,99.9%,99.99%,100%,Total Request Count,Total Failure Count,Total Median Response Time,Total Average Response Time,Total Min Response Time,Total Max Response Time,Total Average Content Size
1783295655,0,,Aggregated,0.000000,0.000000,N/A,N/A,N/A,N/A,N/A,N/A,N/A,N/A,N/A,N/A,N/A,0,0,0,0.0,0,0,0
1783295656,50,,Aggregated,0.000000,0.000000,N/A,N/A,N/A,N/A,N/A,N/A,N/A,N/A,N/A,N/A,N/A,0,0,0,0.0,0,0,0
1783295657,100,,Aggregated,0.000000,0.000000,N/A,N/A,N/A,N/A,N/A,N/A,N/A,N/A,N/A,N/A,N/A,0,0,0,0.0,0,0,0
1783295658,100,,Aggregated,0.000000,0.000000,350,2000,2000,2500,2500,2500,2500,2500,2500,2500,2500,5,0,350.0,1006.0923181998078,68.14577100158203,2489.0132209984586,2227.0
1783295659,100,,Aggregated,0.000000,0.000000,400,2000,3400,3500,3900,4200,4200,4200,4200,4200,4200,54,0,400.0,1451.4784374076514,68.14577100158203,4207.245326993871,1813.0555555555557
1783295660,100,,Aggregated,0.333333,0.000000,200,350,510,3400,4200,4600,4900,5000,5000,5000,5000,143,0,200.0,1041.6115172935156,16.02013100637123,4991.879028006224,4315.4125874125875
1783295661,100,,Aggregated,1.500000,0.000000,200,270,400,510,4200,5000,6100,6200,6200,6200,6200,233,0,200.0,972.9672326779921,8.614981998107396,6180.989200001932,6248.656652360515
1783295662,100,,Aggregated,12.800000,0.000000,190,250,310,410,4500,5500,6300,6400,6600,6600,6600,325,0,190.0,928.1289514982535,3.144907997921109,6588.085918003344,5936.553846153846
1783295663,100,,Aggregated,26.166667,0.000000,170,240,310,430,5000,6500,7200,7200,7200,7200,7200,403,0,170.0,1090.5312661834569,3.144907997921109,7234.939282992855,5621.461538461538
1783295664,100,,Aggregated,34.857143,0.000000,120,180,230,280,5500,7200,7600,7800,7900,7900,7900,673,0,120.0,1010.1910266240078,3.144907997921109,7929.787834000308,6273.5052005943535
1783295665,100,,Aggregated,41.500000,0.000000,110,170,220,270,4900,7200,7600,7800,7900,7900,7900,712,0,110.0,955.4965750435207,3.144907997921109,7929.787834000308,6209.3342696629215
1783295666,100,,Aggregated,47.777778,0.000000,100,160,210,260,4700,7200,7600,7800,7900,7900,7900,752,0,100.0,905.1974000319225,3.0878309917170554,7929.787834000308,6251.375
1783295667,100,,Aggregated,68.200000,0.000000,99,150,200,250,4600,7000,7600,7800,7900,7900,7900,793,0,99,859.0049928410837,3.0878309917170554,7929.787834000308,6286.829760403531
1783295668,100,,Aggregated,71.900000,0.000000,93,140,200,230,4200,6900,7600,7700,7900,7900,7900,841,0,93,810.6050293030893,3.0878309917170554,7929.787834000308,6179.208085612367
1783295669,100,,Aggregated,75.500000,0.000000,86,130,180,220,3900,6900,7600,7700,7900,7900,7900,890,0,86,766.6922435953688,3.0878309917170554,7929.787834000308,6162.07191011236
1783295670,100,,Aggregated,79.600000,0.000000,80,120,180,210,3500,6700,7600,7700,7900,7900,7900,928,0,80,735.8298551249109,3.0878309917170554,7929.787834000308,6187.339439655172
1783295671,100,,Aggregated,83.900000,0.000000,69,120,170,210,3400,6500,7600,7700,7900,7900,7900,980,0,69,697.3322874356367,3.0878309917170554,7929.787834000308,6073.188775510204
1783295672,100,,Aggregated,83.100000,0.000000,63,120,160,200,560,6400,7500,7700,7900,7900,7900,1026,0,63,666.5040702552473,3.0878309917170554,7929.787834000308,6162.819688109162
1783295673,100,,Aggregated,77.200000,0.000000,58,110,150,190,460,6300,7400,7700,7900,7900,7900,1072,0,57,638.406171862766,3.0878309917170554,7929.787834000308,6119.464552238806
1783295674,100,,Aggregated,73.700000,0.000000,54,100,150,180,410,6300,7300,7600,7900,7900,7900,1118,0,54,612.8815199765594,3.0878309917170554,7929.787834000308,6018.479427549195
1783295675,100,,Aggregated,69.600000,0.000000,51,100,140,180,410,6200,7300,7600,7900,7900,7900,1155,0,51,593.635477971218,3.0878309917170554,7929.787834000308,6058.044155844156
1783295676,100,,Aggregated,64.500000,0.000000,45,96,130,170,350,6100,7300,7600,7900,7900,7900,1205,0,45,569.6631808396302,3.0878309917170554,7929.787834000308,6009.213278008298
1783295677,100,,Aggregated,43.800000,0.000000,40,92,130,160,330,5800,7300,7600,7900,7900,7900,1250,0,40,549.7112935318495,3.0878309917170554,7929.787834000308,6055.772
1783295678,100,,Aggregated,43.900000,0.000000,38,88,120,160,310,5500,7300,7600,7900,7900,7900,1294,0,38,531.4102888344719,3.0878309917170554,7929.787834000308,5986.9049459041735
1783295679,100,,Aggregated,45.200000,0.000000,36,84,120,150,290,5500,7300,7600,7900,7900,7900,1339,0,36,514.1910784045693,3.0878309917170554,7929.787834000308,5956.5227781926815
1783295680,100,,Aggregated,45.500000,0.000000,34,79,120,150,280,5000,7300,7600,7900,7900,7900,1385,0,34,497.6790849818127,3.0878309917170554,7929.787834000308,5971.6642599277975
1783295681,100,,Aggregated,45.000000,0.000000,29,73,110,140,270,4900,7300,7600,7900,7900,7900,1436,0,29,480.4698940792768,3.0878309917170554,7929.787834000308,5954.365598885794
1783295682,100,,Aggregated,44.600000,0.000000,26,68,110,140,270,4900,7200,7600,7900,7900,7900,1477,0,26,467.5740297358343,3.0878309917170554,7929.787834000308,5980.084631008802
1783295683,100,,Aggregated,45.800000,0.000000,22,65,100,130,260,4600,7200,7600,7900,7900,7900,1523,0,22,453.8429959105536,3.0878309917170554,7929.787834000308,6035.929743926461
1783295684,100,,Aggregated,45.500000,0.000000,20,61,100,130,250,4600,7200,7600,7900,7900,7900,1565,0,20,442.05341659984316,3.0878309917170554,7929.787834000308,6030.6607028754
1783295685,100,,Aggregated,45.000000,0.000000,18,59,97,120,250,4500,7200,7600,7900,7900,7900,1609,0,18,430.37137032737996,3.0878309917170554,7929.787834000308,5989.113735239279
1783295686,100,,Aggregated,44.800000,0.000000,17,57,96,120,240,4200,7200,7600,7900,7900,7900,1647,0,17,420.7338049391321,3.0878309917170554,7929.787834000308,5986.686095931997
1783295687,100,,Aggregated,44.600000,0.000000,16,55,92,120,230,4200,7200,7600,7900,7900,7900,1699,0,16,408.1895112334707,3.0878309917170554,7929.787834000308,5993.045320776928
1783295688,100,,Aggregated,45.200000,0.000000,15,53,89,120,230,3900,7200,7600,7900,7900,7900,1743,0,15,398.25869479154653,3.0878309917170554,7929.787834000308,6017.6024096385545
1783295690,100,,Aggregated,44.100000,0.000000,14,51,86,110,220,3800,7200,7600,7900,7900,7900,1789,0,14,388.26749246988214,3.0878309917170554,7929.787834000308,6001.618781442146
1783295691,100,,Aggregated,44.800000,0.000000,14,49,84,110,220,3500,7200,7600,7900,7900,7900,1838,0,14,378.255279694036,3.0878309917170554,7929.787834000308,5997.772034820457
1783295692,100,,Aggregated,44.800000,0.000000,14,47,81,100,210,3500,7200,7600,7900,7900,7900,1878,0,14,370.47922231613677,3.0878309917170554,7929.787834000308,6021.201810436634
1783295693,100,,Aggregated,45.000000,0.000000,13,45,77,100,210,3400,7200,7600,7900,7900,7900,1927,0,13,361.3689185405948,3.0878309917170554,7929.787834000308,6015.111572392319
1783295694,100,,Aggregated,45.000000,0.000000,13,43,73,100,200,2500,7000,7600,7900,7900,7900,1976,0,13,352.6039706086765,2.9893369937781245,7929.787834000308,5972.562753036437
1783295695,100,,Aggregated,44.600000,0.000000,12,41,68,96,200,580,7000,7500,7900,7900,7900,2023,0,12,344.5953842796819,2.9893369937781245,7929.787834000308,5947.448838358873
1783295696,100,,Aggregated,45.300000,0.000000,12,40,66,94,200,540,7000,7500,7900,7900,7900,2077,0,12,335.9840127519484,2.9893369937781245,7929.787834000308,5927.255657197881
1783295697,100,,Aggregated,45.300000,0.000000,12,39,65,93,200,500,6900,7400,7900,7900,7900,2106,0,12,331.57351483655,2.9893369937781245,7929.787834000308,5945.349477682811
1783295698,100,,Aggregated,45.600000,0.000000,12,38,63,90,190,460,6900,7400,7900,7900,7900,2156,0,12,324.2440684043416,2.9893369937781245,7929.787834000308,5959.935064935065
1783295699,100,,Aggregated,45.800000,0.000000,11,37,60,88,180,430,6900,7300,7900,7900,7900,2213,0,11,316.2639914115417,2.9893369937781245,7929.787834000308,5961.932218707637
1783295700,100,,Aggregated,45.700000,0.000000,11,37,59,86,180,410,6900,7300,7900,7900,7900,2260,0,11,309.9358105675621,2.9893369937781245,7929.787834000308,5999.555752212389
1783295701,100,,Aggregated,46.900000,0.000000,11,36,58,84,180,410,6700,7300,7900,7900,7900,2306,0,11,303.990139530666,2.9893369937781245,7929.787834000308,6026.433217692975
1783295702,100,,Aggregated,46.800000,0.000000,11,35,56,81,180,400,6700,7300,7900,7900,7900,2349,0,11,298.6308741016204,2.9893369937781245,7929.787834000308,5986.862920391656
1783295703,100,,Aggregated,46.600000,0.000000,11,34,55,78,170,350,6500,7300,7900,7900,7900,2401,0,11,292.52083363960935,2.9893369937781245,7929.787834000308,5952.145356101624
1783295704,100,,Aggregated,46.900000,0.000000,11,34,55,76,170,350,6500,7300,7900,7900,7900,2441,0,11,287.9266742825388,2.9893369937781245,7929.787834000308,5921.601802539943
1783295705,100,,Aggregated,47.200000,0.000000,11,33,53,73,160,330,6500,7300,7900,7900,7900,2487,0,11,282.8917781727641,2.9893369937781245,7929.787834000308,5908.137917169281
1783295706,100,,Aggregated,46.200000,0.000000,10,32,52,71,160,320,6400,7300,7900,7900,7900,2533,0,10,277.92703569630027,2.9893369937781245,7929.787834000308,5923.167390446111
1783295707,100,,Aggregated,46.300000,0.000000,10,30,51,69,160,310,6400,7300,7900,7900,7900,2574,0,10,273.71979441516635,2.9893369937781245,7929.787834000308,5924.901709401709
1783295708,100,,Aggregated,46.300000,0.000000,10,29,49,67,160,310,6400,7300,7900,7900,7900,2617,0,10,269.4564120285162,2.9893369937781245,7929.787834000308,5891.239587313718
1783295709,100,,Aggregated,46.500000,0.000000,10,27,49,66,150,290,6300,7300,7900,7900,7900,2662,0,10,265.214775900687,2.9893369937781245,7929.787834000308,5856.9346356123215
1783295710,100,,Aggregated,46.100000,0.000000,10,25,48,65,150,280,6300,7300,7900,7900,7900,2718,0,10,260.0702965488104,2.9893369937781245,7929.787834000308,5833.151582045622
1783295711,100,,Aggregated,44.500000,0.000000,10,23,47,64,150,280,6300,7300,7900,7900,7900,2762,0,10,256.12320190141395,2.9893369937781245,7929.787834000308,5851.215785662564
1783295712,100,,Aggregated,45.600000,0.000000,10,22,46,61,150,270,6200,7300,7900,7900,7900,2807,0,10,252.17366888517995,2.9893369937781245,7929.787834000308,5831.218382614891
1783295713,100,,Aggregated,45.500000,0.000000,10,21,45,60,140,270,6200,7300,7900,7900,7900,2851,0,10,248.47008009424027,2.9893369937781245,7929.787834000308,5847.055769905296
1783295714,100,,Aggregated,45.400000,0.000000,10,20,45,60,140,270,6200,7300,7900,7900,7900,2896,0,10,244.87115554753342,2.9893369937781245,7929.787834000308,5838.101519337017
1783295715,100,,Aggregated,45.100000,0.000000,10,19,44,59,140,270,6200,7200,7900,7900,7900,2944,0,10,241.0604478059015,2.9893369937781245,7929.787834000308,5825.827445652174
1783295716,100,,Aggregated,45.300000,0.000000,9,18,43,58,130,260,6100,7200,7900,7900,7900,2982,0,9,238.1435317235294,2.9893369937781245,7929.787834000308,5821.074111334675
1783295717,100,,Aggregated,45.300000,0.000000,9,18,42,57,130,260,6100,7200,7800,7900,7900,3031,0,9,234.47350721895646,2.9893369937781245,7929.787834000308,5819.540415704388
1783295718,100,,Aggregated,45.100000,0.000000,9,17,42,56,130,260,5800,7200,7800,7900,7900,3077,0,9,231.12649052440622,2.9893369937781245,7929.787834000308,5849.318167045823
1783295719,100,,Aggregated,45.500000,0.000000,9,17,41,55,130,250,5800,7200,7800,7900,7900,3125,0,9,227.76847114675678,2.9893369937781245,7929.787834000308,5853.888
1783295720,100,,Aggregated,45.400000,0.000000,9,17,41,55,130,250,5800,7200,7800,7900,7900,3165,0,9,225.07987970161773,2.9893369937781245,7929.787834000308,5845.884044233807
1783295721,100,,Aggregated,46.400000,0.000000,9,16,41,53,120,250,5500,7200,7800,7900,7900,3217,0,9,221.69768064799808,2.9893369937781245,7929.787834000308,5862.268262356232
1783295722,100,,Aggregated,44.800000,0.000000,9,16,40,53,120,250,5500,7200,7800,7900,7900,3265,0,9,218.57768512209006,2.9893369937781245,7929.787834000308,5856.734456355283
1783295723,100,,Aggregated,45.000000,0.000000,9,16,40,52,120,240,5500,7200,7800,7900,7900,3310,0,9,215.78678106122405,2.9893369937781245,7929.787834000308,5848.173413897281
1783295724,100,,Aggregated,46.000000,0.000000,8,16,39,52,120,240,5500,7200,7800,7900,7900,3354,0,8,213.08226520323333,2.951923990622163,7929.787834000308,5842.799642218247
1783295725,100,,Aggregated,45.800000,0.000000,8,15,39,51,120,230,5200,7200,7800,7900,7900,3405,0,8,210.07788295437675,2.951923990622163,7929.787834000308,5853.325403817915
1783295726,100,,Aggregated,45.900000,0.000000,8,15,39,50,120,230,5200,7200,7800,7900,7900,3448,0,8,207.65295163419532,2.951923990622163,7929.787834000308,5842.933294663573
1783295727,100,,Aggregated,46.300000,0.000000,8,15,39,49,120,230,5000,7200,7800,7900,7900,3494,0,8,205.14268479098487,2.951923990622163,7929.787834000308,5835.3465941614195
1783295728,100,,Aggregated,46.300000,0.000000,8,15,38,49,110,230,5000,7200,7800,7900,7900,3538,0,8,202.74923114717123,2.951923990622163,7929.787834000308,5848.663934426229
1783295729,100,,Aggregated,46.600000,0.000000,8,15,38,48,110,220,4900,7200,7800,7900,7900,3583,0,8,200.3301833990244,2.951923990622163,7929.787834000308,5844.276304772537
1783295730,100,,Aggregated,45.900000,0.000000,8,14,37,47,110,220,4900,7200,7800,7900,7900,3630,0,8,197.8491297274486,2.951923990622163,7929.787834000308,5855.708539944903
1783295731,100,,Aggregated,45.200000,0.000000,8,14,37,47,110,220,4900,7200,7800,7900,7900,3672,0,8,195.73955628694938,2.951923990622163,7929.787834000308,5859.5392156862745
1783295732,100,,Aggregated,46.800000,0.000000,8,14,37,46,110,210,4800,7200,7800,7900,7900,3715,0,8,193.56428576276255,2.951923990622163,7929.787834000308,5874.959892328398
1783295733,100,,Aggregated,45.700000,0.000000,8,14,36,46,110,210,4700,7200,7800,7900,7900,3770,0,8,190.8781270999148,2.9223059973446652,7929.787834000308,5897.016976127321
1783295734,100,,Aggregated,45.100000,0.000000,8,14,36,45,100,210,4600,7200,7800,7900,7900,3818,0,8,188.6118828165711,2.9223059973446652,7929.787834000308,5879.113148245155
1783295735,100,,Aggregated,45.300000,0.000000,8,14,36,45,100,210,4600,7200,7800,7900,7900,3860,0,8,186.701483155617,2.9223059973446652,7929.787834000308,5869.329274611399
1783295736,100,,Aggregated,46.400000,0.000000,8,13,36,44,100,210,4600,7000,7800,7900,7900,3903,0,8,184.73790885235115,2.9223059973446652,7929.787834000308,5865.3843197540355
1783295737,100,,Aggregated,45.000000,0.000000,7,13,35,44,100,200,4600,7000,7800,7900,7900,3946,0,7,182.83142956861374,2.9223059973446652,7929.787834000308,5858.265331981754
1783295738,100,,Aggregated,45.100000,0.000000,7,13,35,44,100,200,4600,7000,7800,7900,7900,3988,0,7,181.07735822237498,2.9223059973446652,7929.787834000308,5846.856820461384
1783295739,100,,Aggregated,44.400000,0.000000,7,13,35,44,98,200,4500,7000,7800,7900,7900,4034,0,7,179.20167762341657,2.9223059973446652,7929.787834000308,5831.017352503718
1783295740,100,,Aggregated,45.000000,0.000000,7,13,35,44,97,200,4200,7000,7800,7900,7900,4091,0,7,177.20381342921385,2.9223059973446652,7929.787834000308,5821.583720361769
1783295741,100,,Aggregated,45.100000,0.000000,7,13,35,44,96,200,4200,7000,7800,7900,7900,4135,0,7,175.51261070154848,2.9223059973446652,7929.787834000308,5801.508585247884
1783295742,100,,Aggregated,43.800000,0.000000,7,13,35,44,96,200,4200,7000,7800,7900,7900,4180,0,7,173.7966605937717,2.9223059973446652,7929.787834000308,5797.505263157895
1783295743,100,,Aggregated,45.200000,0.000000,7,13,35,43,95,200,4200,6900,7800,7900,7900,4224,0,7,172.13597604638215,2.9223059973446652,7929.787834000308,5794.66240530303
1783295744,100,,Aggregated,44.200000,0.000000,7,13,34,43,94,200,4200,6900,7800,7900,7900,4277,0,7,170.18121767779178,2.9223059973446652,7929.787834000308,5802.853168108487
1783295745,100,,Aggregated,44.700000,0.000000,7,13,34,43,94,190,3900,6900,7800,7900,7900,4311,0,7,168.91866710412393,2.9223059973446652,7929.787834000308,5792.390396659708
1783295746,100,,Aggregated,42.700000,0.000000,7,13,34,42,92,190,3900,6900,7800,7900,7900,4355,0,7,167.35250896460272,2.9223059973446652,7929.787834000308,5803.645235361653
1783295747,100,,Aggregated,44.100000,0.000000,7,13,33,42,92,190,3900,6900,7800,7900,7900,4404,0,7,165.6002272338265,2.9223059973446652,7929.787834000308,5801.380336058129
1783295748,100,,Aggregated,44.000000,0.000000,7,13,33,42,90,190,3800,6900,7800,7900,7900,4455,0,7,163.84247256628828,2.9223059973446652,7929.787834000308,5823.502132435466
1783295749,100,,Aggregated,44.200000,0.000000,7,13,32,41,89,180,3800,6900,7800,7900,7900,4497,0,7,162.39543187853684,2.9223059973446652,7929.787834000308,5836.1536579942185
1783295750,100,,Aggregated,44.000000,0.000000,7,13,32,41,89,180,3500,6900,7800,7900,7900,4543,0,7,160.86104799158377,2.9223059973446652,7929.787834000308,5841.115342284834
1783295751,100,,Aggregated,44.500000,0.000000,7,13,31,41,88,180,3500,6900,7800,7900,7900,4587,0,7,159.40568496418493,2.9223059973446652,7929.787834000308,5846.102899498583
1783295752,100,,Aggregated,45.400000,0.000000,7,12,30,41,87,180,3500,6700,7800,7900,7900,4640,0,7,157.70790625036108,2.9223059973446652,7929.787834000308,5842.499568965517
1783295753,100,,Aggregated,44.400000,0.000000,7,12,30,41,86,180,3500,6700,7800,7900,7900,4680,0,7,156.50251458112498,2.9223059973446652,7929.787834000308,5836.913675213676
1783295754,100,,Aggregated,45.000000,0.000000,7,12,30,40,85,180,3400,6600,7800,7900,7900,4725,0,7,155.12005265347878,2.9223059973446652,7929.787834000308,5859.23619047619
1783295755,100,,Aggregated,45.400000,0.000000,7,12,29,40,84,180,3400,6600,7800,7900,7900,4768,0,7,153.8239579307195,2.9223059973446652,7929.787834000308,5842.6038171140935
1783295756,100,,Aggregated,45.500000,0.000000,7,12,29,40,84,170,3400,6500,7800,7900,7900,4821,0,7,152.2962824365597,2.9223059973446652,7929.787834000308,5844.9780128604025
1783295757,100,,Aggregated,45.300000,0.000000,7,12,28,40,83,170,3400,6500,7800,7900,7900,4867,0,7,150.95361142853963,2.9223059973446652,7929.787834000308,5841.016231764947
1783295758,100,,Aggregated,45.000000,0.000000,7,12,27,40,83,170,2500,6500,7800,7900,7900,4908,0,7,149.77741745634466,2.9223059973446652,7929.787834000308,5850.845150774247
1783295759,100,,Aggregated,46.200000,0.000000,7,12,25,39,81,170,2000,6500,7800,7900,7900,4960,0,7,148.3053294596351,2.9223059973446652,7929.787834000308,5845.549798387096
1783295760,100,,Aggregated,46.800000,0.000000,7,12,24,39,80,160,1800,6400,7800,7900,7900,5005,0,7,147.09757463691955,2.9223059973446652,7929.787834000308,5843.843556443557
1783295761,100,,Aggregated,46.100000,0.000000,7,12,24,39,79,160,580,6400,7800,7900,7900,5055,0,7,145.79674359955078,2.9223059973446652,7929.787834000308,5838.138081107814
1783295762,100,,Aggregated,45.500000,0.000000,7,12,23,39,78,160,580,6400,7800,7900,7900,5094,0,7,144.742150218037,2.9223059973446652,7929.787834000308,5849.196505692972
1783295763,100,,Aggregated,46.200000,0.000000,7,12,23,39,77,160,560,6400,7800,7900,7900,5138,0,7,143.61891079265325,2.9223059973446652,7929.787834000308,5860.593032308291
1783295764,100,,Aggregated,47.000000,0.000000,7,12,22,39,76,160,540,6400,7800,7900,7900,5186,0,7,142.37329860192807,2.9223059973446652,7929.787834000308,5862.246625530273
1783295765,100,,Aggregated,44.700000,0.000000,7,12,21,38,76,160,510,6400,7800,7900,7900,5234,0,7,141.17923156220857,2.9223059973446652,7929.787834000308,5863.746274359954
1783295766,100,,Aggregated,46.500000,0.000000,7,12,21,38,75,160,500,6400,7800,7900,7900,5278,0,7,140.10722037468432,2.9223059973446652,7929.787834000308,5861.797650625237
1783295767,100,,Aggregated,45.500000,0.000000,7,12,20,38,74,160,490,6300,7800,7900,7900,5326,0,7,138.94610896537532,2.9223059973446652,7929.787834000308,5864.271873826511
1783295768,100,,Aggregated,46.300000,0.000000,7,12,20,38,73,150,460,6300,7800,7900,7900,5377,0,7,137.7619165887367,2.9223059973446652,7929.787834000308,5848.622466059141
1783295769,100,,Aggregated,45.900000,0.000000,7,12,20,38,73,150,430,6300,7800,7900,7900,5418,0,7,136.81677598829802,2.9223059973446652,7929.787834000308,5855.041712809155
1783295770,100,,Aggregated,44.800000,0.000000,7,12,20,38,72,150,430,6300,7800,7900,7900,5459,0,7,135.9015434174074,2.9223059973446652,7929.787834000308,5847.045246382121
1783295771,100,,Aggregated,45.900000,0.000000,7,12,19,37,72,150,430,6300,7800,7900,7900,5513,0,7,134.69430130341632,2.9223059973446652,7929.787834000308,5858.199891166334
1783295772,100,,Aggregated,45.800000,0.000000,7,12,19,37,71,150,410,6300,7800,7900,7900,5557,0,7,133.71840722021446,2.9223059973446652,7929.787834000308,5868.1239877631815
1783295773,100,,Aggregated,45.200000,0.000000,7,12,19,37,71,150,410,6200,7800,7900,7900,5609,0,7,132.60452166068418,2.9223059973446652,7929.787834000308,5874.379746835443
1783295774,100,,Aggregated,45.000000,0.000000,7,12,18,37,69,150,410,6200,7800,7900,7900,5645,0,7,131.8468821767609,2.9223059973446652,7929.787834000308,5880.534100974313
1783295775,100,,Aggregated,46.500000,0.000000,7,12,18,37,68,140,410,6200,7800,7900,7900,5705,0,7,130.58835778155427,2.9223059973446652,7929.787834000308,5873.968098159509
1783295776,100,,Aggregated,45.700000,0.000000,7,12,18,37,68,140,410,6200,7800,7900,7900,5740,0,7,129.88305472435113,2.9223059973446652,7929.787834000308,5869.713066202091
1783295777,100,,Aggregated,45.700000,0.000000,7,12,18,37,67,140,410,6200,7800,7900,7900,5786,0,7,128.93576012854638,2.9223059973446652,7929.787834000308,5869.392844797788
1783295778,100,,Aggregated,46.700000,0.000000,7,12,18,37,66,140,400,6200,7800,7900,7900,5839,0,7,127.88575664013702,2.9223059973446652,7929.787834000308,5865.778386710053
1783295779,100,,Aggregated,45.000000,0.000000,7,12,18,36,66,140,400,6200,7800,7900,7900,5878,0,7,127.10516145197914,2.9223059973446652,7929.787834000308,5871.375637972099
1783295780,100,,Aggregated,46.700000,0.000000,7,12,17,36,66,140,400,6100,7800,7900,7900,5923,0,7,126.23189433086728,2.9223059973446652,7929.787834000308,5872.411278068546
1783295781,100,,Aggregated,45.700000,0.000000,7,12,18,36,65,140,370,6100,7800,7900,7900,5968,0,7,125.43022543343311,2.9223059973446652,7929.787834000308,5854.478719839142
1783295782,100,,Aggregated,45.500000,0.000000,7,12,17,36,65,130,360,6100,7800,7900,7900,6016,0,7,124.53333599811434,2.9223059973446652,7929.787834000308,5849.349401595745
1783295783,100,,Aggregated,45.600000,0.000000,7,12,17,36,65,130,350,6100,7800,7900,7900,6058,0,7,123.76454353344857,2.9223059973446652,7929.787834000308,5859.587982832618
1783295784,100,,Aggregated,45.600000,0.000000,7,12,17,36,64,130,350,6100,7800,7900,7900,6100,0,7,122.99529728272378,2.9223059973446652,7929.787834000308,5855.948688524591
1783295785,100,,Aggregated,45.600000,0.000000,7,12,17,36,64,130,350,5800,7800,7900,7900,6150,0,7,122.12320556709159,2.9223059973446652,7929.787834000308,5848.847154471545
1783295786,100,,Aggregated,45.200000,0.000000,7,12,17,36,64,130,350,5800,7800,7900,7900,6195,0,7,121.35017756474636,2.9223059973446652,7929.787834000308,5835.7930589184825
1783295787,100,,Aggregated,45.800000,0.000000,7,12,17,36,63,130,350,5800,7800,7900,7900,6240,0,7,120.56393053968256,2.9223059973446652,7929.787834000308,5830.501762820513
1783295788,100,,Aggregated,44.400000,0.000000,7,12,17,36,63,130,340,5800,7800,7900,7900,6285,0,7,119.77483232116596,2.9223059973446652,7929.787834000308,5835.386316626889
1783295789,100,,Aggregated,45.900000,0.000000,7,11,17,36,63,130,330,5800,7800,7900,7900,6328,0,7,119.06154530318472,2.9223059973446652,7929.787834000308,5839.683628318584
1783295790,100,,Aggregated,44.500000,0.000000,7,11,17,35,62,130,330,5800,7800,7900,7900,6375,0,7,118.2721858973382,2.9223059973446652,7929.787834000308,5852.091450980392
1783295791,100,,Aggregated,45.100000,0.000000,7,11,17,35,62,130,320,5500,7800,7900,7900,6415,0,7,117.61170264840206,2.9223059973446652,7929.787834000308,5848.004832424006
1783295792,100,,Aggregated,45.000000,0.000000,7,11,16,35,62,120,320,5500,7800,7900,7900,6455,0,7,116.95038957452246,2.9223059973446652,7929.787834000308,5856.941595662277
1783295793,100,,Aggregated,45.400000,0.000000,7,11,16,35,61,120,310,5500,7800,7900,7900,6507,0,7,116.11584158498006,2.9223059973446652,7929.787834000308,5859.2205317350545
1783295794,100,,Aggregated,44.900000,0.000000,7,11,16,35,61,120,310,5500,7800,7900,7900,6549,0,7,115.45231614681443,2.9223059973446652,7929.787834000308,5869.676286455948
1783295795,100,,Aggregated,44.600000,0.000000,7,11,16,35,61,120,310,5500,7800,7900,7900,6595,0,7,114.73347613865951,2.9223059973446652,7929.787834000308,5867.25913570887
1783295796,100,,Aggregated,44.800000,0.000000,7,11,16,35,60,120,310,5500,7800,7900,7900,6643,0,7,114.0087150625385,2.9223059973446652,7929.787834000308,5864.1704049375285
1783295797,100,,Aggregated,44.300000,0.000000,7,11,16,35,60,120,310,5500,7800,7900,7900,6683,0,7,113.39404024876355,2.9223059973446652,7929.787834000308,5861.922639533143
1783295798,100,,Aggregated,45.200000,0.000000,7,11,16,35,60,120,300,5500,7800,7900,7900,6735,0,7,112.60544675256587,2.9223059973446652,7929.787834000308,5855.118485523385
1783295799,100,,Aggregated,44.500000,0.000000,7,11,16,34,60,120,290,5500,7800,7900,7900,6775,0,7,112.00466215034442,2.9223059973446652,7929.787834000308,5867.646937269373
1783295800,100,,Aggregated,44.700000,0.000000,7,11,16,34,60,120,280,5200,7800,7900,7900,6830,0,7,111.25055152306192,2.9223059973446652,7929.787834000308,5861.844655929722
1783295801,100,,Aggregated,44.400000,0.000000,7,11,16,34,59,120,280,5200,7800,7900,7900,6871,0,7,110.64608657174317,2.9223059973446652,7929.787834000308,5864.966671517974
1783295802,100,,Aggregated,44.400000,0.000000,6,11,16,34,59,120,280,5000,7800,7900,7900,6915,0,6,109.9914072846627,2.9223059973446652,7929.787834000308,5867.764135936371
1783295803,100,,Aggregated,44.900000,0.000000,6,11,15,34,59,120,280,5000,7800,7900,7900,6972,0,6,109.18135064091194,2.9223059973446652,7929.787834000308,5868.114170969593
1783295804,100,,Aggregated,45.300000,0.000000,6,11,15,34,59,120,280,5000,7800,7900,7900,7011,0,6,108.62636456532077,2.9223059973446652,7929.787834000308,5875.86350021395
1783295805,100,,Aggregated,45.200000,0.000000,6,11,15,34,59,120,270,5000,7800,7900,7900,7054,0,6,108.04875169697318,2.9223059973446652,7929.787834000308,5879.444145165863
1783295806,100,,Aggregated,45.800000,0.000000,6,11,15,34,59,120,270,5000,7800,7900,7900,7098,0,6,107.44598054782743,2.9223059973446652,7929.787834000308,5872.15370526909
1783295807,100,,Aggregated,46.200000,0.000000,6,11,15,33,58,110,270,4900,7800,7900,7900,7144,0,6,106.82312544659742,2.9223059973446652,7929.787834000308,5875.825587905935
1783295808,100,,Aggregated,45.400000,0.000000,6,11,15,33,58,110,270,4900,7800,7900,7900,7189,0,6,106.22067778919069,2.9223059973446652,7929.787834000308,5867.706356934205
1783295809,100,,Aggregated,45.000000,0.000000,6,11,15,33,57,110,270,4900,7800,7900,7900,7235,0,6,105.63170986516383,2.9223059973446652,7929.787834000308,5872.540428472702
1783295810,100,,Aggregated,45.900000,0.000000,6,11,15,33,57,110,270,4900,7800,7900,7900,7277,0,6,105.09889419258616,2.9223059973446652,7929.787834000308,5868.4624158307
1783295811,100,,Aggregated,45.500000,0.000000,6,11,15,33,57,110,270,4900,7800,7900,7900,7325,0,6,104.47065052088054,2.9200470016803592,7929.787834000308,5875.952218430034
1783295812,100,,Aggregated,45.700000,0.000000,6,11,15,33,57,110,270,4900,7800,7900,7900,7372,0,6,103.87918574300852,2.9200470016803592,7929.787834000308,5864.505968529571
1783295813,100,,Aggregated,45.500000,0.000000,6,11,15,33,57,110,270,4800,7800,7900,7900,7416,0,6,103.32271907423204,2.9200470016803592,7929.787834000308,5867.370145631068
1783295814,100,,Aggregated,44.800000,0.000000,6,11,15,33,56,110,270,4800,7800,7900,7900,7458,0,6,102.79486140178355,2.9200470016803592,7929.787834000308,5866.935237329043
1783295815,100,,Aggregated,45.000000,0.000000,6,11,15,32,56,110,270,4800,7800,7900,7900,7496,0,6,102.30769925167077,2.9200470016803592,7929.787834000308,5863.309498399146
1783295816,100,,Aggregated,44.700000,0.000000,6,11,15,32,56,110,260,4700,7800,7900,7900,7547,0,6,101.71962460322104,2.9200470016803592,7929.787834000308,5870.951768914801
1783295817,100,,Aggregated,44.300000,0.000000,6,11,15,32,56,110,260,4700,7800,7900,7900,7588,0,6,101.22150879737534,2.9200470016803592,7929.787834000308,5872.326831839747
1783295818,100,,Aggregated,44.200000,0.000000,6,11,14,32,56,110,260,4600,7800,7900,7900,7637,0,6,100.64115204417992,2.8895709983771667,7929.787834000308,5874.077386408276
1783295819,100,,Aggregated,44.900000,0.000000,6,11,14,32,56,110,260,4600,7800,7900,7900,7682,0,6,100.11421760444208,2.8895709983771667,7929.787834000308,5866.62002082791
1783295820,100,,Aggregated,44.000000,0.000000,6,11,14,31,55,100,260,4600,7800,7900,7900,7729,0,6,99.57562955639429,2.8895709983771667,7929.787834000308,5877.14439125372
1783295821,100,,Aggregated,44.600000,0.000000,6,11,14,31,55,100,260,4600,7800,7900,7900,7775,0,6,99.04353650950286,2.8895709983771667,7929.787834000308,5868.234855305466
1783295822,100,,Aggregated,44.500000,0.000000,6,11,14,31,55,100,260,4600,7800,7900,7900,7826,0,6,98.48762069172362,2.8895709983771667,7929.787834000308,5879.81612573473
1783295823,100,,Aggregated,44.400000,0.000000,6,11,14,31,55,100,260,4600,7800,7900,7900,7865,0,6,98.05817775618608,2.8895709983771667,7929.787834000308,5876.457215511761
1783295825,100,,Aggregated,45.600000,0.000000,6,11,14,32,56,100,250,4600,7800,7900,7900,7937,0,6,97.58108734942451,2.8895709983771667,7929.787834000308,5861.111629078997
1783295826,100,,Aggregated,44.200000,0.000000,6,11,14,32,56,100,250,4600,7800,7900,7900,7980,0,6,97.12764805405178,2.8895709983771667,7929.787834000308,5855.100626566416
1783295827,100,,Aggregated,45.400000,0.000000,6,11,14,32,56,100,250,4500,7700,7900,7900,8025,0,6,96.65841196962876,2.8895709983771667,7929.787834000308,5858.658068535826
1783295828,100,,Aggregated,45.400000,0.000000,6,11,14,32,55,100,250,4500,7700,7900,7900,8064,0,6,96.24463062751089,2.8895709983771667,7929.787834000308,5855.995783730159
1783295829,100,,Aggregated,44.400000,0.000000,6,11,14,32,55,100,250,4200,7700,7900,7900,8117,0,6,95.81588346201829,2.8895709983771667,7929.787834000308,5849.72378957743
1783295830,100,,Aggregated,45.000000,0.000000,6,11,14,31,55,100,250,4200,7700,7900,7900,8162,0,6,95.33399404510408,2.8895709983771667,7929.787834000308,5857.114555256065
1783295831,100,,Aggregated,44.500000,0.000000,6,11,14,31,55,100,250,4200,7700,7900,7900,8202,0,6,94.93460047684525,2.8895709983771667,7929.787834000308,5854.510241404536
1783295832,100,,Aggregated,44.900000,0.000000,6,11,14,31,55,100,250,4200,7700,7900,7900,8247,0,6,94.49824022978692,2.8895709983771667,7929.787834000308,5846.552928337577
1783295833,100,,Aggregated,44.700000,0.000000,6,11,14,31,55,100,250,4200,7700,7900,7900,8291,0,6,94.06016130334912,2.8895709983771667,7929.787834000308,5856.335062115547
1783295834,100,,Aggregated,43.900000,0.000000,6,11,14,31,55,100,240,4200,7700,7900,7900,8335,0,6,93.60384786059889,2.8895709983771667,7929.787834000308,5861.2316736652665
1783295835,100,,Aggregated,43.600000,0.000000,6,11,14,31,54,100,240,4200,7700,7900,7900,8384,0,6,93.16169726134518,2.8895709983771667,7929.787834000308,5856.079675572519
1783295836,100,,Aggregated,44.700000,0.000000,6,11,14,31,54,100,240,4200,7700,7900,7900,8426,0,6,92.7544237144705,2.8895709983771667,7929.787834000308,5853.371231901258
1783295837,100,,Aggregated,43.800000,0.000000,6,11,14,31,54,100,240,4200,7700,7900,7900,8482,0,6,92.22956533355377,2.8895709983771667,7929.787834000308,5855.648078283423
1783295838,100,,Aggregated,43.900000,0.000000,6,11,14,31,54,100,230,4200,7700,7900,7900,8519,0,6,91.8956017244046,2.8895709983771667,7929.787834000308,5851.645263528583
1783295839,100,,Aggregated,45.100000,0.000000,6,11,14,30,53,99,230,4200,7700,7900,7900,8566,0,6,91.4570132748365,2.8895709983771667,7929.787834000308,5856.846135886061
1783295840,100,,Aggregated,45.300000,0.000000,6,11,14,30,53,98,230,3900,7700,7900,7900,8611,0,6,91.03834434540914,2.8895709983771667,7929.787834000308,5843.713970502845
1783295841,100,,Aggregated,45.000000,0.000000,6,11,14,30,53,97,230,3900,7700,7900,7900,8661,0,6,90.58641285190677,2.8895709983771667,7929.787834000308,5849.117769310703
1783295842,100,,Aggregated,44.800000,0.000000,6,11,14,30,53,97,230,3900,7700,7900,7900,8700,0,6,90.22531732246105,2.8895709983771667,7929.787834000308,5850.857471264368
1783295843,100,,Aggregated,44.600000,0.000000,6,11,14,30,53,96,230,3900,7700,7900,7900,8746,0,6,89.83370704144069,2.8895709983771667,7929.787834000308,5846.597415961583
1783295844,100,,Aggregated,45.700000,0.000000,6,11,14,30,53,96,230,3900,7700,7900,7900,8795,0,6,89.41568154865487,2.8895709983771667,7929.787834000308,5842.702785673679
1783295845,100,,Aggregated,45.100000,0.000000,6,11,14,30,53,96,230,3900,7700,7900,7900,8841,0,6,89.01384806870965,2.8895709983771667,7929.787834000308,5840.815631715869
1783295846,100,,Aggregated,45.200000,0.000000,6,11,14,29,52,96,230,3900,7700,7900,7900,8890,0,6,88.58463846574485,2.8895709983771667,7929.787834000308,5835.561754780652
1783295847,100,,Aggregated,45.200000,0.000000,6,11,14,29,52,95,230,3800,7700,7900,7900,8930,0,6,88.25048622647863,2.8895709983771667,7929.787834000308,5831.075923852183
1783295848,100,,Aggregated,46.800000,0.000000,6,11,14,28,52,94,220,3800,7700,7900,7900,8974,0,6,87.85136572971324,2.8895709983771667,7929.787834000308,5833.436817472699
1783295849,100,,Aggregated,45.800000,0.000000,6,11,14,28,52,94,220,3500,7700,7900,7900,9031,0,6,87.39895923347946,2.8895709983771667,7929.787834000308,5829.4986158786405
1783295850,100,,Aggregated,44.900000,0.000000,6,11,14,28,52,94,220,3500,7700,7900,7900,9073,0,6,87.04035841283105,2.8895709983771667,7929.787834000308,5830.042102942797
1783295851,100,,Aggregated,45.200000,0.000000,6,11,14,27,52,93,220,3500,7700,7900,7900,9114,0,6,86.68595921369518,2.8895709983771667,7929.787834000308,5822.157559798113
1783295852,100,,Aggregated,46.300000,0.000000,6,11,14,27,51,93,220,3500,7700,7900,7900,9157,0,6,86.33569000170375,2.8895709983771667,7929.787834000308,5817.630665064978
1783295853,100,,Aggregated,46.100000,0.000000,6,11,14,27,51,92,220,3500,7700,7900,7900,9205,0,6,85.94766617986264,2.8895709983771667,7929.787834000308,5821.861814231396
1783295854,100,,Aggregated,45.900000,0.000000,6,11,14,27,51,92,220,3500,7700,7900,7900,9251,0,6,85.59401488212825,2.8895709983771667,7929.787834000308,5821.899578423954
1783295855,100,,Aggregated,45.300000,0.000000,6,11,14,26,51,92,220,3500,7700,7900,7900,9288,0,6,85.28611787807675,2.8895709983771667,7929.787834000308,5819.065353143841
1783295856,100,,Aggregated,45.600000,0.000000,6,11,14,26,51,92,220,3500,7700,7900,7900,9341,0,6,84.87455368478048,2.8895709983771667,7929.787834000308,5819.810512793063
1783295857,100,,Aggregated,45.500000,0.000000,6,11,14,26,51,91,210,3500,7700,7900,7900,9389,0,6,84.51404525110036,2.8895709983771667,7929.787834000308,5815.172329321546
1783295858,100,,Aggregated,44.300000,0.000000,6,11,14,25,51,91,210,3400,7700,7900,7900,9427,0,6,84.21833378790552,2.8895709983771667,7929.787834000308,5813.024822318871
1783295859,100,,Aggregated,44.900000,0.000000,6,11,14,25,51,91,210,3400,7700,7900,7900,9474,0,6,83.87005272383911,2.8895709983771667,7929.787834000308,5824.94025754697
1783295860,100,,Aggregated,45.300000,0.000000,6,11,14,25,51,90,210,3400,7700,7900,7900,9528,0,6,83.44436944990584,2.8895709983771667,7929.787834000308,5818.005772460117
1783295861,100,,Aggregated,45.400000,0.000000,6,11,14,25,50,90,210,3400,7700,7900,7900,9567,0,6,83.1691891430629,2.8895709983771667,7929.787834000308,5833.750182920456
1783295862,100,,Aggregated,44.800000,0.000000,6,11,14,25,50,89,210,3400,7700,7900,7900,9607,0,6,82.87841344506495,2.8895709983771667,7929.787834000308,5835.775268033725
1783295863,100,,Aggregated,45.300000,0.000000,6,11,14,25,50,89,210,3400,7700,7900,7900,9658,0,6,82.534643973674,2.8895709983771667,7929.787834000308,5836.619072271692
1783295864,100,,Aggregated,44.600000,0.000000,6,11,14,25,50,89,210,3400,7700,7900,7900,9692,0,6,82.27902034087319,2.8895709983771667,7929.787834000308,5833.65125877012
1783295865,100,,Aggregated,45.500000,0.000000,6,11,14,24,50,89,210,3400,7700,7900,7900,9748,0,6,81.87942483501976,2.8895709983771667,7929.787834000308,5833.632129667624
1783295866,100,,Aggregated,44.600000,0.000000,6,11,14,24,50,88,210,3400,7700,7900,7900,9784,0,6,81.61443920214646,2.8895709983771667,7929.787834000308,5839.393601798855
1783295867,100,,Aggregated,44.800000,0.000000,6,11,14,24,50,88,210,2500,7700,7900,7900,9824,0,6,81.32697545539806,2.8895709983771667,7929.787834000308,5842.684955211726
1783295868,100,,Aggregated,44.800000,0.000000,6,11,14,24,50,88,210,2500,7700,7900,7900,9875,0,6,80.9879461159352,2.8895709983771667,7929.787834000308,5842.498126582279
1783295869,100,,Aggregated,44.000000,0.000000,6,11,14,23,50,87,210,2000,7700,7900,7900,9922,0,6,80.65546491049132,2.8895709983771667,7929.787834000308,5840.058859100987
1783295870,100,,Aggregated,43.900000,0.000000,6,11,14,23,50,87,200,2000,7700,7900,7900,9964,0,6,80.35720143706287,2.8895709983771667,7929.787834000308,5842.282416700121
1783295871,100,,Aggregated,44.300000,0.000000,6,11,14,23,50,87,200,1800,7700,7900,7900,10004,0,6,80.09555931696441,2.8895709983771667,7929.787834000308,5844.417732906837
1783295872,100,,Aggregated,43.900000,0.000000,6,11,14,23,49,86,200,1800,7700,7900,7900,10059,0,6,79.70234273942984,2.8895709983771667,7929.787834000308,5842.835470722735
1783295873,100,,Aggregated,43.500000,0.000000,6,11,14,23,50,86,200,580,7700,7900,7900,10101,0,6,79.4694031558111,2.8895709983771667,7929.787834000308,5832.892386892387
1783295874,100,,Aggregated,44.400000,0.000000,6,11,14,22,49,86,200,580,7700,7900,7900,10146,0,6,79.1615590503516,2.8895709983771667,7929.787834000308,5836.795781588803
1783295875,100,,Aggregated,44.200000,0.000000,6,11,13,22,49,85,200,580,7700,7900,7900,10195,0,6,78.83684166040436,2.8895709983771667,7929.787834000308,5833.9757724374695
1783295876,100,,Aggregated,43.900000,0.000000,6,11,13,22,49,85,200,560,7700,7900,7900,10249,0,6,78.4764955695926,2.8895709983771667,7929.787834000308,5827.267733437408
1783295877,100,,Aggregated,45.300000,0.000000,6,11,13,22,49,85,200,560,7700,7900,7900,10293,0,6,78.22070386007474,2.8895709983771667,7929.787834000308,5826.6127465267655
1783295878,100,,Aggregated,45.000000,0.000000,6,11,13,22,49,85,200,540,7700,7900,7900,10341,0,6,77.94472641338035,2.8895709983771667,7929.787834000308,5828.760468039842
1783295879,100,,Aggregated,46.100000,0.000000,6,11,13,22,49,84,200,540,7700,7900,7900,10392,0,6,77.63187129587223,2.8895709983771667,7929.787834000308,5827.423883756736
1783295880,100,,Aggregated,46.400000,0.000000,6,11,13,21,49,84,200,510,7700,7900,7900,10439,0,6,77.32780153584149,2.8895709983771667,7929.787834000308,5829.717405881789
1783295881,100,,Aggregated,46.000000,0.000000,6,11,13,21,49,84,200,510,7700,7900,7900,10493,0,6,76.9865827976427,2.8895709983771667,7929.787834000308,5830.052511197941
1783295882,100,,Aggregated,46.100000,0.000000,6,11,13,21,49,84,200,500,7700,7900,7900,10533,0,6,76.73171389629117,2.8895709983771667,7929.787834000308,5836.597550555397
1783295883,100,,Aggregated,46.700000,0.000000,6,11,13,21,49,84,200,500,7700,7900,7900,10569,0,6,76.5140633480562,2.8895709983771667,7929.787834000308,5832.790614059987
1783295884,100,,Aggregated,47.300000,0.000000,6,11,13,20,48,83,200,490,7700,7900,7900,10622,0,6,76.17826041711764,2.8895709983771667,7929.787834000308,5838.8354358877805
1783295885,100,,Aggregated,46.600000,0.000000,6,11,13,20,48,83,200,490,7700,7900,7900,10671,0,6,75.88535233592262,2.8895709983771667,7929.787834000308,5832.91453472027
1783295886,100,,Aggregated,46.800000,0.000000,6,11,13,20,48,83,190,460,7700,7900,7900,10718,0,6,75.6019975978454,2.8895709983771667,7929.787834000308,5831.546743795484
1783295887,100,,Aggregated,46.000000,0.000000,6,11,13,20,48,83,190,460,7700,7900,7900,10755,0,6,75.39323673163233,2.8895709983771667,7929.787834000308,5821.676336587634
1783295888,100,,Aggregated,46.500000,0.000000,6,11,13,20,48,83,190,430,7700,7900,7900,10806,0,6,75.13675172049497,2.8895709983771667,7929.787834000308,5820.665278548954
1783295889,100,,Aggregated,46.400000,0.000000,6,11,13,20,48,83,190,430,7700,7900,7900,10854,0,6,74.90579593723048,2.8895709983771667,7929.787834000308,5824.055555555556
1783295890,100,,Aggregated,45.400000,0.000000,6,11,13,20,48,83,190,430,7700,7900,7900,10895,0,6,74.6806142647743,2.8895709983771667,7929.787834000308,5811.885543827444
1783295891,100,,Aggregated,46.200000,0.000000,6,11,13,20,48,83,190,430,7700,7900,7900,10945,0,6,74.40692127251681,2.8895709983771667,7929.787834000308,5804.45719506624
1783295893,100,,Aggregated,46.100000,0.000000,6,11,13,20,48,83,190,430,7700,7900,7900,10988,0,6,74.16104057149873,2.8895709983771667,7929.787834000308,5816.133236257736
1783295894,100,,Aggregated,45.300000,0.000000,6,11,13,19,48,83,190,430,7600,7900,7900,11030,0,6,73.91911807240017,2.8895709983771667,7929.787834000308,5826.540707162285
1783295895,100,,Aggregated,45.400000,0.000000,6,11,13,19,48,83,190,430,7600,7900,7900,11083,0,6,73.60912131955037,2.8895709983771667,7929.787834000308,5821.562483082198
1783295896,100,,Aggregated,45.400000,0.000000,6,11,13,19,48,82,190,410,7600,7900,7900,11121,0,6,73.39763723438546,2.8895709983771667,7929.787834000308,5828.954590414531
1783295897,100,,Aggregated,45.800000,0.000000,6,11,13,19,48,82,190,410,7600,7900,7900,11168,0,6,73.13962176348231,2.8895709983771667,7929.787834000308,5823.693141117478
1783295898,100,,Aggregated,45.800000,0.000000,6,11,13,19,48,81,180,410,7600,7900,7900,11212,0,6,72.9085700594498,2.8895709983771667,7929.787834000308,5829.019711023903
1783295899,100,,Aggregated,44.800000,0.000000,6,11,13,19,48,81,180,410,7600,7900,7900,11264,0,6,72.6308043476174,2.775714994641021,7929.787834000308,5823.895419034091
1783295900,100,,Aggregated,45.600000,0.000000,6,11,13,19,48,81,180,410,7600,7900,7900,11302,0,6,72.42307222841924,2.775714994641021,7929.787834000308,5823.065032737569
1783295901,100,,Aggregated,45.200000,0.000000,6,11,13,19,47,81,180,410,7600,7900,7900,11355,0,6,72.13954172360478,2.775714994641021,7929.787834000308,5821.898106560986
1783295902,100,,Aggregated,45.200000,0.000000,6,11,13,18,47,80,180,410,7600,7900,7900,11401,0,6,71.89492934870071,2.775714994641021,7929.787834000308,5822.8051048153675
1783295903,100,,Aggregated,45.700000,0.000000,6,11,13,18,47,80,180,410,7600,7900,7900,11444,0,6,71.67682718844235,2.775714994641021,7929.787834000308,5823.104421530933
1783295904,100,,Aggregated,45.600000,0.000000,6,11,13,18,47,80,180,410,7600,7900,7900,11491,0,6,71.43587059364323,2.775714994641021,7929.787834000308,5828.605343312157
1783295905,100,,Aggregated,45.300000,0.000000,6,11,13,18,47,80,180,410,7600,7900,7900,11551,0,6,71.14977780023189,2.775714994641021,7929.787834000308,5832.865899056359
1783295906,100,,Aggregated,45.900000,0.000000,6,11,13,18,47,79,180,410,7600,7900,7900,11590,0,6,70.94737056397585,2.775714994641021,7929.787834000308,5831.152113891286
1783295907,100,,Aggregated,45.700000,0.000000,6,11,13,18,47,79,180,400,7600,7900,7900,11644,0,6,70.67693181170851,2.775714994641021,7929.787834000308,5828.950790106493
1783295908,100,,Aggregated,45.800000,0.000000,6,11,13,18,47,79,180,400,7600,7900,7900,11683,0,6,70.49705364149165,2.775714994641021,7929.787834000308,5828.612599503552
1783295909,100,,Aggregated,46.500000,0.000000,6,11,13,18,47,78,180,400,7600,7900,7900,11737,0,6,70.21008038455552,2.775714994641021,7929.787834000308,5826.4354605094995
1783295910,100,,Aggregated,46.200000,0.000000,6,11,13,18,47,78,180,400,7600,7900,7900,11780,0,6,69.9917928033555,2.775714994641021,7929.787834000308,5822.656196943973
1783295911,100,,Aggregated,46.400000,0.000000,6,11,13,18,47,78,180,400,7600,7900,7900,11817,0,6,69.80578967864042,2.775714994641021,7929.787834000308,5823.381315054582
1783295912,100,,Aggregated,46.900000,0.000000,6,11,13,18,47,78,180,400,7600,7900,7900,11874,0,6,69.51616914430913,2.775714994641021,7929.787834000308,5815.995536466229
1783295913,100,,Aggregated,45.500000,0.000000,6,11,13,18,47,78,180,370,7600,7900,7900,11920,0,6,69.28138807822855,2.775714994641021,7929.787834000308,5814.748993288591
1783295914,100,,Aggregated,46.200000,0.000000,6,11,13,18,47,77,180,370,7600,7900,7900,11960,0,6,69.105934549377,2.775714994641021,7929.787834000308,5811.210953177258
1783295915,100,,Aggregated,47.000000,0.000000,6,11,13,18,47,77,180,360,7600,7900,7900,12011,0,6,68.85271206199431,2.775714994641021,7929.787834000308,5814.061776704687
1783295916,100,,Aggregated,46.300000,0.000000,6,11,13,18,47,77,180,360,7600,7900,7900,12054,0,6,68.65131612133557,2.775714994641021,7929.787834000308,5811.433714949394
1783295917,100,,Aggregated,46.200000,0.000000,6,11,13,18,47,77,180,360,7600,7900,7900,12098,0,6,68.48164910626669,2.775714994641021,7929.787834000308,5818.853033559266
1783295918,100,,Aggregated,46.000000,0.000000,6,11,13,18,47,76,180,350,7600,7900,7900,12142,0,6,68.28655015776212,2.775714994641021,7929.787834000308,5819.882474056993
1783295919,100,,Aggregated,45.400000,0.000000,6,11,13,18,47,76,180,350,7600,7900,7900,12196,0,6,68.04860587443201,2.775714994641021,7929.787834000308,5815.21490652673
1783295920,100,,Aggregated,46.000000,0.000000,6,11,13,18,47,76,180,350,7600,7900,7900,12233,0,6,67.88364928182696,2.775714994641021,7929.787834000308,5815.59298618491
1783295921,100,,Aggregated,45.200000,0.000000,6,11,13,18,47,76,170,350,7600,7900,7900,12281,0,6,67.66909829652445,2.775714994641021,7929.787834000308,5817.359498412181
1783295922,100,,Aggregated,45.300000,0.000000,6,11,13,18,47,76,170,350,7600,7900,7900,12332,0,6,67.46292833463802,2.775714994641021,7929.787834000308,5818.141258514434
1783295923,100,,Aggregated,46.300000,0.000000,6,11,13,18,47,76,170,350,7600,7900,7900,12378,0,6,67.26511951669839,2.775714994641021,7929.787834000308,5813.184359347229
1783295924,100,,Aggregated,45.200000,0.000000,6,11,13,18,47,75,170,350,7600,7900,7900,12423,0,6,67.07531831689188,2.775714994641021,7929.787834000308,5825.284874828946
1783295925,100,,Aggregated,45.600000,0.000000,6,11,13,18,47,75,170,350,7600,7900,7900,12470,0,6,66.87253852780579,2.775714994641021,7929.787834000308,5828.20040096231
1783295926,100,,Aggregated,46.000000,0.000000,6,11,13,18,47,75,170,340,7600,7900,7900,12521,0,6,66.6554933521053,2.775714994641021,7929.787834000308,5828.166520245987
1783295927,100,,Aggregated,45.900000,0.000000,6,11,13,17,46,75,170,340,7600,7900,7900,12560,0,6,66.4774018948792,2.775714994641021,7929.787834000308,5824.448328025478
1783295928,100,,Aggregated,46.300000,0.000000,6,11,13,18,46,75,170,330,7600,7900,7900,12609,0,6,66.28255525741656,2.775714994641021,7929.787834000308,5827.101594099453
1783295929,100,,Aggregated,46.100000,0.000000,6,11,13,17,46,75,170,330,7600,7900,7900,12649,0,6,66.1064348753047,2.775714994641021,7929.787834000308,5824.85785437584
1783295930,100,,Aggregated,46.200000,0.000000,6,11,13,18,46,74,170,330,7600,7900,7900,12695,0,6,65.92448613537823,2.775714994641021,7929.787834000308,5825.826388341867
1783295931,100,,Aggregated,46.500000,0.000000,6,11,13,18,46,74,170,330,7600,7900,7900,12744,0,6,65.74520315894362,2.775714994641021,7929.787834000308,5821.880335844319
1783295932,100,,Aggregated,46.100000,0.000000,6,11,13,18,46,74,170,330,7600,7900,7900,12796,0,6,65.53886683897778,2.775714994641021,7929.787834000308,5825.859487339793
1783295933,100,,Aggregated,45.400000,0.000000,6,11,13,18,46,74,160,320,7600,7900,7900,12845,0,6,65.32834810296114,2.775714994641021,7929.787834000308,5828.230050603348
1783295934,100,,Aggregated,46.600000,0.000000,6,11,13,17,46,74,160,320,7600,7900,7900,12894,0,6,65.1175733319047,2.775714994641021,7929.787834000308,5829.454087172328
1783295935,100,,Aggregated,46.200000,0.000000,6,11,13,17,46,73,160,320,7600,7900,7900,12937,0,6,64.93298514644233,2.775714994641021,7929.787834000308,5832.521681997372
1783295936,100,,Aggregated,46.900000,0.000000,6,11,13,17,46,73,160,320,7600,7900,7900,12980,0,6,64.75376951575065,2.775714994641021,7929.787834000308,5828.065716486903
1783295937,100,,Aggregated,46.100000,0.000000,6,11,13,17,46,73,160,310,7600,7900,7900,13026,0,6,64.56591915226042,2.775714994641021,7929.787834000308,5821.4637647781365
1783295938,100,,Aggregated,46.500000,0.000000,6,11,13,17,46,73,160,310,7600,7900,7900,13071,0,6,64.4057558916951,2.775714994641021,7929.787834000308,5815.882946981868
1783295939,100,,Aggregated,46.200000,0.000000,6,11,13,17,46,73,160,310,7600,7900,7900,13114,0,6,64.25471254974298,2.775714994641021,7929.787834000308,5813.747445478115
1783295940,100,,Aggregated,45.800000,0.000000,6,11,13,17,46,73,160,310,7600,7900,7900,13160,0,6,64.07109273026889,2.775714994641021,7929.787834000308,5816.281306990882
1783295941,100,,Aggregated,46.300000,0.000000,6,11,13,17,46,72,160,310,7600,7900,7900,13210,0,6,63.88869169586115,2.775714994641021,7929.787834000308,5809.433913701741
1783295942,100,,Aggregated,46.100000,0.000000,6,11,13,17,46,72,160,310,7600,7900,7900,13252,0,6,63.716431082201176,2.775714994641021,7929.787834000308,5807.476003622095
1783295943,100,,Aggregated,46.600000,0.000000,6,11,13,17,46,72,160,310,7600,7900,7900,13300,0,6,63.546293422737754,2.775714994641021,7929.787834000308,5806.177819548872
1783295944,100,,Aggregated,45.700000,0.000000,6,11,13,17,46,72,160,310,7600,7900,7900,13343,0,6,63.372975812070855,2.775714994641021,7929.787834000308,5803.84253915911
1783295945,100,,Aggregated,44.300000,0.000000,6,11,13,17,46,73,160,310,7600,7900,7900,13400,0,6,63.26742932951593,2.775714994641021,7929.787834000308,5807.83395522388
1783295946,100,,Aggregated,44.900000,0.000000,6,11,13,17,46,72,160,310,7600,7900,7900,13446,0,6,63.092888005688756,2.775714994641021,7929.787834000308,5811.3619663840545
1783295947,100,,Aggregated,45.300000,0.000000,6,11,13,17,46,72,160,310,7600,7900,7900,13485,0,6,62.939940887757736,2.775714994641021,7929.787834000308,5812.3624026696325
1783295948,100,,Aggregated,45.500000,0.000000,6,11,13,17,46,72,160,310,7600,7900,7900,13537,0,6,62.75687611379258,2.775714994641021,7929.787834000308,5808.611583068627
1783295949,100,,Aggregated,45.300000,0.000000,6,11,13,17,46,72,160,310,7600,7900,7900,13579,0,6,62.617643446822726,2.775714994641021,7929.787834000308,5810.838279696591
1783295950,100,,Aggregated,45.100000,0.000000,6,11,13,17,46,72,160,300,7600,7900,7900,13627,0,6,62.44823588107517,2.775714994641021,7929.787834000308,5815.319512732076
1783295951,100,,Aggregated,45.100000,0.000000,6,11,13,17,46,72,160,300,7600,7900,7900,13679,0,6,62.273064583989836,2.775714994641021,7929.787834000308,5808.967468382191
1783295952,100,,Aggregated,44.600000,0.000000,6,11,13,17,46,72,160,290,7600,7900,7900,13720,0,6,62.11953038253675,2.775714994641021,7929.787834000308,5805.563483965015
1783295953,100,,Aggregated,44.800000,0.000000,6,11,13,17,46,72,160,290,7600,7900,7900,13773,0,6,61.92741465595348,2.775714994641021,7929.787834000308,5794.964568358382
1783295954,100,,Aggregated,45.400000,0.000000,6,11,13,17,46,72,160,280,7600,7900,7900,13818,0,6,61.75637488387716,2.775714994641021,7929.787834000308,5794.1377189173545
1783295955,100,,Aggregated,46.600000,0.000000,6,11,13,17,46,72,160,280,7600,7900,7900,13863,0,6,61.58470532700943,2.775714994641021,7929.787834000308,5799.1822837769605
1783295956,100,,Aggregated,45.400000,0.000000,6,11,13,17,46,71,160,280,7600,7900,7900,13907,0,6,61.42879786426378,2.775714994641021,7929.787834000308,5799.078233982887
1783295957,100,,Aggregated,45.800000,0.000000,6,11,13,17,46,71,160,280,7600,7900,7900,13954,0,6,61.2784626872083,2.775714994641021,7929.787834000308,5795.810663609001
1783295958,100,,Aggregated,45.400000,0.000000,6,11,13,17,46,71,160,280,7600,7900,7900,13998,0,6,61.132584016883754,2.775714994641021,7929.787834000308,5794.920417202457
1783295959,100,,Aggregated,45.700000,0.000000,6,11,13,17,46,71,160,280,7600,7900,7900,14044,0,6,60.97164008696509,2.775714994641021,7929.787834000308,5793.369766448305
1783295960,100,,Aggregated,46.300000,0.000000,6,11,13,17,46,71,160,280,7600,7900,7900,14085,0,6,60.838307344002715,2.775714994641021,7929.787834000308,5784.53454029109
1783295961,100,,Aggregated,44.900000,0.000000,6,11,13,17,46,71,150,280,7600,7900,7900,14138,0,6,60.66678017281781,2.775714994641021,7929.787834000308,5789.911868722592
1783295962,100,,Aggregated,46.700000,0.000000,6,11,13,17,46,71,150,280,7600,7900,7900,14193,0,6,60.485047612083456,2.775714994641021,7929.787834000308,5791.95983935743
1783295963,100,,Aggregated,45.700000,0.000000,6,11,13,17,46,71,150,280,7600,7900,7900,14226,0,6,60.37675756293434,2.775714994641021,7929.787834000308,5789.590046393927
1783295964,100,,Aggregated,46.000000,0.000000,6,11,13,17,46,71,150,280,7600,7900,7900,14278,0,6,60.2085913876146,2.775714994641021,7929.787834000308,5788.317481439977
1783295965,100,,Aggregated,46.400000,0.000000,6,11,13,17,46,71,150,270,7600,7900,7900,14313,0,6,60.09351908323612,2.775714994641021,7929.787834000308,5787.898553762314
1783295966,100,,Aggregated,45.900000,0.000000,6,11,13,17,46,71,150,270,7600,7900,7900,14361,0,6,59.92034817146213,2.775714994641021,7929.787834000308,5789.395794164751
1783295967,100,,Aggregated,45.900000,0.000000,6,11,13,17,46,71,150,270,7600,7900,7900,14415,0,6,59.74425887918049,2.775714994641021,7929.787834000308,5790.9648283038505
1783295968,100,,Aggregated,45.000000,0.000000,6,11,13,17,45,70,150,270,7600,7900,7900,14459,0,6,59.5970066390079,2.775714994641021,7929.787834000308,5790.232035410471
1783295969,100,,Aggregated,45.700000,0.000000,6,11,13,17,45,70,150,270,7600,7900,7900,14504,0,6,59.445441171568454,2.775714994641021,7929.787834000308,5789.0232349696635
1783295970,100,,Aggregated,45.300000,0.000000,6,11,13,17,45,70,150,270,7600,7900,7900,14550,0,6,59.32381114806949,2.775714994641021,7929.787834000308,5789.145223367697
1783295971,100,,Aggregated,47.100000,0.000000,6,11,13,17,45,70,150,270,7600,7900,7900,14596,0,6,59.17357759094479,2.775714994641021,7929.787834000308,5795.320293231022
1783295972,100,,Aggregated,45.200000,0.000000,6,11,13,17,45,70,150,270,7600,7900,7900,14647,0,6,59.00411433374885,2.775714994641021,7929.787834000308,5795.143510616508
1783295973,100,,Aggregated,46.700000,0.000000,6,11,13,17,45,70,150,270,7600,7900,7900,14686,0,6,58.88688732237526,2.775714994641021,7929.787834000308,5795.976031594716
1783295974,100,,Aggregated,44.900000,0.000000,6,11,13,17,45,69,150,270,7600,7900,7900,14738,0,6,58.72143887002336,2.775714994641021,7929.787834000308,5800.906771610802
1783295975,100,,Aggregated,45.500000,0.000000,6,11,13,17,45,69,150,270,7600,7900,7900,14781,0,6,58.573026739762916,2.775714994641021,7929.787834000308,5806.3175698531895
1783295976,100,,Aggregated,45.500000,0.000000,6,11,13,17,45,69,150,270,7600,7900,7900,14827,0,6,58.42714332349225,2.775714994641021,7929.787834000308,5804.7437107978685
1783295977,100,,Aggregated,45.800000,0.000000,6,11,13,17,45,69,150,270,7600,7900,7900,14880,0,6,58.26776357260862,2.775714994641021,7929.787834000308,5799.9573924731185
1783295978,100,,Aggregated,46.700000,0.000000,6,11,13,17,45,69,140,270,7600,7900,7900,14922,0,6,58.13956626668159,2.775714994641021,7929.787834000308,5801.045168208015
1783295979,100,,Aggregated,46.200000,0.000000,6,11,13,17,45,69,140,270,7600,7900,7900,14967,0,6,58.00499475796511,2.775714994641021,7929.787834000308,5804.204249348567
1783295980,100,,Aggregated,47.300000,0.000000,6,11,13,17,45,69,140,270,7600,7900,7900,15009,0,6,57.88072103434703,2.775714994641021,7929.787834000308,5805.290892131387
1783295981,100,,Aggregated,45.500000,0.000000,6,11,13,17,45,68,140,270,7600,7900,7900,15057,0,6,57.74400121993175,2.775714994641021,7929.787834000308,5806.983197184034
1783295982,100,,Aggregated,46.500000,0.000000,6,11,13,17,45,68,140,270,7600,7900,7900,15092,0,6,57.633741001227264,2.775714994641021,7929.787834000308,5811.838126159555
1783295983,100,,Aggregated,45.900000,0.000000,6,11,13,17,45,68,140,270,7600,7900,7900,15147,0,6,57.47514783531336,2.775714994641021,7929.787834000308,5817.787482669835
1783295984,100,,Aggregated,46.500000,0.000000,6,11,13,17,45,68,140,270,7600,7900,7900,15191,0,6,57.351759281386016,2.775714994641021,7929.787834000308,5817.03923375683
1783295985,100,,Aggregated,44.900000,0.000000,6,11,13,17,45,68,140,260,7600,7900,7900,15240,0,6,57.199263526607986,2.775714994641021,7929.787834000308,5821.435433070867
1783295986,100,,Aggregated,45.600000,0.000000,6,11,13,17,45,68,140,260,7600,7900,7900,15286,0,6,57.06706815946007,2.775714994641021,7929.787834000308,5816.558877404161
1783295987,100,,Aggregated,45.000000,0.000000,6,11,13,17,45,68,140,260,7600,7900,7900,15333,0,6,56.9380357573491,2.775714994641021,7929.787834000308,5819.365355768604
1783295988,100,,Aggregated,45.100000,0.000000,6,11,13,17,45,68,140,260,7600,7900,7900,15369,0,6,56.83370063142731,2.775714994641021,7929.787834000308,5818.468085106383
1783295989,100,,Aggregated,45.100000,0.000000,6,11,13,17,45,68,140,260,7600,7900,7900,15417,0,6,56.702809795898474,2.775714994641021,7929.787834000308,5816.093338522411
1783295990,100,,Aggregated,44.400000,0.000000,6,11,13,17,45,68,140,260,7600,7900,7900,15463,0,6,56.57024842012446,2.775714994641021,7929.787834000308,5818.355429088792
1783295991,100,,Aggregated,44.200000,0.000000,6,11,13,16,45,68,140,260,7600,7900,7900,15517,0,6,56.42041784419097,2.775714994641021,7929.787834000308,5813.845008700136
1783295992,100,,Aggregated,45.300000,0.000000,6,11,13,16,45,67,140,260,7600,7900,7900,15563,0,6,56.28430776760611,2.775714994641021,7929.787834000308,5816.3985735398055
1783295993,100,,Aggregated,44.800000,0.000000,6,11,13,16,45,67,140,260,7600,7900,7900,15604,0,6,56.16762136280883,2.775714994641021,7929.787834000308,5818.508395283261
1783295994,100,,Aggregated,45.800000,0.000000,6,11,13,16,45,67,140,260,7600,7900,7900,15662,0,6,56.00326663723193,2.775714994641021,7929.787834000308,5816.953773464436
1783295995,100,,Aggregated,46.000000,0.000000,6,11,13,16,45,67,140,260,7600,7900,7900,15700,0,6,55.89332818237925,2.775714994641021,7929.787834000308,5815.766942675159
1783295996,100,,Aggregated,45.500000,0.000000,6,11,13,16,45,67,140,260,7600,7900,7900,15749,0,6,55.75322481074368,2.775714994641021,7929.787834000308,5822.351196901391
1783295997,100,,Aggregated,46.700000,0.000000,6,11,13,16,45,67,140,260,7600,7900,7900,15793,0,6,55.634653077334136,2.775714994641021,7929.787834000308,5825.739758120686
1783295998,100,,Aggregated,46.000000,0.000000,6,11,13,16,45,67,140,260,7600,7900,7900,15834,0,6,55.51442097488374,2.775714994641021,7929.787834000308,5829.052039914109
1783295999,100,,Aggregated,46.300000,0.000000,6,11,13,16,45,66,140,260,7600,7900,7900,15876,0,6,55.39136155784743,2.775714994641021,7929.787834000308,5828.683358528597
1783296000,100,,Aggregated,46.300000,0.000000,6,11,13,16,45,66,140,260,7600,7900,7900,15923,0,6,55.27018522504481,2.775714994641021,7929.787834000308,5825.014884129875
1783296001,100,,Aggregated,46.400000,0.000000,6,11,13,16,45,66,130,260,7600,7900,7900,15976,0,6,55.13706731330847,2.775714994641021,7929.787834000308,5826.0782423635455
1783296002,100,,Aggregated,45.400000,0.000000,6,10,13,16,45,66,130,250,7600,7900,7900,16025,0,6,54.997170833037515,2.775714994641021,7929.787834000308,5822.607238689548
1783296003,100,,Aggregated,45.600000,0.000000,6,10,13,16,45,66,130,250,7600,7900,7900,16065,0,6,54.89166864334957,2.775714994641021,7929.787834000308,5820.705944600062
1783296004,100,,Aggregated,45.700000,0.000000,6,10,13,16,45,66,130,250,7600,7900,7900,16114,0,6,54.761065293501645,2.775714994641021,7929.787834000308,5815.340697530098
1783296005,100,,Aggregated,46.000000,0.000000,6,10,13,16,45,66,130,250,7600,7900,7900,16159,0,6,54.64679972129853,2.775714994641021,7929.787834000308,5816.554861068135
1783296006,100,,Aggregated,45.900000,0.000000,6,10,13,16,45,66,130,250,7600,7900,7900,16205,0,6,54.52298201693567,2.775714994641021,7929.787834000308,5819.478926257328
1783296007,100,,Aggregated,45.100000,0.000000,6,10,13,16,45,66,130,250,7600,7900,7900,16251,0,6,54.41427308907226,2.775714994641021,7929.787834000308,5819.215617500461
1783296008,100,,Aggregated,46.000000,0.000000,6,10,13,16,44,66,130,250,7600,7900,7900,16302,0,6,54.28623859811765,2.775714994641021,7929.787834000308,5818.211323763955
1783296010,100,,Aggregated,45.200000,0.000000,6,10,13,16,45,66,130,250,7600,7900,7900,16369,0,6,54.15584790497384,2.775714994641021,7929.787834000308,5820.567230741035
1783296011,100,,Aggregated,46.600000,0.000000,6,10,13,16,45,66,130,250,7600,7900,7900,16412,0,6,54.046158286284395,2.775714994641021,7929.787834000308,5821.9702656592735
1783296012,100,,Aggregated,47.300000,0.000000,6,10,13,16,45,66,130,250,7600,7900,7900,16457,0,6,53.934997378044876,2.775714994641021,7929.787834000308,5820.37886613599
1783296013,100,,Aggregated,47.200000,0.000000,6,10,13,16,45,65,130,250,7600,7900,7900,16499,0,6,53.830962623945524,2.775714994641021,7929.787834000308,5818.597430147282
1783296014,100,,Aggregated,45.600000,0.000000,6,10,13,16,45,65,130,250,7600,7900,7900,16553,0,6,53.69798581390434,2.775714994641021,7929.787834000308,5816.321029420649
1783296015,100,,Aggregated,45.600000,0.000000,6,10,13,16,44,65,130,250,7600,7900,7900,16592,0,6,53.59274153818633,2.775714994641021,7929.787834000308,5817.296227097397
1783296016,100,,Aggregated,46.500000,0.000000,6,10,13,16,44,65,130,250,7600,7900,7900,16637,0,6,53.49503031601695,2.775714994641021,7929.787834000308,5811.402476408006
1783296017,100,,Aggregated,45.900000,0.000000,6,10,13,16,44,65,130,250,7600,7900,7900,16686,0,6,53.37336076144543,2.775714994641021,7929.787834000308,5813.341064365336
1783296018,100,,Aggregated,45.800000,0.000000,6,10,13,16,44,65,130,250,7600,7900,7900,16725,0,6,53.282029272374,2.775714994641021,7929.787834000308,5811.769626307922
1783296019,100,,Aggregated,45.800000,0.000000,6,10,13,16,44,65,130,250,7600,7900,7900,16774,0,6,53.15555895257525,2.775714994641021,7929.787834000308,5810.05979492071
1783296020,100,,Aggregated,45.500000,0.000000,6,10,13,16,44,65,130,240,7600,7900,7900,16826,0,6,53.023491126738115,2.775714994641021,7929.787834000308,5807.786461428741
1783296021,100,,Aggregated,45.300000,0.000000,6,10,13,16,44,65,130,240,7600,7900,7900,16884,0,6,52.88521832264545,2.775714994641021,7929.787834000308,5808.729921819474
1783296022,100,,Aggregated,45.300000,0.000000,6,10,13,16,44,65,130,240,7600,7900,7900,16921,0,6,52.79083853912805,2.775714994641021,7929.787834000308,5812.861592104486
1783296023,100,,Aggregated,46.000000,0.000000,6,10,13,16,44,65,130,240,7600,7900,7900,16968,0,6,52.67723192170733,2.775714994641021,7929.787834000308,5816.168375766148
1783296024,100,,Aggregated,46.300000,0.000000,6,10,13,16,44,65,130,240,7600,7900,7900,17020,0,6,52.54310248375867,2.775714994641021,7929.787834000308,5813.579142185664
1783296025,100,,Aggregated,46.700000,0.000000,6,10,13,16,44,65,130,240,7600,7900,7900,17064,0,6,52.44040568838495,2.775714994641021,7929.787834000308,5814.6095288326305
1783296026,100,,Aggregated,46.500000,0.000000,6,10,13,16,44,65,130,240,7600,7900,7900,17116,0,6,52.32674945680226,2.775714994641021,7929.787834000308,5813.458459920542
1783296027,100,,Aggregated,46.500000,0.000000,6,10,13,16,44,65,120,240,7600,7900,7900,17166,0,6,52.200067845839435,2.775714994641021,7929.787834000308,5811.97774670861
1783296028,100,,Aggregated,47.100000,0.000000,6,10,13,16,44,65,120,240,7600,7900,7900,17199,0,6,52.12199741099287,2.775714994641021,7929.787834000308,5816.213675213675
1783296029,100,,Aggregated,47.600000,0.000000,6,10,13,16,44,64,120,230,7600,7900,7900,17248,0,6,51.994718945540434,2.775714994641021,7929.787834000308,5816.196196660482
1783296030,100,,Aggregated,47.900000,0.000000,6,10,13,16,44,65,120,230,7600,7900,7900,17298,0,6,51.894666081028745,2.775714994641021,7929.787834000308,5813.116314024743
1783296031,100,,Aggregated,47.500000,0.000000,6,10,13,16,44,64,120,230,7600,7900,7900,17345,0,6,51.79036761814497,2.775714994641021,7929.787834000308,5810.8635341597
1783296032,100,,Aggregated,46.800000,0.000000,6,10,13,16,44,64,120,230,7600,7900,7900,17396,0,6,51.6795422204403,2.775714994641021,7929.787834000308,5805.175040239135
1783296033,100,,Aggregated,46.100000,0.000000,6,10,13,16,44,64,120,230,7600,7900,7900,17440,0,6,51.59812347108427,2.775714994641021,7929.787834000308,5802.4765481651375
1783296034,100,,Aggregated,47.700000,0.000000,6,10,13,16,44,64,120,230,7600,7900,7900,17486,0,6,51.495749626027624,2.775714994641021,7929.787834000308,5802.392256662472
1783296035,100,,Aggregated,47.000000,0.000000,6,10,13,16,44,64,120,230,7600,7900,7900,17532,0,6,51.3874874474561,2.775714994641021,7929.787834000308,5804.23026465891
1783296036,100,,Aggregated,47.100000,0.000000,6,10,13,16,44,64,120,230,7600,7900,7900,17580,0,6,51.276184695498046,2.775714994641021,7929.787834000308,5806.2
1783296037,100,,Aggregated,47.100000,0.000000,6,10,13,16,44,64,120,230,7600,7900,7900,17626,0,6,51.17484136224283,2.775714994641021,7929.787834000308,5805.586746851242
1783296038,100,,Aggregated,47.000000,0.000000,6,10,13,16,44,64,120,230,7600,7900,7900,17678,0,6,51.05131181671902,2.775714994641021,7929.787834000308,5806.302862314741
1783296039,100,,Aggregated,46.400000,0.000000,6,10,13,16,44,64,120,230,7600,7900,7900,17720,0,6,50.9596395427755,2.775714994641021,7929.787834000308,5804.760948081264
1783296040,100,,Aggregated,46.400000,0.000000,6,10,13,16,44,64,120,230,7600,7900,7900,17760,0,6,50.879825151295755,2.775714994641021,7929.787834000308,5800.95259009009
1783296041,100,,Aggregated,46.800000,0.000000,6,10,13,16,44,64,120,230,7600,7900,7900,17811,0,6,50.77574474251893,2.775714994641021,7929.787834000308,5798.592667452698
1783296042,100,,Aggregated,46.000000,0.000000,6,10,13,16,44,64,120,230,7600,7900,7900,17855,0,6,50.68122173520023,2.775714994641021,7929.787834000308,5801.251750210025
1783296043,100,,Aggregated,47.000000,0.000000,6,10,13,16,44,64,120,230,7600,7900,7900,17905,0,6,50.57346867601422,2.775714994641021,7929.787834000308,5796.65836358559
1783296044,100,,Aggregated,45.700000,0.000000,6,10,13,16,44,64,120,230,7600,7900,7900,17950,0,6,50.48841440556866,2.775714994641021,7929.787834000308,5797.922451253482
1783296045,100,,Aggregated,45.800000,0.000000,6,10,13,16,44,64,120,230,7600,7900,7900,17991,0,6,50.40147063237013,2.775714994641021,7929.787834000308,5794.56650547496
1783296046,100,,Aggregated,45.600000,0.000000,6,10,13,16,44,64,120,230,7600,7900,7900,18040,0,6,50.305426822284595,2.775714994641021,7929.787834000308,5791.340243902439
1783296047,100,,Aggregated,45.800000,0.000000,6,10,13,16,44,64,120,230,7600,7900,7900,18088,0,6,50.211674030464955,2.775714994641021,7929.787834000308,5789.748286156568
1783296048,100,,Aggregated,44.900000,0.000000,6,10,13,16,44,64,120,220,7600,7900,7900,18133,0,6,50.11918742646267,2.775714994641021,7929.787834000308,5792.284178017978
1783296049,100,,Aggregated,45.600000,0.000000,6,10,13,16,44,64,120,220,7600,7900,7900,18181,0,6,50.030208631373775,2.775714994641021,7929.787834000308,5794.262746823607
1783296050,100,,Aggregated,46.000000,0.000000,6,10,13,16,44,63,120,220,7600,7900,7900,18227,0,6,49.923869367969466,2.775714994641021,7929.787834000308,5793.9448620178855
1783296051,100,,Aggregated,45.600000,0.000000,6,10,13,16,44,64,120,220,7600,7900,7900,18278,0,6,49.83727898779879,2.775714994641021,7929.787834000308,5798.379034905351
1783296052,100,,Aggregated,46.100000,0.000000,6,10,13,16,44,63,120,220,7600,7900,7900,18331,0,6,49.72603806387933,2.775714994641021,7929.787834000308,5800.348317058535
1783296053,100,,Aggregated,45.400000,0.000000,6,10,13,16,44,63,120,220,7600,7900,7900,18369,0,6,49.663123189934254,2.775714994641021,7929.787834000308,5796.98562796015
1783296054,100,,Aggregated,45.200000,0.000000,6,10,13,16,44,63,120,220,7600,7900,7900,18410,0,6,49.582855689292956,2.775714994641021,7929.787834000308,5796.401195002716
1783296055,100,,Aggregated,45.600000,0.000000,6,10,13,16,44,63,120,220,7600,7900,7900,18464,0,6,49.472237028590826,2.775714994641021,7929.787834000308,5793.6776971403815
1783296056,100,,Aggregated,45.900000,0.000000,6,10,13,16,44,63,120,220,7600,7900,7900,18510,0,6,49.383087808264776,2.775714994641021,7929.787834000308,5793.583144246353
1783296057,100,,Aggregated,45.500000,0.000000,6,10,13,16,44,63,120,220,7600,7900,7900,18564,0,6,49.27443501362601,2.775714994641021,7929.787834000308,5790.525479422538
1783296058,100,,Aggregated,45.800000,0.000000,6,10,13,16,44,63,120,220,7600,7900,7900,18609,0,6,49.18580524445318,2.775714994641021,7929.787834000308,5791.952872266108
1783296059,100,,Aggregated,45.400000,0.000000,6,10,13,16,44,63,120,220,7600,7900,7900,18653,0,6,49.104927703051786,2.775714994641021,7929.787834000308,5789.736557122179
1783296060,100,,Aggregated,45.900000,0.000000,6,10,13,16,44,63,120,220,7600,7900,7900,18702,0,6,49.00274198005436,2.775714994641021,7929.787834000308,5789.3797989519835
1783296061,100,,Aggregated,46.300000,0.000000,6,10,13,16,44,63,120,220,7600,7900,7900,18738,0,6,48.93741823577841,2.775714994641021,7929.787834000308,5793.304514889529
1783296062,100,,Aggregated,46.000000,0.000000,6,10,13,16,44,63,120,220,7600,7900,7900,18785,0,6,48.84661550353788,2.775714994641021,7929.787834000308,5800.951237689646
1783296063,100,,Aggregated,46.600000,0.000000,6,10,13,16,44,63,120,220,7600,7900,7900,18836,0,6,48.76293700960441,2.775714994641021,7929.787834000308,5793.227330643449
1783296064,100,,Aggregated,46.200000,0.000000,6,10,13,16,44,63,120,220,7600,7900,7900,18880,0,6,48.674957063607415,2.775714994641021,7929.787834000308,5786.556885593221
1783296065,100,,Aggregated,46.200000,0.000000,6,10,13,16,44,63,120,210,7600,7900,7900,18925,0,6,48.58408580364151,2.775714994641021,7929.787834000308,5782.023725231175
1783296066,100,,Aggregated,45.800000,0.000000,6,10,13,16,44,63,120,210,7600,7900,7900,18969,0,6,48.50513547851301,2.775714994641021,7929.787834000308,5785.413674943328
1783296067,100,,Aggregated,46.300000,0.000000,6,10,13,16,44,63,120,210,7600,7900,7900,19026,0,6,48.3974017356216,2.775714994641021,7929.787834000308,5788.435404183749
1783296068,100,,Aggregated,46.600000,0.000000,6,10,13,16,44,63,120,210,7600,7900,7900,19074,0,6,48.30698389304406,2.775714994641021,7929.787834000308,5788.042780748663
1783296069,100,,Aggregated,46.100000,0.000000,6,10,13,16,44,63,110,210,7600,7900,7900,19114,0,6,48.22866613915812,2.775714994641021,7929.787834000308,5789.142722611698
1783296072,100,,Aggregated,46.200000,0.000000,6,10,13,16,44,65,130,230,7600,7900,7900,19200,0,6,48.71987718901058,2.775714994641021,7929.787834000308,5789.381510416667
1783296073,100,,Aggregated,40.600000,0.000000,6,10,13,16,44,65,130,230,7600,7900,7900,19232,0,6,48.65769415952678,2.775714994641021,7929.787834000308,5790.176632695508
1783296074,100,,Aggregated,45.200000,0.000000,6,10,13,16,44,65,130,230,7600,7900,7900,19286,0,6,48.56230893835129,2.775714994641021,7929.787834000308,5785.445504511044
1783296075,100,,Aggregated,43.500000,0.000000,6,10,13,16,44,65,130,230,7600,7900,7900,19335,0,6,48.474767195038844,2.775714994641021,7929.787834000308,5788.827049392294
1783296076,100,,Aggregated,44.000000,0.000000,6,10,13,16,44,65,130,230,7600,7900,7900,19376,0,6,48.39392293806961,2.775714994641021,7929.787834000308,5786.109826589595
1783296077,100,,Aggregated,44.400000,0.000000,6,10,13,16,44,65,130,230,7600,7900,7900,19424,0,6,48.305361127834495,2.775714994641021,7929.787834000308,5783.83067339374
1783296078,100,,Aggregated,43.700000,0.000000,6,10,13,16,44,65,130,230,7600,7900,7900,19475,0,6,48.21877767209879,2.775714994641021,7929.787834000308,5784.319845956355
1783296079,100,,Aggregated,44.400000,0.000000,6,10,13,16,44,65,130,230,7600,7900,7900,19522,0,6,48.145639746394046,2.775714994641021,7929.787834000308,5786.716627394734
1783296080,100,,Aggregated,44.000000,0.000000,6,10,13,16,44,65,130,230,7600,7900,7900,19566,0,6,48.06393560007604,2.775714994641021,7929.787834000308,5785.858734539507
1783296081,100,,Aggregated,43.900000,0.000000,6,10,13,16,44,65,130,230,7600,7900,7900,19613,0,6,47.98237357671354,2.775714994641021,7929.787834000308,5786.913016876561
1783296082,100,,Aggregated,44.900000,0.000000,6,10,13,16,44,65,130,230,7600,7900,7900,19660,0,6,47.89237198006627,2.775714994641021,7929.787834000308,5789.365717192269
1783296083,100,,Aggregated,49.700000,0.000000,6,10,13,16,44,65,130,230,7600,7900,7900,19697,0,6,47.82878120409707,2.775714994641021,7929.787834000308,5788.776514189978
1783296084,100,,Aggregated,45.300000,0.000000,6,10,13,16,44,64,130,230,7600,7900,7900,19752,0,6,47.727525543242116,2.775714994641021,7929.787834000308,5790.164388416363
1783296085,100,,Aggregated,46.300000,0.000000,6,10,13,16,44,64,130,230,7600,7900,7900,19791,0,6,47.65595767824592,2.775714994641021,7929.787834000308,5788.74897680764
1783296086,100,,Aggregated,46.300000,0.000000,6,10,13,16,44,64,120,230,7600,7900,7900,19833,0,6,47.58153515379655,2.775714994641021,7929.787834000308,5786.0821358342155
1783296087,100,,Aggregated,45.600000,0.000000,6,10,13,16,44,64,120,230,7600,7900,7900,19880,0,6,47.50650197204611,2.775714994641021,7929.787834000308,5786.4419517102615
1783296088,100,,Aggregated,45.500000,0.000000,6,10,13,16,44,64,120,230,7600,7900,7900,19924,0,6,47.42270016233221,2.775714994641021,7929.787834000308,5788.607759486047
1783296089,100,,Aggregated,45.600000,0.000000,6,10,13,16,44,64,120,230,7600,7900,7900,19971,0,6,47.33669424872594,2.775714994641021,7929.787834000308,5790.903359871814
1783296090,100,,Aggregated,45.000000,0.000000,6,10,13,16,44,64,120,230,7500,7900,7900,20013,0,6,47.266061316163366,2.775714994641021,7929.787834000308,5791.34712436916
1783296091,100,,Aggregated,44.900000,0.000000,6,10,13,16,44,64,120,230,7500,7900,7900,20068,0,6,47.16941552931893,2.775714994641021,7929.787834000308,5787.103946581622
1783296092,100,,Aggregated,44.700000,0.000000,6,10,13,16,44,64,120,230,7500,7900,7900,20111,0,6,47.0938716324584,2.775714994641021,7929.787834000308,5786.822733827259
1783296093,100,,Aggregated,45.300000,0.000000,6,10,13,16,44,64,120,230,7500,7900,7900,20156,0,6,47.01296942425839,2.775714994641021,7929.787834000308,5787.211996427863
1783296094,100,,Aggregated,45.200000,0.000000,6,10,13,16,44,64,120,230,7500,7900,7900,20206,0,6,46.93462101253861,2.775714994641021,7929.787834000308,5788.648569731763
1783296095,100,,Aggregated,45.400000,0.000000,6,10,13,16,44,64,120,230,7500,7900,7900,20242,0,6,46.87631761502472,2.775714994641021,7929.787834000308,5786.396304712973
1783296096,100,,Aggregated,45.200000,0.000000,6,10,13,16,44,64,120,230,7500,7900,7900,20296,0,6,46.78912767586264,2.775714994641021,7929.787834000308,5787.317402443831
1783296097,100,,Aggregated,45.100000,0.000000,6,10,13,16,44,64,120,230,7500,7900,7900,20344,0,6,46.7026726603552,2.775714994641021,7929.787834000308,5789.148495871019
1783296098,100,,Aggregated,46.400000,0.000000,6,10,13,16,44,64,120,230,7500,7900,7900,20388,0,6,46.62996413317973,2.775714994641021,7929.787834000308,5792.254414361389
1783296099,100,,Aggregated,46.100000,0.000000,6,10,13,16,44,64,120,230,7500,7900,7900,20432,0,6,46.557204355286174,2.775714994641021,7929.787834000308,5795.432361002349
1783296100,100,,Aggregated,45.800000,0.000000,6,10,13,16,44,64,120,230,7500,7900,7900,20477,0,6,46.47998493486601,2.775714994641021,7929.787834000308,5791.896469209357
1783296101,100,,Aggregated,45.900000,0.000000,6,10,13,16,44,64,120,230,7500,7900,7900,20519,0,6,46.407436281016075,2.775714994641021,7929.787834000308,5790.104732199425
1783296102,100,,Aggregated,46.000000,0.000000,6,10,13,16,44,64,120,230,7500,7900,7900,20565,0,6,46.32867169113726,2.775714994641021,7929.787834000308,5791.106151227814
1783296103,100,,Aggregated,44.800000,0.000000,6,10,13,16,44,64,120,220,7500,7900,7900,20607,0,6,46.26146061262127,2.775714994641021,7929.787834000308,5792.917115543262
1783296104,100,,Aggregated,44.800000,0.000000,6,10,13,16,44,64,120,220,7500,7900,7900,20662,0,6,46.188763990913664,2.775714994641021,7929.787834000308,5795.338544187397
1783296105,100,,Aggregated,45.400000,0.000000,6,10,13,16,44,64,120,220,7500,7900,7900,20709,0,6,46.11595616776352,2.775714994641021,7929.787834000308,5794.500313873195
1783296106,100,,Aggregated,45.800000,0.000000,6,10,13,16,44,63,120,220,7500,7900,7900,20750,0,6,46.05029316309346,2.775714994641021,7929.787834000308,5792.458939759036
1783296107,100,,Aggregated,45.900000,0.000000,6,10,13,16,44,63,120,220,7500,7900,7900,20806,0,6,45.959377087962345,2.775714994641021,7929.787834000308,5794.62289724118
1783296108,100,,Aggregated,45.300000,0.000000,6,10,13,16,44,63,120,220,7500,7900,7900,20842,0,6,45.90557036187036,2.775714994641021,7929.787834000308,5792.214710680357
1783296109,100,,Aggregated,45.400000,0.000000,6,10,13,16,44,63,120,220,7500,7900,7900,20894,0,6,45.82269353666803,2.775714994641021,7929.787834000308,5794.4237580166555
1783296110,100,,Aggregated,45.600000,0.000000,6,10,13,16,44,63,120,220,7500,7900,7900,20940,0,6,45.75334106237751,2.775714994641021,7929.787834000308,5795.334383954155
1783296111,100,,Aggregated,45.500000,0.000000,6,10,13,16,44,63,120,220,7500,7900,7900,20978,0,6,45.692178977219825,2.775714994641021,7929.787834000308,5793.7354371246065
1783296112,100,,Aggregated,46.100000,0.000000,6,10,13,16,44,63,120,220,7400,7900,7900,21022,0,6,45.61951990148982,2.775714994641021,7929.787834000308,5794.45057558748
1783296113,100,,Aggregated,45.900000,0.000000,6,10,13,16,44,63,120,220,7400,7900,7900,21073,0,6,45.53842875462059,2.775714994641021,7929.787834000308,5795.452000189816
1783296114,100,,Aggregated,46.100000,0.000000,6,10,13,16,44,63,120,220,7400,7900,7900,21110,0,6,45.498442896593126,2.775714994641021,7929.787834000308,5793.458313595453
1783296115,100,,Aggregated,46.000000,0.000000,6,10,13,16,44,63,120,220,7400,7900,7900,21170,0,6,45.403482015404414,2.775714994641021,7929.787834000308,5795.189938592348
1783296116,100,,Aggregated,44.900000,0.000000,6,10,13,16,44,63,120,220,7400,7900,7900,21217,0,6,45.3384157322966,2.775714994641021,7929.787834000308,5790.950888438516
1783296117,100,,Aggregated,46.000000,0.000000,6,10,13,16,44,63,120,220,7400,7900,7900,21267,0,6,45.259757561485884,2.775714994641021,7929.787834000308,5786.554521089011
1783296118,100,,Aggregated,45.300000,0.000000,6,10,13,16,44,63,120,220,7400,7900,7900,21315,0,6,45.1894217145228,2.775714994641021,7929.787834000308,5786.022425521933
1783296119,100,,Aggregated,45.500000,0.000000,6,10,13,16,44,63,120,220,7400,7900,7900,21360,0,6,45.11884528824765,2.775714994641021,7929.787834000308,5784.998501872659
1783296120,100,,Aggregated,45.700000,0.000000,6,10,13,16,44,63,120,220,7400,7900,7900,21404,0,6,45.04916377359424,2.775714994641021,7929.787834000308,5785.691973462905
1783296121,100,,Aggregated,45.700000,0.000000,6,10,13,16,44,63,120,220,7400,7900,7900,21458,0,6,44.96267611711246,2.775714994641021,7929.787834000308,5784.90362568739
1783296122,100,,Aggregated,46.000000,0.000000,6,10,13,16,44,63,120,220,7400,7900,7900,21504,0,6,44.89958163360086,2.775714994641021,7929.787834000308,5786.431547619048
1783296123,100,,Aggregated,46.700000,0.000000,6,10,13,16,44,63,120,220,7400,7900,7900,21547,0,6,44.83115721826629,2.775714994641021,7929.787834000308,5784.690861836914
1783296124,100,,Aggregated,46.800000,0.000000,6,10,13,16,44,63,120,220,7400,7900,7900,21595,0,6,44.76081169511507,2.775714994641021,7929.787834000308,5783.54128270433
1783296125,100,,Aggregated,46.600000,0.000000,6,10,13,16,44,63,120,210,7400,7900,7900,21639,0,6,44.68991190544849,2.775714994641021,7929.787834000308,5782.049540182079
1783296126,100,,Aggregated,46.300000,0.000000,6,10,13,16,44,63,120,210,7400,7900,7900,21687,0,6,44.62770264513139,2.775714994641021,7929.787834000308,5784.56264121363
1783296127,100,,Aggregated,46.500000,0.000000,6,10,13,15,44,63,120,210,7400,7900,7900,21736,0,6,44.55031137715807,2.775714994641021,7929.787834000308,5783.9386731689365
1783296128,100,,Aggregated,46.300000,0.000000,6,10,13,15,44,63,120,210,7400,7900,7900,21778,0,6,44.49540713931005,2.775714994641021,7929.787834000308,5779.573193130683
1783296129,100,,Aggregated,46.800000,0.000000,6,10,13,15,44,63,120,210,7400,7900,7900,21827,0,6,44.43227020102989,2.775714994641021,7929.787834000308,5777.576075502818
1783296130,100,,Aggregated,46.800000,0.000000,6,10,13,15,44,63,120,210,7400,7900,7900,21876,0,6,44.35537718435248,2.775714994641021,7929.787834000308,5776.342292923752
1783296131,100,,Aggregated,46.900000,0.000000,6,10,13,15,44,63,120,210,7400,7900,7900,21916,0,6,44.29544858299342,2.775714994641021,7929.787834000308,5774.823964227049
1783296132,100,,Aggregated,45.500000,0.000000,6,10,13,15,44,62,120,210,7400,7900,7900,21964,0,6,44.21910879752828,2.775714994641021,7929.787834000308,5776.2425332362045
1783296133,100,,Aggregated,45.900000,0.000000,6,10,13,15,44,62,110,210,7300,7900,7900,22012,0,6,44.15393789341666,2.775714994641021,7929.787834000308,5774.25667817554
1783296134,100,,Aggregated,45.900000,0.000000,6,10,13,15,44,62,110,210,7300,7900,7900,22063,0,6,44.07420516805766,2.775714994641021,7929.787834000308,5774.586728912659
1783296135,100,,Aggregated,46.000000,0.000000,6,10,13,15,44,62,110,210,7300,7900,7900,22105,0,6,44.0103123148999,2.775714994641021,7929.787834000308,5772.4576792580865
1783296136,100,,Aggregated,46.700000,0.000000,6,10,13,15,44,62,110,210,7300,7900,7900,22153,0,6,43.93819901845604,2.775714994641021,7929.787834000308,5772.110143095743
1783296137,100,,Aggregated,46.200000,0.000000,6,10,13,15,44,62,110,210,7300,7900,7900,22200,0,6,43.86908266265318,2.775714994641021,7929.787834000308,5772.99545045045
1783296138,100,,Aggregated,46.200000,0.000000,6,10,13,15,44,62,110,210,7300,7900,7900,22244,0,6,43.819707546837726,2.775714994641021,7929.787834000308,5774.837709045136
1783296139,100,,Aggregated,45.800000,0.000000,6,10,13,15,44,62,110,210,7300,7900,7900,22293,0,6,43.75105800901159,2.775714994641021,7929.787834000308,5771.109585968689
1783296140,100,,Aggregated,45.100000,0.000000,6,10,13,15,44,62,110,210,7300,7900,7900,22340,0,6,43.70014088307371,2.775714994641021,7929.787834000308,5770.776857654431
1783296141,100,,Aggregated,45.900000,0.000000,6,10,13,15,44,62,110,210,7300,7900,7900,22387,0,6,43.64055780849924,2.775714994641021,7929.787834000308,5769.028677357395
1783296142,100,,Aggregated,47.500000,0.000000,6,10,13,15,44,62,110,210,7300,7900,7900,22431,0,6,43.58166613257817,2.775714994641021,7929.787834000308,5770.531942401141
1783296143,100,,Aggregated,45.800000,0.000000,6,10,13,15,44,62,110,210,7300,7900,7900,22482,0,6,43.52104276029009,2.775714994641021,7929.787834000308,5771.46517213771
1783296144,100,,Aggregated,46.100000,0.000000,6,10,13,15,44,62,110,210,7300,7900,7900,22531,0,6,43.45612439380763,2.775714994641021,7929.787834000308,5770.94549731481
1783296145,100,,Aggregated,46.300000,0.000000,6,10,13,15,44,62,110,210,7300,7900,7900,22572,0,6,43.40126740093502,2.775714994641021,7929.787834000308,5772.95126705653
1783296146,100,,Aggregated,46.900000,0.000000,6,10,13,15,44,62,110,210,7300,7900,7900,22612,0,6,43.35261150852985,2.775714994641021,7929.787834000308,5772.373385812843
1783296147,100,,Aggregated,45.800000,0.000000,6,10,13,15,44,62,110,210,7300,7900,7900,22663,0,6,43.28525946026262,2.775714994641021,7929.787834000308,5769.126814631779
1783296148,100,,Aggregated,46.500000,0.000000,6,10,13,15,44,62,110,210,7300,7900,7900,22706,0,6,43.23004269602615,2.775714994641021,7929.787834000308,5769.943803399982
1783296149,100,,Aggregated,46.100000,0.000000,6,10,13,15,44,62,110,210,7300,7900,7900,22753,0,6,43.16915913285791,2.775714994641021,7929.787834000308,5768.641146222476
1783296150,100,,Aggregated,46.900000,0.000000,6,10,13,15,44,62,110,210,7300,7900,7900,22799,0,6,43.109812163380894,2.775714994641021,7929.787834000308,5772.168735470854
1783296151,100,,Aggregated,45.800000,0.000000,6,10,13,15,44,62,110,210,7300,7900,7900,22844,0,6,43.04762619475072,2.775714994641021,7929.787834000308,5777.06837681667
1783296152,100,,Aggregated,44.600000,0.000000,6,10,13,15,44,62,110,210,7300,7900,7900,22889,0,6,42.99323055777423,2.775714994641021,7929.787834000308,5773.764908908209
1783296153,100,,Aggregated,46.300000,0.000000,6,10,13,15,44,62,110,200,7300,7900,7900,22944,0,6,42.92588542916727,2.775714994641021,7929.787834000308,5776.719970362622
1783296154,100,,Aggregated,46.100000,0.000000,6,10,13,15,44,62,110,200,7300,7900,7900,22985,0,6,42.87023204958771,2.775714994641021,7929.787834000308,5778.6008701326955
1783296155,100,,Aggregated,45.600000,0.000000,6,10,13,15,44,62,110,200,7300,7900,7900,23033,0,6,42.8101422854499,2.775714994641021,7929.787834000308,5773.877653801068
1783296156,100,,Aggregated,44.800000,0.000000,6,10,13,15,44,62,110,200,7300,7900,7900,23076,0,6,42.75067728877629,2.775714994641021,7929.787834000308,5770.176460391749
1783296157,100,,Aggregated,45.700000,0.000000,6,10,13,15,44,61,110,200,7300,7900,7900,23126,0,6,42.68067747953377,2.775714994641021,7929.787834000308,5772.376632361844
1783296158,100,,Aggregated,45.500000,0.000000,6,10,13,15,44,61,110,200,7300,7900,7900,23175,0,6,42.61623990911191,2.775714994641021,7929.787834000308,5770.30355987055
1783296159,100,,Aggregated,46.700000,0.000000,6,10,13,15,44,61,110,200,7300,7900,7900,23218,0,6,42.55893129333433,2.775714994641021,7929.787834000308,5772.605779998277
1783296160,100,,Aggregated,45.600000,0.000000,6,10,13,15,44,61,110,200,7300,7900,7900,23264,0,6,42.49603689772042,2.775714994641021,7929.787834000308,5775.080080811555
1783296161,100,,Aggregated,46.100000,0.000000,6,10,13,15,44,61,110,200,7300,7900,7900,23312,0,6,42.433758331052154,2.775714994641021,7929.787834000308,5776.890485586822
1783296162,100,,Aggregated,46.700000,0.000000,6,10,13,15,44,61,110,200,7300,7900,7900,23355,0,6,42.374826119523675,2.775714994641021,7929.787834000308,5777.12408477842
1783296163,100,,Aggregated,46.200000,0.000000,6,10,13,15,44,61,110,200,7300,7900,7900,23403,0,6,42.31048306766188,2.775714994641021,7929.787834000308,5776.2858607870785
1783296164,100,,Aggregated,46.200000,0.000000,6,10,13,15,44,61,110,200,7300,7900,7900,23448,0,6,42.250822747080356,2.775714994641021,7929.787834000308,5773.763348686455
1783296165,100,,Aggregated,46.100000,0.000000,6,10,13,15,44,61,110,200,7300,7900,7900,23498,0,6,42.1924998880131,2.775714994641021,7929.787834000308,5775.583964592732
1783296166,100,,Aggregated,46.700000,0.000000,6,10,13,15,44,61,110,200,7300,7900,7900,23543,0,6,42.13209043463337,2.775714994641021,7929.787834000308,5774.641804357983
1783296167,100,,Aggregated,46.100000,0.000000,6,10,13,15,44,61,110,200,7300,7900,7900,23597,0,6,42.07819286949799,2.775714994641021,7929.787834000308,5772.7368309530875
1783296168,100,,Aggregated,46.400000,0.000000,6,10,13,15,44,61,110,200,7300,7900,7900,23646,0,6,42.01587868584875,2.775714994641021,7929.787834000308,5773.017254503933
1783296169,100,,Aggregated,45.000000,0.000000,6,10,13,15,44,61,110,200,7300,7900,7900,23688,0,6,41.95671928446841,2.775714994641021,7929.787834000308,5773.922956771361
1783296170,100,,Aggregated,46.200000,0.000000,6,10,13,15,44,61,110,200,7300,7900,7900,23738,0,6,41.896171473228655,2.775714994641021,7929.787834000308,5772.875684556408
1783296171,100,,Aggregated,46.300000,0.000000,6,10,13,15,43,61,110,200,7300,7900,7900,23782,0,6,41.8420924339222,2.775714994641021,7929.787834000308,5770.969514759062
1783296172,100,,Aggregated,45.800000,0.000000,6,10,13,15,43,61,110,200,7300,7900,7900,23828,0,6,41.78715893866407,2.775714994641021,7929.787834000308,5772.846650998825
1783296173,100,,Aggregated,45.900000,0.000000,6,10,13,15,43,61,110,200,7300,7900,7900,23875,0,6,41.723255309674286,2.775714994641021,7929.787834000308,5772.527832460733
1783296174,100,,Aggregated,45.800000,0.000000,6,10,13,15,43,61,110,200,7300,7900,7900,23915,0,6,41.67175496334792,2.775714994641021,7929.787834000308,5771.617478569935
1783296175,100,,Aggregated,46.100000,0.000000,6,10,12,15,43,61,110,200,7300,7900,7900,23968,0,6,41.61054215998346,2.775714994641021,7929.787834000308,5769.58657376502
1783296176,100,,Aggregated,45.700000,0.000000,6,10,13,15,43,61,110,200,7300,7900,7900,24017,0,6,41.557431060645186,2.775714994641021,7929.787834000308,5771.758962401632
1783296177,100,,Aggregated,45.500000,0.000000,6,10,13,15,43,61,110,200,7300,7900,7900,24049,0,6,41.5140974330948,2.775714994641021,7929.787834000308,5770.7957087612795
1783296178,100,,Aggregated,46.200000,0.000000,6,10,13,15,43,61,110,200,7300,7900,7900,24111,0,6,41.44020173039165,2.775714994641021,7929.787834000308,5769.957778607275
1783296179,100,,Aggregated,46.600000,0.000000,6,10,13,15,43,61,110,200,7300,7900,7900,24153,0,6,41.38823993949101,2.775714994641021,7929.787834000308,5771.174926510164
1783296181,100,,Aggregated,45.000000,0.000000,6,10,12,15,43,61,110,200,7300,7900,7900,24202,0,6,41.32232915091526,2.775714994641021,7929.787834000308,5769.359143872407
1783296182,100,,Aggregated,46.400000,0.000000,6,10,12,15,43,61,110,200,7300,7900,7900,24242,0,6,41.27497801272181,2.775714994641021,7929.787834000308,5770.969433215081
1783296183,100,,Aggregated,46.100000,0.000000,6,10,12,15,43,61,110,200,7300,7900,7900,24288,0,6,41.22131706482452,2.775714994641021,7929.787834000308,5771.051342226614
1783296184,100,,Aggregated,46.300000,0.000000,6,10,12,15,43,60,110,200,7300,7900,7900,24340,0,6,41.16203975334708,2.775714994641021,7929.787834000308,5772.956368118324
1783296185,100,,Aggregated,45.900000,0.000000,6,10,12,15,43,60,110,200,7300,7900,7900,24382,0,6,41.11105378649967,2.775714994641021,7929.787834000308,5772.04138298745
1783296186,100,,Aggregated,46.000000,0.000000,6,10,12,15,43,60,110,200,7300,7900,7900,24426,0,6,41.05595287838549,2.775714994641021,7929.787834000308,5773.065422091215
1783296187,100,,Aggregated,46.700000,0.000000,6,10,12,15,43,60,110,200,7300,7900,7900,24471,0,6,41.010150466733315,2.775714994641021,7929.787834000308,5773.816926157492
1783296188,100,,Aggregated,45.700000,0.000000,6,10,13,15,43,60,110,200,7300,7900,7900,24513,0,6,40.96997566175206,2.775714994641021,7929.787834000308,5774.983722922531
1783296189,100,,Aggregated,45.300000,0.000000,6,10,12,15,43,60,110,200,7300,7900,7900,24561,0,6,40.919483972129385,2.775714994641021,7929.787834000308,5774.189528113676
1783296190,100,,Aggregated,46.100000,0.000000,6,10,12,15,43,60,110,200,7300,7900,7900,24612,0,6,40.869252255138775,2.775714994641021,7929.787834000308,5772.60767105477
1783296191,100,,Aggregated,44.800000,0.000000,6,10,12,15,43,60,110,200,7300,7900,7900,24649,0,6,40.820884934540565,2.775714994641021,7929.787834000308,5770.307111850379
1783296192,100,,Aggregated,45.700000,0.000000,6,10,12,15,43,60,110,200,7300,7900,7900,24700,0,6,40.75398455479753,2.775714994641021,7929.787834000308,5772.2358704453445
1783296193,100,,Aggregated,44.300000,0.000000,6,10,12,15,43,60,110,190,7300,7900,7900,24747,0,6,40.698141893179724,2.775714994641021,7929.787834000308,5768.487574251424
1783296194,100,,Aggregated,45.600000,0.000000,6,10,12,15,43,60,110,190,7300,7900,7900,24792,0,6,40.64307194677895,2.775714994641021,7929.787834000308,5769.51480316231
1783296195,100,,Aggregated,45.600000,0.000000,6,10,12,15,43,60,110,190,7300,7900,7900,24837,0,6,40.58840071633326,2.775714994641021,7929.787834000308,5772.154165156822
1783296196,100,,Aggregated,44.800000,0.000000,6,10,12,15,43,60,100,190,7300,7900,7900,24883,0,6,40.54004329833962,2.775714994641021,7929.787834000308,5771.486436522927
1783296197,100,,Aggregated,45.200000,0.000000,6,10,12,15,43,60,100,190,7300,7900,7900,24930,0,6,40.48934158293268,2.775714994641021,7929.787834000308,5768.11038908945
1783296198,100,,Aggregated,45.400000,0.000000,6,10,12,15,43,60,100,190,7300,7900,7900,24972,0,6,40.43885987363748,2.775714994641021,7929.787834000308,5768.796932564473
1783296199,100,,Aggregated,45.600000,0.000000,6,10,12,15,43,60,100,190,7300,7900,7900,25017,0,6,40.39315862495268,2.775714994641021,7929.787834000308,5765.60227045609
1783296200,100,,Aggregated,45.400000,0.000000,6,10,12,15,43,60,100,190,7300,7900,7900,25060,0,6,40.34495654742377,2.775714994641021,7929.787834000308,5761.88934557063
1783296201,100,,Aggregated,45.200000,0.000000,6,10,12,15,43,60,100,190,7300,7900,7900,25112,0,6,40.29083342176854,2.775714994641021,7929.787834000308,5761.545197515132
1783296202,100,,Aggregated,44.800000,0.000000,6,10,12,15,43,60,100,190,7300,7900,7900,25154,0,6,40.24674365931551,2.775714994641021,7929.787834000308,5761.593225729506
1783296203,100,,Aggregated,45.900000,0.000000,6,10,12,15,43,60,100,190,7300,7900,7900,25196,0,6,40.20280670254675,2.775714994641021,7929.787834000308,5762.98098904588
1783296204,100,,Aggregated,45.200000,0.000000,6,10,12,15,43,60,100,190,7300,7900,7900,25246,0,6,40.14794974956079,2.775714994641021,7929.787834000308,5760.967836488949
1783296205,100,,Aggregated,44.800000,0.000000,6,10,12,15,43,60,100,190,7300,7900,7900,25285,0,6,40.1057369809924,2.775714994641021,7929.787834000308,5761.821712477754
1783296206,100,,Aggregated,45.300000,0.000000,6,10,12,15,43,60,100,190,7300,7900,7900,25329,0,6,40.05285313788053,2.775714994641021,7929.787834000308,5760.0528248252995
1783296207,100,,Aggregated,44.600000,0.000000,6,10,12,15,43,60,100,190,7300,7900,7900,25383,0,6,39.98969809531509,2.775714994641021,7929.787834000308,5761.509317259583
1783296208,100,,Aggregated,44.300000,0.000000,6,10,12,15,43,60,100,190,7300,7900,7900,25424,0,6,39.942063832691915,2.775714994641021,7929.787834000308,5764.101046255507
1783296209,100,,Aggregated,44.900000,0.000000,6,10,12,15,43,60,100,190,7300,7900,7900,25470,0,6,39.8893013565894,2.775714994641021,7929.787834000308,5762.482018060463
1783296210,100,,Aggregated,45.500000,0.000000,6,10,12,15,43,60,100,190,7300,7900,7900,25505,0,6,39.85367751787247,2.775714994641021,7929.787834000308,5763.896255636149
1783296211,100,,Aggregated,44.800000,0.000000,6,10,12,15,43,60,100,190,7300,7900,7900,25558,0,6,39.79204411899659,2.775714994641021,7929.787834000308,5766.298145394789
1783296212,100,,Aggregated,44.500000,0.000000,6,10,12,15,43,60,100,190,7300,7900,7900,25609,0,6,39.73284626121158,2.775714994641021,7929.787834000308,5767.837713303917
1783296213,100,,Aggregated,45.100000,0.000000,6,10,12,15,43,60,100,190,7300,7900,7900,25653,0,6,39.67982388197712,2.775714994641021,7929.787834000308,5769.237633025377
1783296214,100,,Aggregated,45.000000,0.000000,6,10,12,15,43,60,100,190,7300,7900,7900,25698,0,6,39.63214794102202,2.775714994641021,7929.787834000308,5769.689469997666
1783296215,100,,Aggregated,45.400000,0.000000,6,10,12,15,43,60,100,190,7300,7900,7900,25752,0,6,39.570245343212655,2.775714994641021,7929.787834000308,5772.640299782541
1783296216,100,,Aggregated,45.100000,0.000000,6,10,12,15,43,60,100,190,7300,7900,7900,25809,0,6,39.57369746539759,2.775714994641021,7929.787834000308,5772.249641597892
1783296217,100,,Aggregated,46.500000,0.000000,6,10,12,15,43,60,100,190,7300,7900,7900,25860,0,6,39.51971608911559,2.775714994641021,7929.787834000308,5772.401082753287
1783296218,100,,Aggregated,46.100000,0.000000,6,10,12,15,43,60,100,190,7300,7900,7900,25908,0,6,39.471817472343304,2.775714994641021,7929.787834000308,5771.2582985950285
1783296219,100,,Aggregated,45.300000,0.000000,6,10,12,15,43,60,100,190,7300,7900,7900,25950,0,6,39.430503105759975,2.775714994641021,7929.787834000308,5772.37344894027
1783296220,100,,Aggregated,45.300000,0.000000,6,10,12,15,43,60,100,190,7300,7900,7900,26008,0,6,39.366995916622116,2.775714994641021,7929.787834000308,5770.563749615503
1783296221,100,,Aggregated,45.900000,0.000000,6,10,12,15,43,60,100,190,7300,7900,7900,26052,0,6,39.324895720693036,2.775714994641021,7929.787834000308,5769.387110394596
1783296222,100,,Aggregated,46.900000,0.000000,6,10,12,15,43,60,100,190,7300,7900,7900,26090,0,6,39.29225697993479,2.775714994641021,7929.787834000308,5769.442583365274
1783296223,100,,Aggregated,46.600000,0.000000,6,10,12,15,43,60,100,190,7300,7900,7900,26141,0,6,39.23651250321203,2.775714994641021,7929.787834000308,5769.742129222294
1783296224,100,,Aggregated,46.900000,0.000000,6,10,12,15,43,60,100,190,7300,7900,7900,26182,0,6,39.194314477484326,2.775714994641021,7929.787834000308,5767.871820334581
1783296225,100,,Aggregated,45.800000,0.000000,6,10,12,15,43,60,100,190,7300,7900,7900,26235,0,6,39.13739612790234,2.775714994641021,7929.787834000308,5769.105164856108
1783296226,100,,Aggregated,46.100000,0.000000,6,10,12,15,43,60,100,190,7300,7900,7900,26276,0,6,39.096276035372476,2.775714994641021,7929.787834000308,5768.167339016593
1783296227,100,,Aggregated,45.100000,0.000000,6,10,12,15,43,60,100,190,7300,7900,7900,26332,0,6,39.03356895361255,2.775714994641021,7929.787834000308,5765.76830472429
1783296228,100,,Aggregated,45.800000,0.000000,6,10,12,15,43,60,100,190,7300,7900,7900,26367,0,6,38.994369431544406,2.775714994641021,7929.787834000308,5765.765236849092
1783296229,100,,Aggregated,46.000000,0.000000,6,10,12,15,43,60,100,190,7300,7900,7900,26412,0,6,38.947580772205676,2.775714994641021,7929.787834000308,5765.785476298652
1783296230,100,,Aggregated,46.700000,0.000000,6,10,12,15,43,60,100,190,7300,7900,7900,26460,0,6,38.91929804419951,2.775714994641021,7929.787834000308,5768.107445200302
1783296231,100,,Aggregated,45.900000,0.000000,6,10,12,15,43,60,100,180,7300,7900,7900,26505,0,6,38.87374037591342,2.775714994641021,7929.787834000308,5765.294057724957
1783296232,100,,Aggregated,44.800000,0.000000,6,10,12,15,43,60,100,180,7300,7900,7900,26554,0,6,38.82185512930783,2.775714994641021,7929.787834000308,5767.280861640431
1783296233,100,,Aggregated,44.100000,0.000000,6,10,12,15,43,60,100,180,7300,7900,7900,26599,0,6,38.769427749414476,2.775714994641021,7929.787834000308,5767.776946501748
1783296234,100,,Aggregated,43.600000,0.000000,6,10,12,15,43,59,100,180,7300,7900,7900,26644,0,6,38.72551420753823,2.775714994641021,7929.787834000308,5768.233185707852
1783296235,100,,Aggregated,45.100000,0.000000,6,10,12,15,43,59,100,180,7300,7900,7900,26689,0,6,38.673859208950226,2.775714994641021,7929.787834000308,5768.4429540260035
1783296236,100,,Aggregated,44.800000,0.000000,6,10,12,15,43,59,100,180,7300,7900,7900,26744,0,6,38.62106761646216,2.775714994641021,7929.787834000308,5768.891826204009
1783296237,100,,Aggregated,44.900000,0.000000,6,10,12,15,43,59,100,180,7300,7900,7900,26776,0,6,38.589241169242634,2.775714994641021,7929.787834000308,5767.982073498655
1783296238,100,,Aggregated,44.800000,0.000000,6,10,12,15,43,59,100,180,7300,7900,7900,26826,0,6,38.539276945299,2.775714994641021,7929.787834000308,5766.60217699247
1783296239,100,,Aggregated,45.800000,0.000000,6,10,12,15,43,59,100,180,7300,7900,7900,26880,0,6,38.48312880076578,2.775714994641021,7929.787834000308,5764.756510416667
1783296241,100,,Aggregated,44.800000,0.000000,6,10,12,15,43,59,100,180,7300,7900,7900,26914,0,6,38.446378659011444,2.775714994641021,7929.787834000308,5767.323066062272
1783296242,100,,Aggregated,46.000000,0.000000,6,10,12,15,43,59,100,180,7300,7900,7900,26960,0,6,38.39817915825785,2.775714994641021,7929.787834000308,5768.360867952522
1783296243,100,,Aggregated,45.100000,0.000000,6,10,12,15,43,59,100,180,7300,7900,7900,27008,0,6,38.34482303305309,2.775714994641021,7929.787834000308,5770.462233412322
1783296244,100,,Aggregated,45.100000,0.000000,6,10,12,15,43,59,100,180,7300,7900,7900,27054,0,6,38.29593666957516,2.775714994641021,7929.787834000308,5772.029422636209
1783296245,100,,Aggregated,45.200000,0.000000,6,10,12,15,43,59,100,180,7300,7900,7900,27098,0,6,38.264090977883846,2.775714994641021,7929.787834000308,5772.776072034837
1783296246,100,,Aggregated,45.300000,0.000000,6,10,12,15,43,59,100,180,7300,7900,7900,27137,0,6,38.22734393749063,2.775714994641021,7929.787834000308,5772.523086560785
1783296247,100,,Aggregated,45.200000,0.000000,6,10,12,15,43,59,99,180,7300,7900,7900,27188,0,6,38.17082919209707,2.775714994641021,7929.787834000308,5775.029240841548
1783296248,100,,Aggregated,45.200000,0.000000,6,10,12,15,43,59,99,180,7300,7900,7900,27233,0,6,38.120128822083025,2.775714994641021,7929.787834000308,5774.519663643374
1783296249,100,,Aggregated,44.600000,0.000000,6,10,12,15,43,59,99,180,7300,7900,7900,27271,0,6,38.08698173615848,2.775714994641021,7929.787834000308,5774.0960360822855
1783296250,100,,Aggregated,43.900000,0.000000,6,10,12,15,43,59,99,180,7300,7900,7900,27318,0,6,38.04886998531249,2.775714994641021,7929.787834000308,5774.2209532176585
1783296251,100,,Aggregated,44.500000,0.000000,6,10,12,15,43,59,99,180,7300,7900,7900,27366,0,6,38.00591855630208,2.775714994641021,7929.787834000308,5773.001425126069
1783296252,100,,Aggregated,43.800000,0.000000,6,10,12,15,43,59,99,180,7300,7900,7900,27411,0,6,37.965178038441906,2.775714994641021,7929.787834000308,5776.080806975302
