Timestamp,User Count,Type,Name,Requests/s,Failures/s,50%,66%,75%,80%,90%,95%,98%,99%,99.9%,99.99%,100%,Total Request Count,Total Failure Count,Total Median Response Time,Total Average Response Time,Total Min Response Time,Total Max Response Time,Total Average Content Size
1783297459,0,,Aggregated,0.000000,0.000000,N/A,N/A,N/A,N/A,N/A,N/A,N/A,N/A,N/A,N/A,N/A,0,0,0,0.0,0,0,0
1783297460,50,,Aggregated,0.000000,0.000000,N/A,N/A,N/A,N/A,N/A,N/A,N/A,N/A,N/A,N/A,N/A,0,0,0,0.0,0,0,0
1783297461,100,,Aggregated,0.000000,0.000000,N/A,N/A,N/A,N/A,N/A,N/A,N/A,N/A,N/A,N/A,N/A,0,0,0,0.0,0,0,0
1783297462,150,,Aggregated,0.000000,0.000000,N/A,N/A,N/A,N/A,N/A,N/A,N/A,N/A,N/A,N/A,N/A,0,0,0,0.0,0,0,0
1783297463,200,,Aggregated,0.000000,0.000000,N/A,N/A,N/A,N/A,N/A,N/A,N/A,N/A,N/A,N/A,N/A,0,0,0,0.0,0,0,0
1783297464,250,,Aggregated,0.000000,0.000000,N/A,N/A,N/A,N/A,N/A,N/A,N/A,N/A,N/A,N/A,N/A,0,0,0,0.0,0,0,0
1783297465,300,,Aggregated,0.000000,0.000000,N/A,N/A,N/A,N/A,N/A,N/A,N/A,N/A,N/A,N/A,N/A,0,0,0,0.0,0,0,0
1783297466,350,,Aggregated,0.000000,0.000000,N/A,N/A,N/A,N/A,N/A,N/A,N/A,N/A,N/A,N/A,N/A,0,0,0,0.0,0,0,0
1783297467,400,,Aggregated,0.000000,0.000000,N/A,N/A,N/A,N/A,N/A,N/A,N/A,N/A,N/A,N/A,N/A,0,0,0,0.0,0,0,0
1783297468,450,,Aggregated,0.000000,0.000000,8100,8100,8100,8100,8100,8100,8100,8100,8100,8100,8100,12,0,8100.0,8097.520009832806,8064.632269000867,8119.391851985711,655.0
1783297469,500,,Aggregated,0.000000,0.000000,8100,8100,8100,8100,8100,8100,8100,8100,8100,8100,8100,12,0,8100.0,8097.520009832806,8064.632269000867,8119.391851985711,655.0
1783297470,550,,Aggregated,1.333333,0.000000,9800,10000,11000,11000,11000,11000,11000,11000,11000,11000,11000,66,0,9800.0,9714.509548819147,8064.632269000867,10628.027742000995,655.0
1783297471,600,,Aggregated,1.200000,0.000000,10000,11000,11000,11000,11000,11000,11000,11000,11000,11000,11000,116,0,10000.0,9988.67398737978,3209.7855059982976,11295.933499990497,656.4051724137931
1783297472,650,,Aggregated,1.200000,0.000000,10000,11000,11000,11000,11000,11000,11000,11000,11000,11000,11000,116,0,10000.0,9988.67398737978,3209.7855059982976,11295.933499990497,656.4051724137931
1783297473,700,,Aggregated,11.100000,0.000000,10000,11000,11000,11000,11000,12000,12000,12000,12000,12000,12000,134,0,10000.0,10017.337318948004,2942.110464995494,11882.824977990822,659.8656716417911
1783297474,750,,Aggregated,11.600000,0.000000,10000,11000,11000,11000,11000,12000,13000,13000,13000,13000,13000,139,0,10000.0,10105.095366582824,2942.110464995494,12858.591775002424,659.6906474820144
1783297475,800,,Aggregated,11.600000,0.000000,10000,11000,11000,11000,11000,12000,13000,14000,14000,14000,14000,141,0,10000.0,10153.66744822703,2942.110464995494,13542.036929997266,659.6241134751773
1783297476,850,,Aggregated,12.700000,0.000000,11000,11000,11000,11000,13000,14000,14000,14000,14000,14000,14000,152,0,11000.0,10445.557617414559,2942.110464995494,14382.401830007439,659.2894736842105
1783297477,900,,Aggregated,12.700000,0.000000,11000,11000,11000,11000,13000,14000,14000,14000,14000,14000,14000,152,0,11000.0,10445.557617414559,2942.110464995494,14382.401830007439,659.2894736842105
1783297478,950,,Aggregated,12.700000,0.000000,11000,11000,11000,11000,13000,14000,14000,14000,14000,14000,14000,152,0,11000.0,10445.557617414559,2942.110464995494,14382.401830007439,659.2894736842105
1783297479,1000,,Aggregated,15.200000,0.000000,11000,11000,11000,12000,14000,17000,17000,17000,17000,17000,17000,168,0,11000.0,11055.773038511954,2942.110464995494,16989.651810989017,658.8809523809524
1783297480,1000,,Aggregated,15.200000,0.000000,11000,11000,12000,14000,17000,17000,17000,17000,18000,18000,18000,177,0,11000.0,11371.232168937826,2942.110464995494,18180.8683929994,658.6836158192091
1783297481,1000,,Aggregated,15.200000,0.000000,11000,11000,12000,14000,17000,17000,17000,17000,18000,18000,18000,177,0,11000.0,11371.232168937826,2942.110464995494,18180.8683929994,658.6836158192091
1783297482,1000,,Aggregated,15.200000,0.000000,11000,11000,12000,14000,17000,17000,17000,17000,18000,18000,18000,177,0,11000.0,11371.232168937826,2942.110464995494,18180.8683929994,658.6836158192091
1783297483,1000,,Aggregated,6.600000,0.000000,11000,11000,14000,14000,17000,20000,21000,21000,21000,21000,21000,189,0,11000.0,11928.983660952472,2942.110464995494,20735.725013000774,658.4497354497355
1783297484,1000,,Aggregated,6.100000,0.000000,14000,17000,20000,20000,21000,21000,22000,22000,22000,22000,22000,338,0,14000.0,14420.797718748136,2942.110464995494,21896.85298599943,692.0236686390532
1783297485,1000,,Aggregated,5.000000,0.000000,14000,17000,20000,20000,21000,21000,22000,22000,23000,23000,23000,406,0,14000.0,14907.64154179782,2942.110464995494,23094.187639988377,701.0788177339901
1783297486,1000,,Aggregated,13.100000,0.000000,14000,18000,20000,20000,21000,22000,22000,22000,23000,23000,23000,432,0,14000.0,15194.927754948943,2942.110464995494,23094.187639988377,700.9467592592592
1783297487,1000,,Aggregated,23.300000,0.000000,14000,19000,20000,20000,21000,22000,22000,22000,23000,23000,23000,449,0,14000.0,15381.830174752657,2942.110464995494,23094.187639988377,700.2962138084632
1783297488,1000,,Aggregated,26.000000,0.000000,14000,19000,20000,20000,21000,22000,22000,22000,23000,23000,23000,453,0,14000.0,15426.827855273596,2942.110464995494,23094.187639988377,700.2560706401766
1783297489,1000,,Aggregated,28.800000,0.000000,14000,20000,20000,21000,21000,22000,23000,23000,23000,23000,23000,463,0,14000.0,15587.312028999857,2942.110464995494,23094.187639988377,699.2786177105831
1783297490,1000,,Aggregated,28.800000,0.000000,14000,20000,20000,21000,21000,22000,23000,23000,23000,23000,23000,465,0,14000.0,15620.268967909515,2942.110464995494,23378.419010987272,699.0881720430108
1783297491,1000,,Aggregated,28.800000,0.000000,14000,20000,20000,21000,21000,22000,23000,23000,23000,23000,23000,465,0,14000.0,15620.268967909515,2942.110464995494,23378.419010987272,699.0881720430108
1783297492,1000,,Aggregated,28.800000,0.000000,14000,20000,20000,21000,21000,22000,23000,23000,23000,23000,23000,465,0,14000.0,15620.268967909515,2942.110464995494,23378.419010987272,699.0881720430108
1783297493,1000,,Aggregated,28.800000,0.000000,14000,20000,21000,21000,22000,23000,26000,26000,26000,26000,26000,485,0,14000.0,16032.079596228641,2942.110464995494,26469.279115000973,697.2701030927835
1783297494,1000,,Aggregated,28.800000,0.000000,15000,20000,21000,21000,22000,25000,26000,26000,26000,26000,26000,490,0,15000.0,16134.57374058754,2942.110464995494,26469.279115000973,696.8387755102041
1783297495,1000,,Aggregated,28.800000,0.000000,15000,20000,21000,21000,22000,25000,26000,26000,26000,26000,26000,490,0,15000.0,16134.57374058754,2942.110464995494,26469.279115000973,696.8387755102041
1783297496,1000,,Aggregated,28.800000,0.000000,15000,20000,21000,21000,22000,25000,26000,26000,26000,26000,26000,490,0,15000.0,16134.57374058754,2942.110464995494,26469.279115000973,696.8387755102041
1783297497,1000,,Aggregated,22.100000,0.000000,15000,20000,21000,21000,22000,25000,26000,26000,29000,29000,29000,491,0,15000.0,16161.587241948862,2942.110464995494,29398.20290899661,696.7535641547862
1783297498,1000,,Aggregated,7.800000,0.000000,19000,21000,22000,25000,30000,31000,32000,32000,33000,33000,33000,592,0,19000.0,18641.165423927072,2942.110464995494,32627.974842995172,690.1807432432432
1783297499,1000,,Aggregated,5.100000,0.000000,20000,21000,25000,29000,30000,32000,32000,32000,33000,33000,33000,631,0,20000.0,19343.800970400698,2942.110464995494,32627.974842995172,688.5229793977813
1783297500,1000,,Aggregated,13.400000,0.000000,20000,22000,26000,29000,31000,32000,32000,32000,33000,33000,33000,659,0,20000.0,19738.2565328693,2942.110464995494,32627.974842995172,697.3596358118361
1783297501,1000,,Aggregated,16.800000,0.000000,20000,22000,27000,29000,31000,32000,32000,32000,33000,33000,33000,666,0,20000.0,19854.086837002833,2942.110464995494,32700.023605008028,696.9144144144144
1783297502,1000,,Aggregated,19.300000,0.000000,20000,22000,27000,30000,31000,32000,32000,32000,33000,33000,33000,672,0,20000.0,19956.089508069763,2942.110464995494,32700.023605008028,696.5401785714286
1783297503,1000,,Aggregated,20.000000,0.000000,20000,22000,29000,30000,31000,32000,32000,33000,34000,34000,34000,682,0,20000.0,20150.93649747201,2942.110464995494,33934.39981000847,695.9310850439882
1783297504,1000,,Aggregated,20.000000,0.000000,20000,23000,29000,30000,31000,32000,33000,34000,35000,35000,35000,684,0,20000.0,20193.0997117718,2942.110464995494,35050.00223900424,695.811403508772
1783297505,1000,,Aggregated,20.000000,0.000000,20000,23000,29000,30000,31000,32000,33000,34000,35000,35000,35000,684,0,20000.0,20193.0997117718,2942.110464995494,35050.00223900424,695.811403508772
1783297506,1000,,Aggregated,20.000000,0.000000,20000,23000,29000,30000,31000,32000,33000,34000,35000,35000,35000,684,0,20000.0,20193.0997117718,2942.110464995494,35050.00223900424,695.811403508772
1783297507,1000,,Aggregated,19.400000,0.000000,20000,25000,30000,30000,32000,33000,37000,37000,38000,38000,38000,712,0,20000.0,20844.779525311624,2942.110464995494,37823.67355898896,694.8932584269663
1783297508,1000,,Aggregated,19.400000,0.000000,20000,25000,30000,30000,32000,33000,37000,37000,38000,38000,38000,712,0,20000.0,20844.779525311624,2942.110464995494,37823.67355898896,694.8932584269663
1783297509,1000,,Aggregated,19.400000,0.000000,20000,25000,30000,30000,32000,33000,37000,37000,38000,38000,38000,712,0,20000.0,20844.779525311624,2942.110464995494,37823.67355898896,694.8932584269663
1783297510,1000,,Aggregated,12.600000,0.000000,20000,25000,30000,30000,32000,33000,37000,37000,40000,40000,40000,713,0,20000.0,20871.72249758748,2942.110464995494,40055.11875799857,694.8373071528752
1783297511,1000,,Aggregated,8.900000,0.000000,21000,26000,30000,30000,32000,37000,40000,41000,41000,41000,41000,740,0,21000.0,21572.896224547167,2942.110464995494,40899.81243600778,693.3837837837838
1783297512,1000,,Aggregated,5.400000,0.000000,21000,30000,31000,33000,40000,40000,41000,41000,41000,41000,41000,846,0,21000.0,23845.95871278127,2942.110464995494,41320.83460399008,691.0791962174941
1783297513,1000,,Aggregated,4.900000,0.000000,22000,30000,32000,37000,40000,40000,41000,41000,41000,41000,41000,868,0,22000.0,24254.92507203337,2942.110464995494,41320.83460399008,690.1647465437788
1783297514,1000,,Aggregated,15.800000,0.000000,22000,30000,32000,37000,40000,40000,41000,41000,41000,41000,41000,876,0,22000.0,24402.27159126821,2942.110464995494,41320.83460399008,689.8436073059361
1783297515,1000,,Aggregated,17.800000,0.000000,22000,30000,32000,37000,40000,41000,41000,41000,42000,42000,42000,886,0,22000.0,24595.07780887127,2942.110464995494,41658.3477499953,689.4503386004515
1783297516,1000,,Aggregated,19.100000,0.000000,22000,30000,32000,37000,40000,41000,41000,42000,43000,43000,43000,888,0,22000.0,24635.815556395202,2942.110464995494,42930.01404599636,689.3727477477478
1783297517,1000,,Aggregated,20.100000,0.000000,22000,31000,33000,37000,40000,41000,42000,43000,44000,44000,44000,900,0,22000.0,24888.024899118795,2942.110464995494,44037.06371599401,688.9144444444445
1783297518,1000,,Aggregated,20.100000,0.000000,22000,31000,33000,37000,40000,41000,42000,43000,44000,44000,44000,900,0,22000.0,24888.024899118795,2942.110464995494,44037.06371599401,688.9144444444445
1783297519,1000,,Aggregated,20.100000,0.000000,22000,31000,33000,37000,40000,41000,42000,43000,44000,44000,44000,900,0,22000.0,24888.024899118795,2942.110464995494,44037.06371599401,688.9144444444445
1783297520,1000,,Aggregated,18.800000,0.000000,23000,31000,34000,39000,40000,41000,43000,45000,47000,47000,47000,910,0,23000.0,25119.701673793323,2942.110464995494,46935.3765190026,688.5417582417582
1783297521,1000,,Aggregated,18.800000,0.000000,23000,31000,37000,39000,40000,41000,46000,46000,47000,47000,47000,923,0,23000.0,25418.781876435452,2942.110464995494,46935.3765190026,688.0693391115926
1783297522,1000,,Aggregated,18.800000,0.000000,23000,31000,37000,39000,40000,42000,46000,46000,47000,47000,47000,925,0,23000.0,25465.67998435235,2942.110464995494,47109.229629000765,687.9978378378379
1783297523,1000,,Aggregated,18.800000,0.000000,23000,31000,37000,39000,40000,42000,46000,46000,47000,47000,47000,925,0,23000.0,25465.67998435235,2942.110464995494,47109.229629000765,687.9978378378379
1783297524,1000,,Aggregated,9.600000,0.000000,23000,31000,37000,39000,40000,42000,46000,46000,49000,49000,49000,926,0,23000.0,25490.760557069043,2942.110464995494,48690.29032000981,687.9622030237581
1783297525,1000,,Aggregated,7.100000,0.000000,26000,32000,39000,40000,42000,49000,50000,51000,51000,51000,51000,981,0,26000.0,26864.011963440422,2942.110464995494,50973.19864400197,686.1141692150867
1783297526,1000,,Aggregated,5.000000,0.000000,30000,40000,41000,42000,49000,50000,50000,51000,51000,51000,51000,1168,0,30000.0,29883.80549906862,2942.110464995494,51274.03195800434,742.5256849315068
1783297527,1000,,Aggregated,6.200000,0.000000,31000,40000,42000,43000,49000,50000,50000,51000,51000,51000,51000,1226,0,31000.0,30534.313359876865,2942.110464995494,51274.03195800434,776.9233278955954
1783297528,1000,,Aggregated,20.300000,0.000000,32000,41000,42000,43000,49000,50000,51000,51000,51000,51000,51000,1353,0,32000.0,31469.16871258242,2942.110464995494,51274.03195800434,810.7390983000739
1783297529,1000,,Aggregated,29.900000,0.000000,31000,40000,42000,43000,47000,50000,50000,51000,51000,52000,52000,1632,0,31000.0,30011.14034659499,2942.110464995494,51679.84942099429,858.8719362745098
1783297530,1000,,Aggregated,38.400000,0.000000,29000,36000,41000,42000,46000,50000,51000,51000,53000,53000,53000,2144,0,29000.0,26604.761856164092,2298.655154008884,53042.33785701217,1087.1413246268658
1783297531,1000,,Aggregated,38.400000,0.000000,29000,36000,41000,42000,46000,50000,51000,51000,53000,53000,53000,2144,0,29000.0,26604.761856164092,2298.655154008884,53042.33785701217,1087.1413246268658
1783297532,1000,,Aggregated,102.600000,0.000000,21000,31000,40000,42000,45000,50000,51000,53000,55000,55000,55000,2556,0,21000.0,23476.868789666536,2298.655154008884,54790.22003400314,1348.9225352112676
1783297533,1000,,Aggregated,122.200000,0.000000,14000,29000,32000,40000,44000,50000,53000,54000,55000,55000,55000,3333,0,14000.0,19197.962830117507,589.8719819961116,55306.56287899183,2154.6678667866786
1783297534,1000,,Aggregated,123.900000,0.000000,9800,22000,31000,37000,43000,49000,53000,54000,55000,55000,55000,3737,0,9800.0,17301.61025568199,589.8719819961116,55306.56287899183,2567.6564088841315
1783297535,1000,,Aggregated,198.200000,0.000000,5000,20000,31000,35000,43000,49000,52000,54000,55000,55000,55000,3997,0,5000.0,16320.720693457713,589.8719819961116,55306.56287899183,2809.305729296973
1783297536,1000,,Aggregated,250.600000,0.000000,4300,20000,30000,32000,43000,49000,51000,54000,55000,55000,55000,4141,0,4300.0,15846.060456379746,589.8719819961116,55306.56287899183,2878.4320212509056
1783297537,1000,,Aggregated,289.900000,0.000000,4000,18000,30000,32000,43000,49000,51000,54000,55000,55000,55000,4305,0,4000.0,15372.920560190392,589.8719819961116,55306.56287899183,2988.367944250871
1783297538,1000,,Aggregated,295.700000,0.000000,4000,17000,29000,31000,42000,49000,51000,54000,55000,55000,55000,4536,0,4000.0,14791.134872536511,589.8719819961116,55306.56287899183,3292.957451499118
1783297539,1000,,Aggregated,299.200000,0.000000,4100,14000,23000,31000,42000,47000,51000,54000,55000,55000,55000,4929,0,4100.0,13926.197695940273,589.8719819961116,55306.56287899183,3924.3739095151145
1783297540,1000,,Aggregated,311.700000,0.000000,4100,13000,22000,30000,42000,46000,51000,54000,55000,55000,55000,5105,0,4100.0,13572.840852355848,589.8719819961116,55306.56287899183,4117.301860920666
1783297541,1000,,Aggregated,326.100000,0.000000,4000,11000,21000,30000,42000,46000,51000,54000,55000,55000,55000,5246,0,4000.0,13302.460123057712,589.8719819961116,55306.56287899183,4274.283644681662
1783297542,1000,,Aggregated,308.600000,0.000000,3900,9900,20000,30000,42000,46000,51000,54000,55000,55000,55000,5440,0,3900.0,12962.680739980673,589.8719819961116,55306.56287899183,4510.017830882353
1783297543,1000,,Aggregated,299.300000,0.000000,3900,7200,20000,29000,41000,45000,50000,54000,55000,55000,55000,5661,0,3900.0,12603.482552834812,589.8719819961116,55306.56287899183,4780.559971736442
1783297544,1000,,Aggregated,313.000000,0.000000,4000,5900,18000,27000,41000,45000,50000,54000,55000,55000,55000,5885,0,4000.0,12271.54199472624,589.8719819961116,55306.56287899183,4992.584027187765
1783297545,1000,,Aggregated,259.200000,0.000000,4000,5600,17000,23000,41000,45000,50000,54000,55000,55000,55000,6101,0,4000.0,11977.848654073245,589.8719819961116,55306.56287899183,5207.606294050156
1783297546,1000,,Aggregated,230.100000,0.000000,4000,5400,17000,23000,40000,45000,50000,53000,55000,55000,55000,6276,0,4000.0,11748.987253696287,589.8719819961116,55306.56287899183,5344.6434034416825
1783297547,1000,,Aggregated,209.100000,0.000000,3900,5200,15000,21000,40000,44000,50000,53000,55000,55000,55000,6538,0,3900.0,11425.08195444751,589.8719819961116,55306.56287899183,5596.262312633833
1783297548,1000,,Aggregated,208.800000,0.000000,3900,5100,14000,20000,40000,44000,50000,53000,55000,55000,55000,6816,0,3900.0,11089.59413955341,589.8719819961116,55306.56287899183,5739.120011737089
1783297549,1000,,Aggregated,214.800000,0.000000,3800,5000,12000,20000,40000,44000,50000,53000,55000,55000,55000,7054,0,3800.0,10820.001069852167,589.8719819961116,55306.56287899183,5835.1837255457895
1783297550,1000,,Aggregated,221.800000,0.000000,3800,4900,11000,18000,39000,44000,50000,53000,55000,55000,55000,7280,0,3800.0,10570.704028777234,589.8719819961116,55306.56287899183,5896.335302197802
1783297551,1000,,Aggregated,217.500000,0.000000,3700,4800,9700,18000,37000,43000,50000,52000,55000,55000,55000,7515,0,3700.0,10328.357669557181,589.8719819961116,55306.56287899183,5938.3783100465735
1783297552,1000,,Aggregated,211.400000,0.000000,3600,4700,6700,17000,37000,43000,50000,52000,55000,55000,55000,7777,0,3600.0,10071.519195678973,589.8719819961116,55306.56287899183,5951.979940851228
1783297553,1000,,Aggregated,219.900000,0.000000,3600,4600,6000,16000,34000,43000,50000,52000,55000,55000,55000,8045,0,3600.0,9821.75782333617,589.8719819961116,55306.56287899183,5973.216159105034
1783297554,1000,,Aggregated,230.200000,0.000000,3500,4600,5800,14000,32000,43000,50000,51000,55000,55000,55000,8279,0,3500.0,9604.610452748202,589.8719819961116,55306.56287899183,5966.498248580747
1783297555,1000,,Aggregated,235.200000,0.000000,3400,4500,5600,14000,32000,43000,50000,51000,55000,55000,55000,8501,0,3400.0,9408.147717632075,589.8719819961116,55306.56287899183,5951.995294671216
1783297556,1000,,Aggregated,238.200000,0.000000,3400,4500,5400,13000,31000,43000,50000,51000,55000,55000,55000,8741,0,3400.0,9209.208200153676,589.8719819961116,55306.56287899183,5947.98592838348
1783297557,1000,,Aggregated,240.700000,0.000000,3300,4400,5300,11000,31000,42000,50000,51000,55000,55000,55000,8964,0,3300.0,9032.174446961088,589.8719819961116,55306.56287899183,5934.957161981259
1783297558,1000,,Aggregated,242.600000,0.000000,3300,4300,5200,9900,31000,42000,49000,51000,55000,55000,55000,9250,0,3300.0,8816.602776980137,589.8719819961116,55306.56287899183,5930.5298378378375
1783297559,1000,,Aggregated,242.500000,0.000000,3200,4200,5100,8200,31000,42000,49000,51000,55000,55000,55000,9531,0,3200.0,8610.569980339124,589.8719819961116,55306.56287899183,5929.682194942819
1783297560,1000,,Aggregated,242.700000,0.000000,3200,4200,5000,6400,31000,42000,49000,51000,55000,55000,55000,9804,0,3200.0,8419.014697229302,589.8719819961116,55306.56287899183,5933.914932680538
1783297561,1000,,Aggregated,242.400000,0.000000,3100,4100,4900,6000,31000,42000,49000,51000,55000,55000,55000,10058,0,3100.0,8245.88559640813,589.8719819961116,55306.56287899183,5914.233446013124
1783297562,1000,,Aggregated,245.100000,0.000000,3100,4000,4800,5800,30000,42000,49000,51000,55000,55000,55000,10328,0,3100.0,8073.210072657918,589.8719819961116,55306.56287899183,5914.439291247095
1783297563,1000,,Aggregated,252.600000,0.000000,3100,3900,4700,5600,30000,42000,49000,51000,55000,55000,55000,10552,0,3100.0,7935.616529825164,589.8719819961116,55306.56287899183,5904.505591357089
1783297564,1000,,Aggregated,252.400000,0.000000,3000,3800,4700,5500,30000,42000,49000,51000,55000,55000,55000,10810,0,3000.0,7787.209925298437,589.8719819961116,55306.56287899183,5894.406845513414
1783297565,1000,,Aggregated,254.400000,0.000000,3000,3800,4600,5300,30000,41000,49000,51000,55000,55000,55000,11063,0,3000.0,7651.22673428971,589.8719819961116,55306.56287899183,5884.844888366628
1783297566,1000,,Aggregated,250.600000,0.000000,2900,3800,4600,5300,29000,41000,49000,51000,55000,55000,55000,11268,0,2900.0,7546.269321197907,589.8719819961116,55306.56287899183,5892.658856940007
1783297567,1000,,Aggregated,251.400000,0.000000,2900,3700,4500,5200,28000,41000,48000,50000,55000,55000,55000,11512,0,2900.0,7429.909754149491,589.8719819961116,55306.56287899183,5900.341817234191
1783297568,1000,,Aggregated,255.300000,0.000000,2800,3600,4500,5100,27000,41000,47000,50000,55000,55000,55000,11769,0,2800.0,7310.023377816637,589.8719819961116,55306.56287899183,5891.9294757413545
1783297569,1000,,Aggregated,255.900000,0.000000,2800,3600,4500,5000,26000,41000,47000,50000,55000,55000,55000,11976,0,2800.0,7220.49869412759,589.8719819961116,55306.56287899183,5886.4000501002
1783297570,1000,,Aggregated,254.100000,0.000000,2800,3500,4400,5000,23000,41000,47000,50000,55000,55000,55000,12223,0,2800.0,7115.772862560665,589.8719819961116,55306.56287899183,5872.791867790232
1783297571,1000,,Aggregated,248.400000,0.000000,2700,3500,4400,4900,23000,40000,47000,50000,55000,55000,55000,12457,0,2700.0,7022.354620843462,589.8719819961116,55306.56287899183,5881.205346391587
1783297572,1000,,Aggregated,245.400000,0.000000,2700,3500,4300,4800,22000,40000,46000,50000,55000,55000,55000,12771,0,2700.0,6897.414626731748,589.8719819961116,55306.56287899183,5888.064599483204
1783297573,1000,,Aggregated,239.000000,0.000000,2700,3400,4200,4800,21000,40000,46000,50000,55000,55000,55000,12994,0,2700.0,6810.336965725045,589.8719819961116,55306.56287899183,5884.34669847622
1783297574,1000,,Aggregated,238.800000,0.000000,2700,3400,4200,4700,21000,40000,46000,50000,55000,55000,55000,13229,0,2700.0,6721.158508733855,589.8719819961116,55306.56287899183,5866.896288457177
1783297575,1000,,Aggregated,241.200000,0.000000,2600,3400,4200,4700,21000,40000,46000,50000,55000,55000,55000,13400,0,2600.0,6660.442670176349,589.8719819961116,55306.56287899183,5873.036791044776
1783297576,1000,,Aggregated,242.900000,0.000000,2600,3300,4100,4700,20000,40000,46000,50000,55000,55000,55000,13682,0,2600.0,6566.998666851347,589.8719819961116,55306.56287899183,5886.326195000731
1783297577,1000,,Aggregated,241.500000,0.000000,2600,3300,4100,4600,20000,40000,46000,50000,55000,55000,55000,13899,0,2600.0,6497.422423583791,589.8719819961116,55306.56287899183,5880.363623282251
1783297578,1000,,Aggregated,237.900000,0.000000,2600,3300,4000,4600,19000,40000,45000,50000,55000,55000,55000,14175,0,2600.0,6413.5346432922925,589.8719819961116,55306.56287899183,5897.120423280423
1783297579,1000,,Aggregated,238.600000,0.000000,2600,3300,3900,4500,19000,39000,45000,50000,55000,55000,55000,14410,0,2600.0,6344.140364078775,589.8719819961116,55306.56287899183,5902.192921582235
1783297580,1000,,Aggregated,234.000000,0.000000,2500,3200,3900,4500,18000,38000,45000,50000,55000,55000,55000,14665,0,2500.0,6266.843009460419,589.8719819961116,55306.56287899183,5907.292260484146
1783297582,1000,,Aggregated,241.100000,0.000000,2500,3200,3800,4500,18000,37000,45000,50000,55000,55000,55000,14983,0,2500.0,6173.565219819273,589.8719819961116,55306.56287899183,5896.5440832944005
1783297583,1000,,Aggregated,241.300000,0.000000,2500,3200,3800,4400,17000,37000,45000,50000,55000,55000,55000,15240,0,2500.0,6100.162264257623,589.8719819961116,55306.56287899183,5895.920209973753
1783297584,1000,,Aggregated,240.700000,0.000000,2500,3200,3800,4400,17000,37000,45000,50000,55000,55000,55000,15477,0,2500.0,6033.883871349626,589.8719819961116,55306.56287899183,5889.073334625574
1783297585,1000,,Aggregated,237.800000,0.000000,2500,3100,3800,4400,17000,37000,44000,50000,55000,55000,55000,15738,0,2500.0,5963.074206069594,589.8719819961116,55306.56287899183,5883.566653958572
1783297586,1000,,Aggregated,239.100000,0.000000,2400,3100,3700,4300,17000,35000,44000,50000,55000,55000,55000,15977,0,2400.0,5901.047551776876,589.8719819961116,55306.56287899183,5885.378731927145
1783297587,1000,,Aggregated,242.900000,0.000000,2400,3100,3700,4300,16000,34000,44000,50000,55000,55000,55000,16191,0,2400.0,5848.680596841335,589.8719819961116,55306.56287899183,5887.010808473843
1783297588,1000,,Aggregated,242.900000,0.000000,2400,3100,3700,4200,14000,33000,44000,50000,55000,55000,55000,16423,0,2400.0,5794.897313734088,589.8719819961116,55306.56287899183,5882.535346769774
1783297589,1000,,Aggregated,245.200000,0.000000,2400,3100,3600,4200,14000,32000,44000,50000,55000,55000,55000,16730,0,2400.0,5728.984440728324,589.8719819961116,55306.56287899183,5889.230484160191
1783297590,1000,,Aggregated,245.600000,0.000000,2400,3100,3600,4200,14000,32000,44000,50000,55000,55000,55000,16966,0,2400.0,5677.1849198898835,589.8719819961116,55306.56287899183,5885.078392078274
1783297591,1000,,Aggregated,243.400000,0.000000,2400,3000,3500,4100,14000,32000,44000,50000,55000,55000,55000,17217,0,2400.0,5623.95107431008,589.8719819961116,55306.56287899183,5885.732531799965
1783297592,1000,,Aggregated,240.400000,0.000000,2400,3000,3500,4100,13000,32000,44000,50000,55000,55000,55000,17432,0,2400.0,5579.190024789739,589.8719819961116,55306.56287899183,5894.067863698944
1783297593,1000,,Aggregated,246.600000,0.000000,2400,3000,3500,4000,12000,31000,44000,50000,55000,55000,55000,17688,0,2400.0,5527.209292284362,589.8719819961116,55306.56287899183,5897.999095431931
1783297594,1000,,Aggregated,243.100000,0.000000,2400,3000,3500,4000,11000,31000,44000,50000,55000,55000,55000,17898,0,2400.0,5486.502422968806,589.8719819961116,55306.56287899183,5897.005140239133
1783297595,1000,,Aggregated,237.900000,0.000000,2400,3000,3500,3900,11000,31000,44000,50000,55000,55000,55000,18126,0,2400.0,5444.9890109543085,589.8719819961116,55306.56287899183,5893.002923976608
1783297596,1000,,Aggregated,236.600000,0.000000,2300,3000,3400,3900,10000,31000,44000,50000,55000,55000,55000,18351,0,2300.0,5406.322940146354,589.8719819961116,55306.56287899183,5899.382322489238
1783297597,1000,,Aggregated,232.100000,0.000000,2300,3000,3400,3900,9800,31000,43000,49000,55000,55000,55000,18566,0,2300.0,5370.693460438362,589.8719819961116,55306.56287899183,5898.289453840353
1783297598,1000,,Aggregated,232.700000,0.000000,2300,3000,3400,3900,9700,31000,43000,49000,55000,55000,55000,18780,0,2300.0,5335.0892165622745,589.8719819961116,55306.56287899183,5891.07167199148
1783297599,1000,,Aggregated,231.100000,0.000000,2300,3000,3400,3800,8600,31000,43000,49000,55000,55000,55000,19024,0,2300.0,5295.267676028985,589.8719819961116,55306.56287899183,5893.432979394449
1783297600,1000,,Aggregated,228.400000,0.000000,2300,3000,3400,3800,7400,31000,43000,49000,55000,55000,55000,19275,0,2300.0,5255.362031115822,589.8719819961116,55306.56287899183,5894.259455252918
1783297601,1000,,Aggregated,228.100000,0.000000,2300,2900,3400,3800,6700,31000,43000,49000,55000,55000,55000,19503,0,2300.0,5218.528179993675,589.8719819961116,55306.56287899183,5897.4514177306055
1783297602,1000,,Aggregated,232.500000,0.000000,2300,2900,3400,3800,6300,31000,43000,49000,55000,55000,55000,19776,0,2300.0,5176.417532641368,589.8719819961116,55306.56287899183,5899.798442556635
1783297603,1000,,Aggregated,227.800000,0.000000,2300,2900,3300,3800,6100,31000,43000,49000,55000,55000,55000,20009,0,2300.0,5138.296471486521,589.8719819961116,55306.56287899183,5879.81323404468
1783297604,1000,,Aggregated,227.200000,0.000000,2300,2900,3300,3800,6000,30000,43000,49000,55000,55000,55000,20265,0,2300.0,5097.382137042137,589.8719819961116,55306.56287899183,5882.640414507772
1783297605,1000,,Aggregated,233.600000,0.000000,2300,2900,3300,3800,5900,30000,43000,49000,55000,55000,55000,20499,0,2300.0,5059.893142556656,589.8719819961116,55306.56287899183,5879.185960290746
1783297606,1000,,Aggregated,231.700000,0.000000,2300,2900,3300,3700,5800,30000,43000,49000,55000,55000,55000,20716,0,2300.0,5027.20585299787,589.8719819961116,55306.56287899183,5878.250193087469
1783297607,1000,,Aggregated,236.900000,0.000000,2300,2900,3300,3700,5700,30000,43000,49000,55000,55000,55000,20967,0,2300.0,4991.134304336042,589.8719819961116,55306.56287899183,5878.66060952926
1783297608,1000,,Aggregated,237.300000,0.000000,2300,2900,3300,3700,5600,30000,43000,49000,55000,55000,55000,21220,0,2300.0,4956.458814593907,589.8719819961116,55306.56287899183,5888.394486333647
1783297609,1000,,Aggregated,238.100000,0.000000,2300,2800,3300,3600,5500,30000,43000,49000,55000,55000,55000,21460,0,2300.0,4923.393154642566,589.8719819961116,55306.56287899183,5895.685927306617
1783297610,1000,,Aggregated,242.500000,0.000000,2300,2800,3300,3600,5500,30000,43000,49000,55000,55000,55000,21727,0,2300.0,4887.247032171743,589.8719819961116,55306.56287899183,5900.897040548626
1783297611,1000,,Aggregated,242.200000,0.000000,2300,2800,3200,3600,5400,30000,43000,49000,55000,55000,55000,21988,0,2200.0,4849.845415216457,589.8719819961116,55306.56287899183,5888.172093869383
1783297612,1000,,Aggregated,241.300000,0.000000,2200,2800,3200,3600,5300,29000,43000,49000,55000,55000,55000,22229,0,2200.0,4815.561982690145,589.8719819961116,55306.56287899183,5888.161410769715
1783297613,1000,,Aggregated,245.900000,0.000000,2200,2800,3200,3500,5300,29000,42000,49000,55000,55000,55000,22428,0,2200.0,4789.4318573956825,589.8719819961116,55306.56287899183,5887.332084893883
1783297614,1000,,Aggregated,248.600000,0.000000,2200,2800,3200,3500,5200,29000,42000,49000,55000,55000,55000,22681,0,2200.0,4758.180919062887,589.8719819961116,55306.56287899183,5892.692032979146
1783297615,1000,,Aggregated,242.100000,0.000000,2200,2800,3200,3500,5200,29000,42000,48000,55000,55000,55000,22902,0,2200.0,4733.009186364574,589.8719819961116,55306.56287899183,5896.058772159637
1783297616,1000,,Aggregated,243.500000,0.000000,2200,2800,3200,3500,5200,28000,42000,47000,55000,55000,55000,23111,0,2200.0,4710.125057990637,589.8719819961116,55306.56287899183,5903.928735234304
1783297617,1000,,Aggregated,232.000000,0.000000,2200,2800,3200,3500,5200,27000,42000,47000,55000,55000,55000,23348,0,2200.0,4684.634787805281,589.8719819961116,55306.56287899183,5905.545614185369
1783297618,1000,,Aggregated,238.200000,0.000000,2200,2800,3200,3500,5100,27000,42000,47000,55000,55000,55000,23603,0,2200.0,4658.263673148693,589.8719819961116,55306.56287899183,5908.919162818286
1783297619,1000,,Aggregated,236.200000,0.000000,2200,2800,3200,3500,5100,26000,42000,47000,55000,55000,55000,23873,0,2200.0,4628.845763863008,589.8719819961116,55306.56287899183,5916.134838520505
1783297620,1000,,Aggregated,235.200000,0.000000,2200,2700,3200,3500,5000,25000,42000,47000,55000,55000,55000,24154,0,2200.0,4596.330631330407,589.8719819961116,55306.56287899183,5918.701415914548
1783297621,1000,,Aggregated,240.200000,0.000000,2200,2700,3100,3400,5000,25000,42000,47000,55000,55000,55000,24369,0,2200.0,4570.123614242511,589.8719819961116,55306.56287899183,5922.645656366695
1783297622,1000,,Aggregated,241.100000,0.000000,2200,2700,3100,3400,5000,23000,42000,47000,55000,55000,55000,24660,0,2200.0,4537.924654609966,589.8719819961116,55306.56287899183,5915.427210056772
1783297623,1000,,Aggregated,241.000000,0.000000,2200,2700,3100,3400,4900,23000,42000,47000,55000,55000,55000,24893,0,2200.0,4513.297028394034,589.8719819961116,55306.56287899183,5912.326316635199
1783297624,1000,,Aggregated,236.200000,0.000000,2200,2700,3100,3400,4900,22000,42000,47000,55000,55000,55000,25173,0,2200.0,4484.6388560919095,589.8719819961116,55306.56287899183,5913.467723354388
1783297625,1000,,Aggregated,237.200000,0.000000,2200,2700,3100,3400,4900,22000,42000,46000,55000,55000,55000,25388,0,2200.0,4463.22594090845,589.8719819961116,55306.56287899183,5911.644595872065
1783297627,1000,,Aggregated,250.500000,0.000000,2200,2700,3100,3400,4800,21000,42000,46000,55000,55000,55000,25813,0,2200.0,4425.211021712268,304.6494799928041,55306.56287899183,5914.566768682447
1783297628,1000,,Aggregated,238.400000,0.000000,2200,2700,3100,3400,4800,21000,42000,46000,55000,55000,55000,25983,0,2200.0,4407.790821506821,304.6494799928041,55306.56287899183,5902.422314590309
1783297629,1000,,Aggregated,250.000000,0.000000,2200,2700,3100,3300,4800,21000,42000,46000,55000,55000,55000,26286,0,2200.0,4379.409519634016,304.6494799928041,55306.56287899183,5901.025564939511
1783297630,1000,,Aggregated,245.600000,0.000000,2200,2700,3100,3300,4700,21000,42000,46000,55000,55000,55000,26566,0,2200.0,4352.194933715719,304.6494799928041,55306.56287899183,5900.596288489046
1783297631,1000,,Aggregated,239.000000,0.000000,2200,2700,3100,3300,4700,21000,42000,46000,55000,55000,55000,26827,0,2200.0,4326.850102241279,304.6494799928041,55306.56287899183,5903.607037685913
1783297632,1000,,Aggregated,237.000000,0.000000,2200,2700,3000,3300,4700,20000,42000,46000,54000,55000,55000,27070,0,2200.0,4304.138680831095,304.6494799928041,55306.56287899183,5905.207683782785
1783297633,1000,,Aggregated,237.800000,0.000000,2100,2600,3000,3300,4700,20000,42000,46000,54000,55000,55000,27304,0,2100.0,4282.798935855428,304.6494799928041,55306.56287899183,5904.708467623791
1783297634,1000,,Aggregated,244.800000,0.000000,2100,2600,3000,3300,4700,20000,42000,46000,54000,55000,55000,27482,0,2100.0,4266.933070902977,304.6494799928041,55306.56287899183,5905.1279018994255
1783297635,1000,,Aggregated,245.500000,0.000000,2100,2600,3000,3300,4600,20000,41000,46000,54000,55000,55000,27855,0,2100.0,4235.199752056995,304.6494799928041,55306.56287899183,5909.340980075391
1783297636,1000,,Aggregated,242.500000,0.000000,2100,2600,3000,3300,4600,20000,41000,46000,54000,55000,55000,28138,0,2100.0,4209.570867938931,304.6494799928041,55306.56287899183,5913.231999431374
1783297637,1000,,Aggregated,242.300000,0.000000,2100,2600,3000,3300,4600,19000,41000,45000,54000,55000,55000,28382,0,2100.0,4187.324185634935,304.6494799928041,55306.56287899183,5910.392784158974
1783297638,1000,,Aggregated,252.000000,0.000000,2100,2600,3000,3200,4600,19000,41000,45000,54000,55000,55000,28618,0,2100.0,4166.316080945515,304.6494799928041,55306.56287899183,5903.970298413586
1783297639,1000,,Aggregated,246.900000,0.000000,2100,2600,3000,3200,4600,19000,41000,45000,54000,55000,55000,28858,0,2100.0,4146.448337858052,304.6494799928041,55306.56287899183,5894.613001594012
1783297640,1000,,Aggregated,253.500000,0.000000,2100,2600,3000,3200,4500,18000,41000,45000,54000,55000,55000,29125,0,2100.0,4125.214309088059,304.6494799928041,55306.56287899183,5893.616377682403
1783297641,1000,,Aggregated,254.300000,0.000000,2100,2600,3000,3200,4500,18000,41000,45000,54000,55000,55000,29419,0,2100.0,4102.925559869634,304.6494799928041,55306.56287899183,5902.974676229647
1783297642,1000,,Aggregated,254.200000,0.000000,2100,2600,3000,3200,4500,18000,41000,45000,54000,55000,55000,29643,0,2100.0,4084.2976014702244,304.6494799928041,55306.56287899183,5890.103363357285
1783297643,1000,,Aggregated,250.700000,0.000000,2100,2600,3000,3200,4500,18000,41000,45000,54000,55000,55000,29870,0,2100.0,4066.323423918179,304.6494799928041,55306.56287899183,5890.6899564780715
1783297644,1000,,Aggregated,254.000000,0.000000,2100,2600,3000,3200,4500,18000,41000,45000,54000,55000,55000,30073,0,2100.0,4050.8262465108223,304.6494799928041,55306.56287899183,5887.407142619626
1783297645,1000,,Aggregated,254.100000,0.000000,2100,2600,2900,3200,4500,18000,41000,45000,54000,55000,55000,30332,0,2100.0,4032.4816924770253,304.6494799928041,55306.56287899183,5882.825201107741
1783297646,1000,,Aggregated,252.500000,0.000000,2100,2600,2900,3200,4500,17000,41000,45000,54000,55000,55000,30560,0,2100.0,4017.8641075234927,304.6494799928041,55306.56287899183,5879.531315445026
1783297648,1000,,Aggregated,246.900000,0.000000,2100,2600,2900,3200,4400,17000,41000,45000,54000,55000,55000,30795,0,2100.0,4003.064072442408,304.6494799928041,55306.56287899183,5885.428056502679
1783297649,1000,,Aggregated,242.000000,0.000000,2100,2600,2900,3200,4400,17000,40000,45000,54000,55000,55000,31139,0,2100.0,3981.0685465667425,304.6494799928041,55306.56287899183,5884.620925527473
1783297650,1000,,Aggregated,235.900000,0.000000,2100,2500,2900,3200,4400,17000,40000,45000,54000,55000,55000,31385,0,2100.0,3965.394004958349,304.6494799928041,55306.56287899183,5882.431798629918
1783297651,1000,,Aggregated,243.600000,0.000000,2100,2500,2900,3200,4400,17000,40000,44000,54000,55000,55000,31610,0,2100.0,3950.90629757706,304.6494799928041,55306.56287899183,5878.456026573869
1783297652,1000,,Aggregated,242.000000,0.000000,2100,2500,2900,3200,4400,17000,40000,44000,54000,55000,55000,31836,0,2100.0,3937.2997683506946,304.6494799928041,55306.56287899183,5875.6688340243745
1783297653,1000,,Aggregated,240.700000,0.000000,2100,2500,2900,3200,4400,17000,40000,44000,54000,55000,55000,32020,0,2100.0,3926.676556024755,304.6494799928041,55306.56287899183,5872.265396627108
1783297654,1000,,Aggregated,234.100000,0.000000,2100,2500,2900,3200,4400,16000,40000,44000,54000,55000,55000,32242,0,2100.0,3915.758906407724,304.6494799928041,55306.56287899183,5872.10244401712
1783297655,1000,,Aggregated,230.500000,0.000000,2100,2500,2900,3200,4300,16000,40000,44000,54000,55000,55000,32468,0,2100.0,3905.40570647209,304.6494799928041,55306.56287899183,5869.40375138598
1783297656,1000,,Aggregated,230.700000,0.000000,2100,2500,2900,3200,4300,14000,40000,44000,54000,55000,55000,32707,0,2100.0,3896.121990853451,304.6494799928041,55306.56287899183,5874.093833124408
1783297657,1000,,Aggregated,231.700000,0.000000,2100,2500,2900,3200,4300,14000,40000,44000,54000,55000,55000,33009,0,2100.0,3880.3723266767493,304.6494799928041,55306.56287899183,5875.971462328456
1783297658,1000,,Aggregated,223.800000,0.000000,2100,2500,2900,3100,4300,14000,40000,44000,54000,55000,55000,33278,0,2100.0,3864.881724025115,304.6494799928041,55306.56287899183,5874.8212632970735
1783297659,1000,,Aggregated,231.600000,0.000000,2100,2500,2900,3100,4300,14000,40000,44000,54000,55000,55000,33501,0,2100.0,3850.9832747615555,304.6494799928041,55306.56287899183,5871.917047252321
1783297660,1000,,Aggregated,239.700000,0.000000,2100,2500,2900,3100,4200,14000,40000,44000,54000,55000,55000,33720,0,2100.0,3837.6470336078255,304.6494799928041,55306.56287899183,5871.338671411625
1783297661,1000,,Aggregated,231.900000,0.000000,2100,2500,2900,3100,4200,14000,40000,44000,54000,55000,55000,33932,0,2100.0,3825.8162907307255,304.6494799928041,55306.56287899183,5870.484409996464
1783297662,1000,,Aggregated,231.900000,0.000000,2100,2500,2900,3100,4200,14000,40000,44000,54000,55000,55000,34177,0,2100.0,3813.4667623094474,304.6494799928041,55306.56287899183,5873.853234631477
1783297663,1000,,Aggregated,228.700000,0.000000,2100,2500,2900,3100,4200,14000,40000,44000,54000,55000,55000,34392,0,2100.0,3804.067446927307,304.6494799928041,55306.56287899183,5876.880408234473
1783297664,1000,,Aggregated,231.200000,0.000000,2100,2500,2900,3100,4200,13000,40000,44000,54000,55000,55000,34679,0,2100.0,3790.141344614288,304.6494799928041,55306.56287899183,5879.749416073128
1783297665,1000,,Aggregated,229.700000,0.000000,2100,2500,2900,3100,4200,13000,40000,44000,54000,55000,55000,34910,0,2100.0,3778.443402719963,304.6494799928041,55306.56287899183,5879.989172156975
1783297666,1000,,Aggregated,240.500000,0.000000,2100,2500,2900,3100,4200,13000,40000,44000,54000,55000,55000,35125,0,2100.0,3767.903143372016,304.6494799928041,55306.56287899183,5879.1645266903915
1783297667,1000,,Aggregated,238.700000,0.000000,2100,2500,2900,3100,4200,12000,40000,44000,54000,55000,55000,35357,0,2100.0,3756.645610444556,304.6494799928041,55306.56287899183,5876.777978900925
1783297668,1000,,Aggregated,242.600000,0.000000,2100,2500,2900,3100,4100,11000,39000,44000,54000,55000,55000,35605,0,2100.0,3745.544083255583,304.6494799928041,55306.56287899183,5878.391883162477
1783297669,1000,,Aggregated,234.100000,0.000000,2100,2500,2900,3100,4100,11000,39000,44000,54000,55000,55000,35807,0,2100.0,3736.308297043061,304.6494799928041,55306.56287899183,5878.183204401374
1783297670,1000,,Aggregated,232.400000,0.000000,2100,2500,2900,3100,4100,11000,39000,44000,54000,55000,55000,36007,0,2100.0,3727.938302698471,304.6494799928041,55306.56287899183,5875.3037742661145
1783297671,1000,,Aggregated,228.700000,0.000000,2100,2500,2900,3100,4100,11000,39000,44000,54000,55000,55000,36269,0,2100.0,3718.3234471836518,304.6494799928041,55306.56287899183,5872.632937219113
1783297672,1000,,Aggregated,227.500000,0.000000,2100,2500,2900,3100,4100,11000,39000,44000,54000,55000,55000,36496,0,2100.0,3709.0380332209766,304.6494799928041,55306.56287899183,5872.112286277948
1783297673,1000,,Aggregated,231.200000,0.000000,2100,2500,2900,3100,4100,10000,38000,44000,54000,55000,55000,36731,0,2100.0,3698.960974478284,304.6494799928041,55306.56287899183,5872.198769431815
1783297674,1000,,Aggregated,230.800000,0.000000,2100,2500,2900,3100,4100,10000,38000,43000,54000,55000,55000,36939,0,2100.0,3690.2229431467517,304.6494799928041,55306.56287899183,5871.848019708167
1783297675,1000,,Aggregated,233.800000,0.000000,2100,2500,2900,3100,4100,9800,37000,43000,54000,55000,55000,37209,0,2100.0,3679.2574868303873,304.6494799928041,55306.56287899183,5874.585637883308
1783297676,1000,,Aggregated,223.700000,0.000000,2100,2500,2900,3100,4100,9800,37000,43000,54000,55000,55000,37459,0,2100.0,3668.7502586237165,304.6494799928041,55306.56287899183,5878.431111348407
1783297677,1000,,Aggregated,227.300000,0.000000,2100,2500,2900,3100,4000,9600,37000,43000,54000,55000,55000,37713,0,2100.0,3657.034435019807,304.6494799928041,55306.56287899183,5878.147694428977
1783297678,1000,,Aggregated,231.900000,0.000000,2100,2500,2800,3100,4000,8900,37000,43000,54000,55000,55000,37843,0,2100.0,3651.0902254008206,304.6494799928041,55306.56287899183,5872.331051977909
1783297679,1000,,Aggregated,234.400000,0.000000,2100,2500,2800,3100,4000,8100,37000,43000,54000,55000,55000,38185,0,2100.0,3637.134001536005,304.6494799928041,55306.56287899183,5868.98509886081
1783297680,1000,,Aggregated,231.400000,0.000000,2100,2500,2800,3100,4000,8100,37000,43000,54000,55000,55000,38417,0,2100.0,3627.4495662037216,304.6494799928041,55306.56287899183,5865.677564619829
1783297681,1000,,Aggregated,233.800000,0.000000,2100,2500,2800,3100,4000,7200,37000,43000,54000,55000,55000,38644,0,2100.0,3617.9577038216103,304.6494799928041,55306.56287899183,5861.057395714729
1783297682,1000,,Aggregated,237.000000,0.000000,2100,2500,2800,3100,4000,6700,37000,43000,54000,55000,55000,38871,0,2100.0,3609.8993089027394,304.6494799928041,55306.56287899183,5862.996475521597
1783297683,1000,,Aggregated,235.400000,0.000000,2100,2500,2800,3100,4000,6500,37000,43000,54000,55000,55000,39118,0,2100.0,3601.4255623287877,304.6494799928041,55306.56287899183,5860.096144997188
1783297684,1000,,Aggregated,232.700000,0.000000,2100,2500,2800,3100,4000,6400,37000,43000,54000,55000,55000,39350,0,2100.0,3592.3465411784673,304.6494799928041,55306.56287899183,5856.994688691232
1783297685,1000,,Aggregated,236.100000,0.000000,2100,2500,2800,3100,3900,6300,36000,43000,54000,55000,55000,39567,0,2100.0,3583.805003167248,304.6494799928041,55306.56287899183,5855.95137361943
1783297686,1000,,Aggregated,238.000000,0.000000,2100,2500,2800,3100,3900,6200,35000,43000,54000,55000,55000,39774,0,2100.0,3575.8017020513034,304.6494799928041,55306.56287899183,5854.616382561472
1783297687,1000,,Aggregated,235.700000,0.000000,2100,2500,2800,3100,3900,6100,35000,43000,54000,55000,55000,40100,0,2100.0,3566.030700245301,304.6494799928041,55306.56287899183,5860.195037406484
1783297688,1000,,Aggregated,233.500000,0.000000,2100,2500,2800,3100,3900,6000,34000,43000,54000,55000,55000,40291,0,2100.0,3560.031921440887,304.6494799928041,55306.56287899183,5856.3294284083295
1783297689,1000,,Aggregated,227.700000,0.000000,2100,2500,2800,3100,3900,6000,34000,43000,54000,55000,55000,40506,0,2100.0,3553.8789839208735,304.6494799928041,55306.56287899183,5854.549375401175
1783297690,1000,,Aggregated,229.000000,0.000000,2100,2500,2800,3100,3900,5900,33000,43000,54000,55000,55000,40739,0,2100.0,3546.9955419462854,304.6494799928041,55306.56287899183,5853.56366135644
1783297691,1000,,Aggregated,225.300000,0.000000,2100,2500,2800,3100,3900,5900,33000,43000,54000,55000,55000,40986,0,2100.0,3539.8770339834728,304.6494799928041,55306.56287899183,5858.423559264139
1783297692,1000,,Aggregated,223.600000,0.000000,2100,2500,2800,3100,3900,5800,32000,43000,54000,55000,55000,41210,0,2100.0,3532.964513287904,304.6494799928041,55306.56287899183,5860.30798349915
1783297693,1000,,Aggregated,224.300000,0.000000,2100,2500,2800,3100,3900,5800,32000,43000,54000,55000,55000,41467,0,2100.0,3524.5761846589708,304.6494799928041,55306.56287899183,5855.149082402874
1783297694,1000,,Aggregated,227.600000,0.000000,2100,2500,2800,3100,3900,5700,32000,43000,54000,55000,55000,41713,0,2100.0,3516.361133170182,304.6494799928041,55306.56287899183,5854.156761681011
1783297695,1000,,Aggregated,223.600000,0.000000,2100,2500,2800,3100,3900,5700,32000,43000,54000,55000,55000,41961,0,2100.0,3508.35243560379,304.6494799928041,55306.56287899183,5851.022854555421
1783297696,1000,,Aggregated,226.700000,0.000000,2100,2500,2800,3000,3900,5700,32000,43000,54000,55000,55000,42191,0,2100.0,3499.2191663776725,304.6494799928041,55306.56287899183,5848.549335166268
1783297697,1000,,Aggregated,228.900000,0.000000,2100,2500,2800,3000,3900,5600,32000,43000,54000,55000,55000,42446,0,2100.0,3489.687150926592,304.6494799928041,55306.56287899183,5850.2035763087215
1783297698,1000,,Aggregated,228.400000,0.000000,2100,2500,2800,3000,3900,5600,32000,43000,54000,55000,55000,42665,0,2100.0,3481.490980135923,304.6494799928041,55306.56287899183,5850.65658033517
1783297699,1000,,Aggregated,232.500000,0.000000,2100,2500,2800,3000,3900,5600,32000,43000,54000,55000,55000,42879,0,2100.0,3474.260798053364,304.6494799928041,55306.56287899183,5849.580727162481
1783297700,1000,,Aggregated,234.500000,0.000000,2100,2500,2800,3000,3800,5500,32000,43000,54000,55000,55000,43115,0,2100.0,3466.8356844657164,304.6494799928041,55306.56287899183,5844.58448335846
1783297701,1000,,Aggregated,236.800000,0.000000,2100,2500,2800,3000,3800,5500,32000,43000,54000,55000,55000,43346,0,2100.0,3460.28981912745,304.6494799928041,55306.56287899183,5845.964633414848
1783297702,1000,,Aggregated,236.000000,0.000000,2100,2500,2800,3000,3800,5500,32000,43000,54000,55000,55000,43605,0,2100.0,3452.8188219836616,304.6494799928041,55306.56287899183,5848.0198601077855
1783297704,1000,,Aggregated,234.000000,0.000000,2100,2500,2800,3000,3800,5500,31000,43000,54000,55000,55000,43809,0,2100.0,3445.9544518476932,304.6494799928041,55306.56287899183,5845.435595425597
1783297705,1000,,Aggregated,239.300000,0.000000,2100,2500,2800,3000,3800,5400,31000,43000,54000,55000,55000,44149,0,2100.0,3434.6061129924647,304.6494799928041,55306.56287899183,5845.090489025799
1783297706,1000,,Aggregated,231.800000,0.000000,2100,2500,2800,3000,3800,5400,31000,43000,54000,55000,55000,44402,0,2100.0,3425.749365855869,304.6494799928041,55306.56287899183,5844.8730462591775
1783297707,1000,,Aggregated,238.100000,0.000000,2100,2500,2800,3000,3800,5300,31000,43000,54000,55000,55000,44655,0,2100.0,3416.799388792928,304.6494799928041,55306.56287899183,5843.610793864069
1783297708,1000,,Aggregated,235.900000,0.000000,2100,2500,2800,3000,3800,5300,31000,42000,54000,55000,55000,44936,0,2100.0,3407.2195565559095,304.6494799928041,55306.56287899183,5846.667682926829
1783297709,1000,,Aggregated,239.100000,0.000000,2100,2500,2800,3000,3800,5300,31000,42000,54000,55000,55000,45190,0,2100.0,3398.253031365182,304.6494799928041,55306.56287899183,5844.167315777827
1783297710,1000,,Aggregated,239.900000,0.000000,2100,2500,2800,3000,3800,5300,31000,42000,54000,55000,55000,45439,0,2100.0,3388.616203584837,304.6494799928041,55306.56287899183,5841.802966614582
1783297711,1000,,Aggregated,246.000000,0.000000,2100,2500,2800,3000,3800,5300,31000,42000,54000,55000,55000,45668,0,2100.0,3380.0347640127684,304.6494799928041,55306.56287899183,5843.184264693002
1783297712,1000,,Aggregated,249.300000,0.000000,2100,2500,2800,3000,3800,5200,31000,42000,54000,55000,55000,45879,0,2100.0,3373.774994536803,304.6494799928041,55306.56287899183,5844.77582336145
1783297713,1000,,Aggregated,249.600000,0.000000,2100,2500,2800,3000,3800,5200,31000,42000,54000,55000,55000,46150,0,2100.0,3365.4311023774603,304.6494799928041,55306.56287899183,5845.551440953413
1783297714,1000,,Aggregated,238.900000,0.000000,2100,2500,2800,3000,3800,5200,31000,42000,54000,55000,55000,46385,0,2100.0,3358.5466706913794,304.6494799928041,55306.56287899183,5844.8927239409295
1783297715,1000,,Aggregated,247.200000,0.000000,2100,2500,2800,3000,3800,5200,31000,42000,54000,55000,55000,46629,0,2100.0,3351.236837172725,304.6494799928041,55306.56287899183,5842.742434965365
1783297716,1000,,Aggregated,250.600000,0.000000,2100,2500,2800,3000,3800,5200,31000,42000,54000,55000,55000,46848,0,2100.0,3344.6980802219723,304.6494799928041,55306.56287899183,5838.335233094263
1783297717,1000,,Aggregated,245.100000,0.000000,2100,2500,2800,3000,3800,5200,31000,42000,54000,55000,55000,47103,0,2100.0,3337.423401229197,304.6494799928041,55306.56287899183,5841.337430736896
1783297718,1000,,Aggregated,244.600000,0.000000,2000,2500,2800,3000,3700,5200,31000,42000,54000,55000,55000,47359,0,2000.0,3329.624542782042,304.6494799928041,55306.56287899183,5839.11214341519
1783297719,1000,,Aggregated,245.600000,0.000000,2000,2500,2800,3000,3700,5100,31000,42000,54000,55000,55000,47589,0,2000.0,3323.22428086053,304.6494799928041,55306.56287899183,5839.48343104499
1783297720,1000,,Aggregated,242.200000,0.000000,2000,2500,2800,3000,3700,5100,31000,42000,54000,55000,55000,47783,0,2000.0,3317.6940286679705,304.6494799928041,55306.56287899183,5838.899441223866
1783297721,1000,,Aggregated,237.500000,0.000000,2000,2500,2800,3000,3700,5100,31000,42000,54000,55000,55000,48128,0,2000.0,3310.038836251783,304.6494799928041,55306.56287899183,5839.74785987367
1783297722,1000,,Aggregated,237.200000,0.000000,2000,2500,2800,3000,3700,5100,31000,42000,54000,55000,55000,48427,0,2000.0,3302.9780641712614,304.6494799928041,55306.56287899183,5836.409028021558
1783297724,1000,,Aggregated,238.100000,0.000000,2000,2500,2800,3000,3700,5100,31000,42000,54000,55000,55000,48631,0,2000.0,3297.8424414518054,304.6494799928041,55306.56287899183,5834.498611996463
1783297725,1000,,Aggregated,233.600000,0.000000,2000,2500,2800,3000,3700,5000,31000,42000,54000,55000,55000,48916,0,2000.0,3291.2636535623496,304.6494799928041,55306.56287899183,5838.454840951836
1783297726,1000,,Aggregated,231.600000,0.000000,2000,2500,2800,3000,3700,5000,31000,42000,54000,55000,55000,49188,0,2000.0,3284.0977484833693,304.6494799928041,55306.56287899183,5840.204338456534
1783297727,1000,,Aggregated,230.800000,0.000000,2000,2500,2800,3000,3700,5000,31000,42000,54000,55000,55000,49449,0,2000.0,3277.007210213047,304.6494799928041,55306.56287899183,5841.576068272361
1783297728,1000,,Aggregated,237.100000,0.000000,2000,2500,2800,3000,3700,5000,31000,42000,54000,55000,55000,49704,0,2000.0,3269.326211261,304.6494799928041,55306.56287899183,5839.389465636568
1783297729,1000,,Aggregated,236.600000,0.000000,2000,2500,2800,3000,3700,5000,31000,42000,54000,55000,55000,49901,0,2000.0,3263.8165591995694,304.6494799928041,55306.56287899183,5836.52748441915
1783297730,1000,,Aggregated,239.300000,0.000000,2000,2500,2700,3000,3700,5000,31000,42000,54000,55000,55000,50143,0,2000.0,3258.2672139857955,304.6494799928041,55306.56287899183,5834.526135253176
1783297731,1000,,Aggregated,236.000000,0.000000,2000,2500,2700,3000,3700,4900,31000,42000,54000,55000,55000,50376,0,2000.0,3252.1759390753264,304.6494799928041,55306.56287899183,5834.697752898205
1783297732,1000,,Aggregated,232.500000,0.000000,2000,2500,2700,3000,3700,4900,31000,42000,54000,55000,55000,50646,0,2000.0,3245.465052049238,304.6494799928041,55306.56287899183,5837.2117837539
1783297733,1000,,Aggregated,239.200000,0.000000,2000,2500,2700,3000,3700,4900,30000,42000,54000,55000,55000,50896,0,2000.0,3238.910602490307,304.6494799928041,55306.56287899183,5843.39692706696
1783297734,1000,,Aggregated,247.000000,0.000000,2000,2400,2700,3000,3700,4900,30000,42000,54000,55000,55000,51148,0,2000.0,3232.074208311873,304.6494799928041,55306.56287899183,5840.573433956362
1783297735,1000,,Aggregated,241.400000,0.000000,2000,2400,2700,3000,3600,4900,30000,42000,54000,55000,55000,51391,0,2000.0,3225.5437592470216,304.6494799928041,55306.56287899183,5842.033118639451
1783297736,1000,,Aggregated,246.300000,0.000000,2000,2400,2700,3000,3600,4900,30000,42000,54000,55000,55000,51599,0,2000.0,3219.754568789231,304.6494799928041,55306.56287899183,5841.8249190875795
1783297737,1000,,Aggregated,246.800000,0.000000,2000,2400,2700,3000,3600,4900,30000,42000,54000,55000,55000,51856,0,2000.0,3213.364923217017,304.6494799928041,55306.56287899183,5844.088417926566
1783297738,1000,,Aggregated,241.100000,0.000000,2000,2400,2700,3000,3600,4800,30000,42000,54000,55000,55000,52093,0,2000.0,3207.7176320825015,304.6494799928041,55306.56287899183,5842.489854682971
1783297739,1000,,Aggregated,238.700000,0.000000,2000,2400,2700,2900,3600,4800,30000,42000,54000,55000,55000,52487,0,2000.0,3198.2977669053957,304.6494799928041,55306.56287899183,5843.985310648351
1783297740,1000,,Aggregated,237.800000,0.000000,2000,2400,2700,2900,3600,4800,30000,42000,54000,55000,55000,52796,0,2000.0,3188.846534627386,304.6494799928041,55306.56287899183,5843.395257216456
1783297741,1000,,Aggregated,244.700000,0.000000,2000,2400,2700,2900,3600,4800,30000,42000,54000,55000,55000,53036,0,2000.0,3181.0867969429937,304.6494799928041,55306.56287899183,5839.17094049325
1783297742,1000,,Aggregated,251.100000,0.000000,2000,2400,2700,2900,3600,4800,30000,42000,54000,55000,55000,53291,0,2000.0,3173.1893998748237,304.6494799928041,55306.56287899183,5836.598862847385
1783297743,1000,,Aggregated,253.700000,0.000000,2000,2400,2700,2900,3600,4800,30000,42000,54000,55000,55000,53517,0,2000.0,3166.6756142625163,304.6494799928041,55306.56287899183,5836.015752004036
1783297744,1000,,Aggregated,252.200000,0.000000,2000,2400,2700,2900,3600,4800,30000,42000,54000,55000,55000,53760,0,2000.0,3160.1204201996625,304.6494799928041,55306.56287899183,5834.816369047619
1783297745,1000,,Aggregated,252.700000,0.000000,2000,2400,2700,2900,3600,4800,30000,42000,54000,55000,55000,53995,0,2000.0,3154.8554753176527,304.6494799928041,55306.56287899183,5834.995721826095
1783297746,1000,,Aggregated,250.600000,0.000000,2000,2400,2700,2900,3600,4700,30000,42000,54000,55000,55000,54237,0,2000.0,3149.7760680242764,304.6494799928041,55306.56287899183,5835.9456090860485
1783297747,1000,,Aggregated,248.000000,0.000000,2000,2400,2700,2900,3600,4700,30000,42000,54000,55000,55000,54444,0,2000.0,3146.746286452549,304.6494799928041,55306.56287899183,5836.416593196679
1783297748,1000,,Aggregated,249.500000,0.000000,2000,2400,2700,2900,3600,4700,30000,42000,54000,55000,55000,54687,0,2000.0,3141.871765733271,304.6494799928041,55306.56287899183,5834.747892552161
1783297749,1000,,Aggregated,243.300000,0.000000,2000,2400,2700,2900,3600,4700,30000,42000,54000,55000,55000,54939,0,2000.0,3136.9820619300162,304.6494799928041,55306.56287899183,5837.510347840332
1783297750,1000,,Aggregated,248.600000,0.000000,2000,2400,2700,2900,3600,4700,30000,42000,54000,55000,55000,55168,0,2000.0,3132.2789443526353,304.6494799928041,55306.56287899183,5836.941034657772
1783297751,1000,,Aggregated,243.900000,0.000000,2000,2400,2700,2900,3600,4700,30000,41000,54000,55000,55000,55406,0,2000.0,3127.5270044466533,304.6494799928041,55306.56287899183,5838.468505216041
1783297752,1000,,Aggregated,240.300000,0.000000,2000,2400,2700,2900,3600,4700,29000,41000,54000,55000,55000,55675,0,2000.0,3121.94958802621,304.6494799928041,55306.56287899183,5839.532950157162
1783297753,1000,,Aggregated,234.400000,0.000000,2000,2400,2700,2900,3600,4700,29000,41000,54000,55000,55000,55935,0,2000.0,3116.000234912384,304.6494799928041,55306.56287899183,5839.033771341736
1783297754,1000,,Aggregated,235.600000,0.000000,2000,2400,2700,2900,3600,4700,29000,41000,54000,55000,55000,56179,0,2000.0,3110.133359302144,304.6494799928041,55306.56287899183,5835.355987112622
1783297755,1000,,Aggregated,237.800000,0.000000,2000,2400,2700,2900,3500,4700,29000,41000,54000,55000,55000,56432,0,2000.0,3104.31358212227,304.6494799928041,55306.56287899183,5837.2434788772325
1783297756,1000,,Aggregated,240.100000,0.000000,2000,2400,2700,2900,3500,4700,29000,41000,54000,55000,55000,56668,0,2000.0,3099.8573331487587,304.6494799928041,55306.56287899183,5837.177684054493
1783297757,1000,,Aggregated,243.000000,0.000000,2000,2400,2700,2900,3500,4700,29000,41000,54000,55000,55000,56911,0,2000.0,3093.996381663246,304.6494799928041,55306.56287899183,5833.960499727645
1783297758,1000,,Aggregated,238.300000,0.000000,2000,2400,2700,2900,3500,4700,29000,41000,54000,55000,55000,57118,0,2000.0,3090.0694732638567,304.6494799928041,55306.56287899183,5835.5268916978885
1783297759,1000,,Aggregated,250.900000,0.000000,2000,2400,2700,2900,3500,4600,29000,41000,54000,55000,55000,57358,0,2000.0,3085.5645704091125,304.6494799928041,55306.56287899183,5836.691638481118
1783297760,1000,,Aggregated,243.300000,0.000000,2000,2400,2700,2900,3500,4600,28000,41000,54000,55000,55000,57609,0,2000.0,3080.887621559339,304.6494799928041,55306.56287899183,5836.306080647121
1783297761,1000,,Aggregated,241.400000,0.000000,2000,2400,2700,2900,3500,4600,28000,41000,54000,55000,55000,57836,0,2000.0,3077.1913495453186,304.6494799928041,55306.56287899183,5836.351390137631
1783297762,1000,,Aggregated,242.600000,0.000000,2000,2400,2700,2900,3500,4600,27000,41000,54000,55000,55000,58117,0,2000.0,3072.0888825702823,304.6494799928041,55306.56287899183,5836.831546707504
1783297763,1000,,Aggregated,244.900000,0.000000,2000,2400,2700,2900,3500,4600,27000,41000,54000,55000,55000,58345,0,2000.0,3067.846151347896,304.6494799928041,55306.56287899183,5837.244665352644
1783297764,1000,,Aggregated,241.500000,0.000000,2000,2400,2700,2900,3500,4600,27000,41000,54000,55000,55000,58573,0,2000.0,3063.3239366381263,304.6494799928041,55306.56287899183,5837.867157222611
1783297765,1000,,Aggregated,241.800000,0.000000,2000,2400,2700,2900,3500,4600,27000,41000,54000,55000,55000,58802,0,2000.0,3059.7681189288814,304.6494799928041,55306.56287899183,5839.076715077718
1783297766,1000,,Aggregated,240.000000,0.000000,2000,2400,2700,2900,3500,4600,27000,41000,54000,55000,55000,59090,0,2000.0,3054.319868564479,304.6494799928041,55306.56287899183,5842.729023523439
1783297767,1000,,Aggregated,237.600000,0.000000,2000,2400,2700,2900,3500,4600,26000,41000,54000,55000,55000,59305,0,2000.0,3050.248935645171,304.6494799928041,55306.56287899183,5842.536767557542
1783297768,1000,,Aggregated,240.300000,0.000000,2000,2400,2700,2900,3500,4600,26000,41000,54000,55000,55000,59552,0,2000.0,3045.7420222551377,304.6494799928041,55306.56287899183,5845.018370499732
1783297769,1000,,Aggregated,237.300000,0.000000,2000,2400,2700,2900,3500,4600,26000,41000,54000,55000,55000,59787,0,2000.0,3041.553580300133,304.6494799928041,55306.56287899183,5847.067372505729
1783297770,1000,,Aggregated,235.500000,0.000000,2000,2400,2700,2900,3500,4600,26000,41000,54000,55000,55000,60058,0,2000.0,3036.6181798231623,304.6494799928041,55306.56287899183,5847.038379566419
1783297771,1000,,Aggregated,240.600000,0.000000,2000,2400,2700,2900,3500,4600,26000,41000,54000,55000,55000,60266,0,2000.0,3033.027903445135,304.6494799928041,55306.56287899183,5848.354943085654
1783297772,1000,,Aggregated,238.900000,0.000000,2000,2400,2700,2900,3500,4600,25000,41000,54000,55000,55000,60480,0,2000.0,3029.371825007214,304.6494799928041,55306.56287899183,5848.82025462963
1783297773,1000,,Aggregated,240.600000,0.000000,2000,2400,2700,2900,3500,4500,25000,41000,54000,55000,55000,60683,0,2000.0,3026.701353749326,304.6494799928041,55306.56287899183,5848.476393718175
1783297774,1000,,Aggregated,239.200000,0.000000,2000,2400,2700,2900,3500,4500,25000,41000,54000,55000,55000,60913,0,2000.0,3024.043105900538,304.6494799928041,55306.56287899183,5845.206819562327
1783297775,1000,,Aggregated,233.000000,0.000000,2000,2400,2700,2900,3500,4500,23000,41000,54000,55000,55000,61131,0,2000.0,3022.624225028931,304.6494799928041,55306.56287899183,5844.45227462335
1783297776,1000,,Aggregated,230.000000,0.000000,2000,2400,2700,2900,3500,4500,23000,41000,54000,55000,55000,61387,0,2000.0,3019.3354007840994,304.6494799928041,55306.56287899183,5848.999250655676
1783297777,1000,,Aggregated,230.600000,0.000000,2000,2400,2700,2900,3500,4500,23000,40000,54000,55000,55000,61635,0,2000.0,3015.6469682671777,304.6494799928041,55306.56287899183,5850.111787133934
1783297778,1000,,Aggregated,230.700000,0.000000,2000,2400,2700,2900,3500,4500,23000,40000,54000,55000,55000,61871,0,2000.0,3011.254466024431,304.6494799928041,55306.56287899183,5848.64823584555
1783297779,1000,,Aggregated,229.000000,0.000000,2000,2400,2700,2900,3500,4500,23000,40000,53000,55000,55000,62118,0,2000.0,3006.8307708347756,304.6494799928041,55306.56287899183,5846.573811133649
1783297780,1000,,Aggregated,232.700000,0.000000,2000,2400,2700,2900,3500,4500,23000,40000,53000,55000,55000,62367,0,2000.0,3002.8453275602415,304.6494799928041,55306.56287899183,5847.408244744817
1783297781,1000,,Aggregated,230.800000,0.000000,2000,2400,2700,2900,3500,4500,23000,40000,53000,55000,55000,62615,0,2000.0,2998.9540048784097,304.6494799928041,55306.56287899183,5849.726870558173
1783297782,1000,,Aggregated,232.600000,0.000000,2000,2400,2700,2900,3500,4500,22000,40000,53000,55000,55000,62863,0,2000.0,2994.7396332531976,304.6494799928041,55306.56287899183,5849.4485309323445
1783297783,1000,,Aggregated,230.400000,0.000000,2000,2400,2700,2900,3500,4500,22000,40000,53000,55000,55000,63089,0,2000.0,2990.7862621329546,304.6494799928041,55306.56287899183,5848.380684429932
1783297785,1000,,Aggregated,234.500000,0.000000,2000,2400,2700,2900,3500,4500,22000,40000,53000,55000,55000,63287,0,2000.0,2987.591102480702,304.6494799928041,55306.56287899183,5845.871948425427
1783297786,1000,,Aggregated,239.800000,0.000000,2000,2400,2700,2900,3500,4500,22000,40000,53000,55000,55000,63711,0,2000.0,2981.1953471655256,304.6494799928041,55306.56287899183,5848.6192337273
1783297787,1000,,Aggregated,235.100000,0.000000,2000,2400,2700,2900,3500,4500,22000,40000,53000,55000,55000,63988,0,2000.0,2975.5506494419546,304.6494799928041,55306.56287899183,5850.254047633932
1783297788,1000,,Aggregated,248.000000,0.000000,2000,2400,2700,2900,3500,4500,22000,40000,53000,55000,55000,64234,0,2000.0,2970.314679830831,304.6494799928041,55306.56287899183,5851.52778902139
1783297789,1000,,Aggregated,248.200000,0.000000,2000,2400,2700,2900,3500,4400,21000,40000,53000,55000,55000,64454,0,2000.0,2965.7165815332282,304.6494799928041,55306.56287899183,5848.819375058181
1783297790,1000,,Aggregated,246.300000,0.000000,2000,2400,2700,2900,3500,4400,21000,40000,53000,55000,55000,64673,0,2000.0,2961.7194523539283,304.6494799928041,55306.56287899183,5847.684304114546
1783297791,1000,,Aggregated,248.200000,0.000000,2000,2400,2700,2900,3500,4400,21000,40000,53000,55000,55000,64910,0,2000.0,2958.1291477457944,304.6494799928041,55306.56287899183,5845.19785857341
1783297792,1000,,Aggregated,244.700000,0.000000,2000,2400,2700,2900,3500,4400,21000,40000,53000,55000,55000,65162,0,2000.0,2954.655665322711,304.6494799928041,55306.56287899183,5845.503591049998
1783297793,1000,,Aggregated,243.100000,0.000000,2000,2400,2700,2900,3400,4400,21000,40000,53000,55000,55000,65404,0,2000.0,2951.524627890776,304.6494799928041,55306.56287899183,5847.6585071249465
1783297794,1000,,Aggregated,243.300000,0.000000,2000,2400,2700,2900,3400,4400,21000,40000,53000,55000,55000,65646,0,2000.0,2948.2865980555007,304.6494799928041,55306.56287899183,5849.975276482954
1783297795,1000,,Aggregated,241.600000,0.000000,2000,2400,2700,2900,3400,4400,21000,40000,53000,55000,55000,65893,0,2000.0,2945.4177466728547,304.6494799928041,55306.56287899183,5848.753797823744
1783297796,1000,,Aggregated,244.600000,0.000000,2000,2400,2700,2900,3400,4400,21000,40000,53000,55000,55000,66167,0,2000.0,2939.910373085506,296.8988009961322,55306.56287899183,5848.345036045159
1783297797,1000,,Aggregated,241.100000,0.000000,2000,2400,2700,2900,3400,4400,21000,40000,53000,55000,55000,66428,0,2000.0,2935.2693176176167,296.8988009961322,55306.56287899183,5849.0096947070515
1783297798,1000,,Aggregated,243.300000,0.000000,2000,2400,2700,2800,3400,4400,21000,40000,53000,55000,55000,66667,0,2000.0,2930.786689211019,296.8988009961322,55306.56287899183,5849.874195629021
1783297799,1000,,Aggregated,240.900000,0.000000,2000,2400,2700,2800,3400,4400,21000,40000,53000,55000,55000,66911,0,2000.0,2926.5090953949143,296.8988009961322,55306.56287899183,5850.2557576482195
1783297800,1000,,Aggregated,243.700000,0.000000,2000,2400,2700,2800,3400,4400,21000,40000,53000,55000,55000,67148,0,2000.0,2922.54419182424,296.8988009961322,55306.56287899183,5849.750074462381
1783297801,1000,,Aggregated,241.100000,0.000000,2000,2400,2700,2800,3400,4400,21000,40000,53000,55000,55000,67363,0,2000.0,2919.647660528347,296.8988009961322,55306.56287899183,5848.006101272212
1783297802,1000,,Aggregated,245.100000,0.000000,2000,2400,2700,2800,3400,4400,20000,40000,53000,55000,55000,67600,0,2000.0,2916.9730264384752,296.8988009961322,55306.56287899183,5845.9378402366865
1783297803,1000,,Aggregated,243.400000,0.000000,2000,2400,2700,2800,3400,4400,20000,40000,53000,55000,55000,67818,0,2000.0,2914.689005816832,296.8988009961322,55306.56287899183,5845.07095461382
1783297804,1000,,Aggregated,242.100000,0.000000,2000,2400,2700,2800,3400,4400,20000,40000,53000,55000,55000,68068,0,2000.0,2912.1140133068793,296.8988009961322,55306.56287899183,5843.948184168772
1783297805,1000,,Aggregated,239.500000,0.000000,2000,2400,2700,2800,3400,4400,20000,40000,53000,55000,55000,68297,0,2000.0,2910.4721204020034,296.8988009961322,55306.56287899183,5843.110326954332
1783297806,1000,,Aggregated,239.400000,0.000000,2000,2400,2700,2800,3400,4400,20000,40000,53000,55000,55000,68546,0,2000.0,2907.1108410590073,296.8988009961322,55306.56287899183,5840.128672716132
1783297807,1000,,Aggregated,237.100000,0.000000,2000,2400,2700,2800,3400,4400,20000,40000,53000,55000,55000,68769,0,2000.0,2903.844124821544,296.8988009961322,55306.56287899183,5839.267242507525
1783297808,1000,,Aggregated,237.400000,0.000000,2000,2400,2700,2800,3400,4300,20000,40000,53000,55000,55000,69019,0,2000.0,2900.449820144839,296.8988009961322,55306.56287899183,5839.022008432461
1783297809,1000,,Aggregated,235.000000,0.000000,2000,2400,2700,2800,3400,4300,20000,40000,53000,55000,55000,69240,0,2000.0,2897.6200223157225,296.8988009961322,55306.56287899183,5837.650404390526
1783297810,1000,,Aggregated,234.300000,0.000000,2000,2400,2700,2800,3400,4300,20000,40000,53000,55000,55000,69490,0,2000.0,2894.3694607552684,296.8988009961322,55306.56287899183,5837.098258742265
1783297811,1000,,Aggregated,234.900000,0.000000,2000,2400,2700,2800,3400,4300,20000,40000,53000,55000,55000,69753,0,2000.0,2890.8976060075493,296.8988009961322,55306.56287899183,5840.027468352616
1783297812,1000,,Aggregated,232.700000,0.000000,2000,2400,2600,2800,3400,4300,20000,40000,53000,55000,55000,69996,0,2000.0,2888.024193944965,296.8988009961322,55306.56287899183,5841.568246756958
1783297813,1000,,Aggregated,236.600000,0.000000,2000,2400,2600,2800,3400,4300,20000,40000,53000,55000,55000,70223,0,2000.0,2884.7281990824763,296.8988009961322,55306.56287899183,5840.613146689831
1783297814,1000,,Aggregated,237.900000,0.000000,2000,2400,2600,2800,3400,4300,20000,40000,53000,55000,55000,70459,0,2000.0,2881.711945335368,296.8988009961322,55306.56287899183,5839.072595410096
1783297815,1000,,Aggregated,241.600000,0.000000,2000,2400,2600,2800,3400,4300,20000,40000,53000,55000,55000,70752,0,2000.0,2879.2281121202805,296.8988009961322,55306.56287899183,5847.399748417006
1783297816,1000,,Aggregated,237.700000,0.000000,2000,2400,2600,2800,3400,4300,19000,39000,53000,55000,55000,70926,0,2000.0,2876.2532622693234,296.8988009961322,55306.56287899183,5839.821630995686
1783297817,1000,,Aggregated,240.100000,0.000000,2000,2400,2600,2800,3400,4300,19000,39000,53000,55000,55000,71172,0,2000.0,2873.1684154481,296.8988009961322,55306.56287899183,5843.63828471871
1783297818,1000,,Aggregated,238.200000,0.000000,2000,2400,2600,2800,3400,4300,19000,39000,53000,55000,55000,71402,0,2000.0,2870.1126436768036,296.8988009961322,55306.56287899183,5844.5104899022435
1783297819,1000,,Aggregated,239.800000,0.000000,2000,2400,2600,2800,3400,4300,19000,39000,53000,55000,55000,71610,0,2000.0,2867.712222010209,296.8988009961322,55306.56287899183,5844.045370758274
1783297820,1000,,Aggregated,237.600000,0.000000,2000,2400,2600,2800,3400,4300,19000,39000,53000,55000,55000,71847,0,2000.0,2865.499452329882,296.8988009961322,55306.56287899183,5841.779030439684
1783297821,1000,,Aggregated,236.700000,0.000000,2000,2400,2600,2800,3400,4300,19000,39000,53000,55000,55000,72069,0,2000.0,2863.3003820374915,296.8988009961322,55306.56287899183,5840.757704422151
1783297822,1000,,Aggregated,235.000000,0.000000,2000,2400,2600,2800,3400,4300,18000,39000,53000,55000,55000,72366,0,2000.0,2860.158396693888,296.8988009961322,55306.56287899183,5842.340546665561
1783297823,1000,,Aggregated,233.400000,0.000000,2000,2400,2600,2800,3400,4300,18000,39000,53000,55000,55000,72597,0,2000.0,2857.2762636062503,296.8988009961322,55306.56287899183,5841.829497086656
1783297824,1000,,Aggregated,233.600000,0.000000,2000,2400,2600,2800,3400,4300,18000,39000,53000,55000,55000,72818,0,2000.0,2854.569219796903,296.8988009961322,55306.56287899183,5841.105633222555
1783297825,1000,,Aggregated,236.400000,0.000000,2000,2400,2600,2800,3400,4300,18000,39000,53000,55000,55000,73071,0,2000.0,2851.940920111969,296.8988009961322,55306.56287899183,5840.4554611268495
1783297826,1000,,Aggregated,236.000000,0.000000,2000,2400,2600,2800,3400,4200,18000,38000,53000,55000,55000,73322,0,2000.0,2848.111151022442,296.8988009961322,55306.56287899183,5838.08571779275
1783297827,1000,,Aggregated,241.300000,0.000000,2000,2400,2600,2800,3400,4200,18000,38000,53000,55000,55000,73555,0,2000.0,2844.9826027340314,296.8988009961322,55306.56287899183,5837.154455849364
1783297828,1000,,Aggregated,237.900000,0.000000,2000,2400,2600,2800,3400,4200,18000,38000,53000,55000,55000,73801,0,2000.0,2842.0690779257516,296.8988009961322,55306.56287899183,5839.039796208724
1783297829,1000,,Aggregated,235.000000,0.000000,2000,2400,2600,2800,3400,4200,18000,38000,53000,55000,55000,74029,0,2000.0,2839.011080954414,296.8988009961322,55306.56287899183,5837.952059328101
1783297830,1000,,Aggregated,236.300000,0.000000,2000,2400,2600,2800,3400,4200,18000,38000,53000,55000,55000,74275,0,2000.0,2836.1054472984497,296.8988009961322,55306.56287899183,5839.16433524066
1783297831,1000,,Aggregated,239.500000,0.000000,2000,2400,2600,2800,3400,4200,18000,37000,53000,55000,55000,74519,0,2000.0,2833.510889710145,296.8988009961322,55306.56287899183,5839.443054791395
1783297832,1000,,Aggregated,241.000000,0.000000,2000,2400,2600,2800,3400,4200,18000,37000,53000,55000,55000,74752,0,2000.0,2830.8125584011286,296.8988009961322,55306.56287899183,5840.296553938356
1783297833,1000,,Aggregated,241.600000,0.000000,2000,2400,2600,2800,3400,4200,18000,37000,53000,55000,55000,74963,0,2000.0,2828.598235896845,296.8988009961322,55306.56287899183,5842.770753571762
1783297834,1000,,Aggregated,241.300000,0.000000,2000,2400,2600,2800,3400,4200,18000,37000,52000,55000,55000,75214,0,2000.0,2826.221536906482,296.8988009961322,55306.56287899183,5841.496942058659
1783297835,1000,,Aggregated,235.100000,0.000000,2000,2400,2600,2800,3400,4200,18000,37000,52000,55000,55000,75450,0,2000.0,2825.0448770581843,296.8988009961322,55306.56287899183,5839.478515573227
1783297836,1000,,Aggregated,236.300000,0.000000,2000,2400,2600,2800,3400,4200,18000,37000,52000,55000,55000,75694,0,2000.0,2822.3580338792913,296.8988009961322,55306.56287899183,5840.522511691812
1783297837,1000,,Aggregated,233.300000,0.000000,2000,2400,2600,2800,3400,4200,18000,37000,52000,55000,55000,75931,0,2000.0,2819.5245874189727,296.8988009961322,55306.56287899183,5842.407396188645
1783297838,1000,,Aggregated,236.400000,0.000000,2000,2400,2600,2800,3400,4200,17000,37000,52000,55000,55000,76171,0,2000.0,2816.5006767569016,296.8988009961322,55306.56287899183,5840.2996022108155
1783297839,1000,,Aggregated,239.600000,0.000000,2000,2400,2600,2800,3400,4200,17000,37000,52000,55000,55000,76401,0,2000.0,2813.692152463412,296.8988009961322,55306.56287899183,5839.5454771534405
1783297840,1000,,Aggregated,237.500000,0.000000,2000,2400,2600,2800,3400,4200,17000,37000,52000,55000,55000,76639,0,2000.0,2811.249587106033,296.8988009961322,55306.56287899183,5838.176711595924
1783297841,1000,,Aggregated,237.100000,0.000000,2000,2400,2600,2800,3400,4200,17000,37000,52000,55000,55000,76883,0,2000.0,2808.813913117026,296.8988009961322,55306.56287899183,5838.359546323634
1783297842,1000,,Aggregated,237.300000,0.000000,2000,2400,2600,2800,3400,4200,17000,37000,52000,55000,55000,77112,0,2000.0,2806.6272660075797,296.8988009961322,55306.56287899183,5840.121563440191
1783297843,1000,,Aggregated,235.500000,0.000000,2000,2400,2600,2800,3400,4200,17000,37000,52000,55000,55000,77365,0,2000.0,2803.95614084549,296.8988009961322,55306.56287899183,5839.076106766625
1783297844,1000,,Aggregated,234.700000,0.000000,2000,2400,2600,2800,3400,4200,17000,37000,52000,55000,55000,77589,0,2000.0,2801.6691329745754,296.8988009961322,55306.56287899183,5839.100452383715
1783297846,1000,,Aggregated,238.800000,0.000000,2000,2400,2600,2800,3400,4200,17000,37000,52000,55000,55000,77806,0,2000.0,2799.7012543617984,296.8988009961322,55306.56287899183,5840.396357607382
1783297847,1000,,Aggregated,245.700000,0.000000,2000,2400,2600,2800,3400,4200,17000,37000,52000,55000,55000,78228,0,2000.0,2795.943760779926,279.38326900766697,55306.56287899183,5841.483931584599
1783297848,1000,,Aggregated,224.000000,0.000000,2000,2400,2600,2800,3400,4200,17000,37000,52000,55000,55000,78482,0,2000.0,2792.3919101187303,279.38326900766697,55306.56287899183,5845.532415076068
1783297849,1000,,Aggregated,239.800000,0.000000,2000,2400,2600,2800,3400,4200,17000,37000,52000,55000,55000,78700,0,2000.0,2789.728609487868,279.38326900766697,55306.56287899183,5844.056086404066
1783297850,1000,,Aggregated,242.500000,0.000000,2000,2400,2600,2800,3400,4200,17000,36000,52000,55000,55000,78963,0,2000.0,2786.3749104706662,279.38326900766697,55306.56287899183,5841.277965629472
1783297851,1000,,Aggregated,237.900000,0.000000,2000,2400,2600,2800,3400,4100,17000,36000,52000,55000,55000,79231,0,2000.0,2783.098746650353,279.38326900766697,55306.56287899183,5838.993474776287
1783297852,1000,,Aggregated,240.100000,0.000000,2000,2400,2600,2800,3300,4100,17000,35000,52000,55000,55000,79489,0,2000.0,2779.8818840035133,279.38326900766697,55306.56287899183,5837.755966234322
1783297853,1000,,Aggregated,245.300000,0.000000,2000,2400,2600,2800,3300,4100,17000,35000,52000,55000,55000,79695,0,2000.0,2777.429406254773,279.38326900766697,55306.56287899183,5837.165593826463
1783297854,1000,,Aggregated,247.000000,0.000000,2000,2400,2600,2800,3300,4100,17000,35000,52000,55000,55000,79917,0,2000.0,2774.9889162995864,279.38326900766697,55306.56287899183,5837.699175394472
1783297855,1000,,Aggregated,243.200000,0.000000,2000,2400,2600,2800,3300,4100,17000,35000,52000,55000,55000,80167,0,2000.0,2772.994423503188,279.38326900766697,55306.56287899183,5840.581336460139
1783297856,1000,,Aggregated,243.200000,0.000000,2000,2400,2600,2800,3300,4100,16000,34000,52000,55000,55000,80423,0,2000.0,2770.8236501143074,279.38326900766697,55306.56287899183,5838.685214428709
1783297857,1000,,Aggregated,241.700000,0.000000,2000,2400,2600,2800,3300,4100,16000,34000,52000,55000,55000,80630,0,2000.0,2769.9319073225956,279.38326900766697,55306.56287899183,5838.47789904502
1783297858,1000,,Aggregated,254.600000,0.000000,2000,2400,2600,2800,3300,4100,16000,34000,52000,55000,55000,80932,0,2000.0,2766.294998347497,279.38326900766697,55306.56287899183,5837.168870162605
1783297859,1000,,Aggregated,228.500000,0.000000,2000,2400,2600,2800,3300,4100,15000,34000,52000,55000,55000,81212,0,2000.0,2762.7046776855195,279.38326900766697,55306.56287899183,5839.531756390681
1783297860,1000,,Aggregated,241.700000,0.000000,2000,2400,2600,2800,3300,4100,15000,33000,52000,55000,55000,81465,0,2000.0,2759.2249578264345,279.38326900766697,55306.56287899183,5839.488013257227
1783297861,1000,,Aggregated,247.200000,0.000000,2000,2400,2600,2800,3300,4100,15000,33000,52000,55000,55000,81691,0,2000.0,2756.02182611117,279.38326900766697,55306.56287899183,5838.086092715232
1783297862,1000,,Aggregated,247.600000,0.000000,2000,2400,2600,2800,3300,4100,14000,33000,52000,55000,55000,81951,0,2000.0,2752.7877973315076,279.38326900766697,55306.56287899183,5834.717684958085
1783297863,1000,,Aggregated,245.800000,0.000000,2000,2400,2600,2800,3300,4100,14000,33000,51000,55000,55000,82192,0,2000.0,2750.062874271481,279.38326900766697,55306.56287899183,5835.0542510219975
1783297864,1000,,Aggregated,242.800000,0.000000,2000,2300,2600,2800,3300,4100,14000,32000,51000,55000,55000,82396,0,2000.0,2748.110992969108,279.38326900766697,55306.56287899183,5835.123149181999
1783297865,1000,,Aggregated,246.400000,0.000000,2000,2300,2600,2800,3300,4100,14000,32000,51000,55000,55000,82601,0,2000.0,2746.4177369517906,279.38326900766697,55306.56287899183,5832.471410757739
1783297866,1000,,Aggregated,244.800000,0.000000,2000,2300,2600,2800,3300,4100,14000,32000,51000,55000,55000,82795,0,2000.0,2745.4917348658832,279.38326900766697,55306.56287899183,5831.552086478652
1783297867,1000,,Aggregated,243.800000,0.000000,2000,2400,2600,2800,3300,4100,14000,32000,51000,55000,55000,82961,0,2000.0,2744.7584089759134,279.38326900766697,55306.56287899183,5831.205482093996
1783297868,1000,,Aggregated,237.400000,0.000000,2000,2400,2600,2800,3300,4100,14000,32000,51000,55000,55000,83390,0,2000.0,2743.334147103262,279.38326900766697,55306.56287899183,5833.258340328576
1783297869,1000,,Aggregated,247.500000,0.000000,2000,2400,2600,2800,3300,4100,14000,32000,51000,55000,55000,83618,0,2000.0,2741.4092345496388,279.38326900766697,55306.56287899183,5833.837499103064
1783297870,1000,,Aggregated,234.800000,0.000000,2000,2400,2600,2800,3300,4100,14000,32000,51000,55000,55000,83848,0,2000.0,2739.0357794066836,279.38326900766697,55306.56287899183,5831.191346245587
1783297871,1000,,Aggregated,235.500000,0.000000,2000,2400,2600,2800,3300,4100,14000,32000,51000,55000,55000,84100,0,2000.0,2736.607989602363,279.38326900766697,55306.56287899183,5829.805374554102
1783297872,1000,,Aggregated,229.900000,0.000000,2000,2400,2600,2800,3300,4100,14000,32000,51000,55000,55000,84348,0,2000.0,2734.181415878465,279.38326900766697,55306.56287899183,5829.037321572533
1783297873,1000,,Aggregated,228.900000,0.000000,2000,2400,2600,2800,3300,4100,14000,32000,51000,55000,55000,84567,0,2000.0,2732.260343401726,279.38326900766697,55306.56287899183,5828.724845388863
1783297874,1000,,Aggregated,230.400000,0.000000,2000,2400,2600,2800,3300,4100,14000,32000,51000,55000,55000,84812,0,2000.0,2730.249278694072,279.38326900766697,55306.56287899183,5827.933417440928
1783297875,1000,,Aggregated,230.700000,0.000000,2000,2400,2600,2800,3300,4100,14000,32000,51000,55000,55000,85040,0,2000.0,2728.533473029054,279.38326900766697,55306.56287899183,5825.377057855127
1783297876,1000,,Aggregated,231.900000,0.000000,2000,2400,2600,2800,3300,4100,14000,32000,51000,55000,55000,85271,0,2000.0,2726.715629424047,279.38326900766697,55306.56287899183,5824.644427765595
1783297877,1000,,Aggregated,233.900000,0.000000,2000,2400,2600,2800,3300,4100,14000,32000,51000,55000,55000,85540,0,2000.0,2724.7008997464573,279.38326900766697,55306.56287899183,5824.903320084171
1783297878,1000,,Aggregated,237.100000,0.000000,2000,2400,2600,2800,3300,4100,14000,32000,51000,55000,55000,85783,0,2000.0,2723.4637941399005,279.38326900766697,55306.56287899183,5827.694986186074
1783297879,1000,,Aggregated,239.100000,0.000000,2000,2400,2600,2800,3300,4100,14000,32000,51000,55000,55000,86033,0,2000.0,2720.6754578346217,266.346042000805,55306.56287899183,5825.751676682204
1783297880,1000,,Aggregated,240.900000,0.000000,2000,2300,2600,2800,3300,4000,13000,32000,51000,55000,55000,86258,0,2000.0,2718.183915074323,266.346042000805,55306.56287899183,5824.008370238123
1783297881,1000,,Aggregated,241.200000,0.000000,2000,2300,2600,2800,3300,4000,13000,32000,51000,55000,55000,86511,0,2000.0,2715.709569258558,266.346042000805,55306.56287899183,5822.979043127463
1783297882,1000,,Aggregated,239.400000,0.000000,2000,2300,2600,2800,3300,4000,13000,32000,51000,55000,55000,86736,0,2000.0,2713.7327494127467,266.346042000805,55306.56287899183,5821.373789429995
1783297883,1000,,Aggregated,237.300000,0.000000,2000,2300,2600,2800,3300,4000,13000,32000,51000,55000,55000,86980,0,2000.0,2711.97757654886,266.346042000805,55306.56287899183,5821.249793055875
1783297884,1000,,Aggregated,237.900000,0.000000,2000,2300,2600,2800,3300,4000,13000,32000,51000,55000,55000,87217,0,2000.0,2710.0967424209157,266.346042000805,55306.56287899183,5820.2507653324465
1783297885,1000,,Aggregated,235.500000,0.000000,2000,2300,2600,2800,3300,4000,13000,31000,51000,55000,55000,87435,0,2000.0,2708.4412828599843,266.346042000805,55306.56287899183,5819.072602504718
1783297886,1000,,Aggregated,237.400000,0.000000,2000,2300,2600,2800,3300,4000,13000,31000,51000,55000,55000,87668,0,2000.0,2707.013275546707,266.346042000805,55306.56287899183,5819.172217913036
1783297887,1000,,Aggregated,237.100000,0.000000,2000,2300,2600,2800,3300,4000,13000,31000,51000,55000,55000,87912,0,2000.0,2705.3436346715785,266.346042000805,55306.56287899183,5819.931112931113
1783297888,1000,,Aggregated,236.600000,0.000000,2000,2300,2600,2800,3300,4000,12000,31000,51000,55000,55000,88184,0,2000.0,2703.3924513450056,266.346042000805,55306.56287899183,5820.983307629502
1783297889,1000,,Aggregated,236.200000,0.000000,2000,2300,2600,2800,3300,4000,12000,31000,51000,55000,55000,88498,0,2000.0,2701.6943248595653,266.346042000805,55306.56287899183,5829.134025627698
1783297890,1000,,Aggregated,233.300000,0.000000,2000,2300,2600,2800,3300,4000,12000,31000,51000,55000,55000,88725,0,2000.0,2698.427317245385,266.346042000805,55306.56287899183,5824.732724711186
1783297891,1000,,Aggregated,230.900000,0.000000,2000,2300,2600,2800,3300,4000,11000,31000,51000,55000,55000,88951,0,2000.0,2695.541505647841,266.346042000805,55306.56287899183,5824.443109127497
1783297892,1000,,Aggregated,246.200000,0.000000,2000,2300,2600,2800,3300,4000,11000,31000,51000,55000,55000,89161,0,2000.0,2693.175370079378,266.346042000805,55306.56287899183,5823.924002646897
1783297893,1000,,Aggregated,245.700000,0.000000,2000,2300,2600,2800,3300,4000,11000,31000,51000,55000,55000,89393,0,2000.0,2690.994339357278,266.346042000805,55306.56287899183,5822.638002975625
1783297894,1000,,Aggregated,243.300000,0.000000,2000,2300,2600,2800,3300,4000,11000,31000,51000,55000,55000,89592,0,2000.0,2689.7054138335275,266.346042000805,55306.56287899183,5821.615936690776
1783297895,1000,,Aggregated,241.500000,0.000000,2000,2300,2600,2800,3300,4000,11000,31000,51000,55000,55000,89844,0,2000.0,2688.391034204025,266.346042000805,55306.56287899183,5824.432438448867
1783297896,1000,,Aggregated,239.800000,0.000000,2000,2300,2600,2800,3300,4000,11000,31000,51000,55000,55000,90148,0,2000.0,2686.596037710833,266.346042000805,55306.56287899183,5827.1830767182855
1783297897,1000,,Aggregated,237.800000,0.000000,2000,2300,2600,2800,3300,4000,11000,31000,51000,55000,55000,90385,0,2000.0,2684.631843217537,266.346042000805,55306.56287899183,5827.589057918903
1783297898,1000,,Aggregated,240.700000,0.000000,2000,2300,2600,2800,3300,4000,11000,31000,51000,55000,55000,90630,0,2000.0,2682.412451233137,266.346042000805,55306.56287899183,5828.262584133289
1783297900,1000,,Aggregated,245.100000,0.000000,2000,2300,2600,2800,3300,4000,11000,31000,51000,55000,55000,90786,0,2000.0,2680.7285959909673,266.346042000805,55306.56287899183,5827.490053532483
1783297901,1000,,Aggregated,246.200000,0.000000,2000,2300,2600,2800,3300,4000,11000,31000,51000,55000,55000,91219,0,2000.0,2677.2756719994736,266.346042000805,55306.56287899183,5827.867045242768
1783297902,1000,,Aggregated,226.100000,0.000000,2000,2300,2600,2800,3300,4000,10000,31000,51000,55000,55000,91480,0,2000.0,2674.431129424927,266.346042000805,55306.56287899183,5828.23598600787
1783297903,1000,,Aggregated,240.500000,0.000000,2000,2300,2600,2800,3300,4000,10000,31000,51000,55000,55000,91686,0,2000.0,2672.515085802122,266.346042000805,55306.56287899183,5827.249176537312
1783297904,1000,,Aggregated,241.000000,0.000000,2000,2300,2600,2800,3300,4000,10000,31000,51000,55000,55000,91948,0,2000.0,2669.913019284147,266.346042000805,55306.56287899183,5828.875908121982
1783297905,1000,,Aggregated,242.800000,0.000000,2000,2300,2600,2800,3300,4000,10000,31000,51000,55000,55000,92210,0,2000.0,2667.706962257992,266.346042000805,55306.56287899183,5830.170122546361
1783297906,1000,,Aggregated,244.100000,0.000000,2000,2300,2600,2800,3300,4000,9900,31000,51000,55000,55000,92427,0,2000.0,2665.74898353591,266.346042000805,55306.56287899183,5829.92393997425
1783297907,1000,,Aggregated,250.600000,0.000000,2000,2300,2600,2800,3300,4000,9800,31000,51000,55000,55000,92669,0,2000.0,2663.9316488877707,266.346042000805,55306.56287899183,5829.736211678123
1783297908,1000,,Aggregated,248.000000,0.000000,2000,2300,2600,2800,3300,4000,9800,31000,51000,55000,55000,92962,0,2000.0,2661.5219548985137,266.346042000805,55306.56287899183,5831.916062477141
1783297909,1000,,Aggregated,241.800000,0.000000,2000,2300,2600,2800,3300,4000,9800,31000,51000,55000,55000,93200,0,2000.0,2659.24031101473,266.346042000805,55306.56287899183,5830.774946351931
1783297910,1000,,Aggregated,247.500000,0.000000,2000,2300,2600,2800,3300,4000,9800,31000,51000,55000,55000,93321,0,2000.0,2658.156201092434,266.346042000805,55306.56287899183,5829.374856677489
1783297911,1000,,Aggregated,245.600000,0.000000,2000,2300,2600,2800,3300,4000,9700,31000,51000,55000,55000,93765,0,2000.0,2654.9365411865715,266.346042000805,55306.56287899183,5829.9978456780245
1783297912,1000,,Aggregated,253.400000,0.000000,2000,2300,2600,2800,3300,4000,9700,31000,51000,55000,55000,94008,0,2000.0,2652.4714290128063,266.346042000805,55306.56287899183,5829.093800527615
1783297913,1000,,Aggregated,248.400000,0.000000,2000,2300,2600,2800,3300,3900,9600,31000,51000,55000,55000,94225,0,2000.0,2650.706788468071,266.346042000805,55306.56287899183,5826.6848288670735
1783297914,1000,,Aggregated,244.300000,0.000000,1900,2300,2600,2800,3300,3900,9200,31000,51000,55000,55000,94455,0,1900.0,2648.8583535370713,266.346042000805,55306.56287899183,5824.81139166799
1783297915,1000,,Aggregated,244.200000,0.000000,1900,2300,2600,2800,3300,3900,8900,31000,51000,55000,55000,94709,0,1900.0,2647.1197724192966,266.346042000805,55306.56287899183,5824.324119143904
1783297916,1000,,Aggregated,243.500000,0.000000,1900,2300,2600,2800,3300,3900,8600,31000,51000,55000,55000,94967,0,1900.0,2645.252313092426,266.346042000805,55306.56287899183,5826.422631019196
1783297917,1000,,Aggregated,241.000000,0.000000,1900,2300,2600,2800,3300,3900,8500,31000,51000,55000,55000,95225,0,1900.0,2643.33287104957,266.346042000805,55306.56287899183,5828.095437122604
1783297918,1000,,Aggregated,244.400000,0.000000,1900,2300,2600,2800,3300,3900,8100,31000,51000,55000,55000,95438,0,1900.0,2641.935370367456,266.346042000805,55306.56287899183,5826.8193172530855
1783297919,1000,,Aggregated,246.100000,0.000000,1900,2300,2600,2800,3300,3900,8100,31000,51000,55000,55000,95727,0,1900.0,2639.3443307641123,266.346042000805,55306.56287899183,5826.23211842009
1783297921,1000,,Aggregated,240.500000,0.000000,1900,2300,2600,2800,3300,3900,8100,31000,51000,55000,55000,95932,0,1900.0,2637.494026469053,266.346042000805,55306.56287899183,5825.771056581745
1783297922,1000,,Aggregated,246.700000,0.000000,1900,2300,2600,2800,3300,3900,7400,31000,51000,55000,55000,96358,0,1900.0,2634.419069810153,266.346042000805,55306.56287899183,5826.219597750057
1783297923,1000,,Aggregated,229.300000,0.000000,1900,2300,2600,2800,3300,3900,7200,31000,51000,55000,55000,96606,0,1900.0,2632.0784355010605,266.346042000805,55306.56287899183,5826.892998364491
1783297924,1000,,Aggregated,247.000000,0.000000,1900,2300,2600,2800,3300,3900,7000,31000,51000,55000,55000,96830,0,1900.0,2630.157520016379,266.346042000805,55306.56287899183,5825.163244862129
1783297925,1000,,Aggregated,246.300000,0.000000,1900,2300,2600,2800,3300,3900,6800,31000,51000,55000,55000,97056,0,1900.0,2628.4570110321047,266.346042000805,55306.56287899183,5823.868962248599
1783297926,1000,,Aggregated,246.100000,0.000000,1900,2300,2600,2800,3300,3900,6700,31000,51000,55000,55000,97281,0,1900.0,2626.9041558166855,266.346042000805,55306.56287899183,5822.594093399533
1783297927,1000,,Aggregated,245.900000,0.000000,1900,2300,2600,2800,3300,3900,6700,31000,51000,55000,55000,97505,0,1900.0,2625.7255856470115,266.346042000805,55306.56287899183,5822.625475616635
1783297928,1000,,Aggregated,242.800000,0.000000,1900,2300,2600,2800,3300,3900,6500,31000,51000,55000,55000,97756,0,1900.0,2624.580726564056,266.346042000805,55306.56287899183,5822.728466794877
1783297929,1000,,Aggregated,238.300000,0.000000,1900,2300,2600,2800,3300,3900,6400,31000,51000,55000,55000,97999,0,1900.0,2623.4887626753384,266.346042000805,55306.56287899183,5823.049837243238
1783297930,1000,,Aggregated,238.300000,0.000000,1900,2300,2600,2800,3300,3900,6400,31000,51000,55000,55000,98242,0,1900.0,2622.190161855626,266.346042000805,55306.56287899183,5822.988660654302
1783297931,1000,,Aggregated,237.400000,0.000000,1900,2300,2600,2800,3300,3900,6400,31000,51000,55000,55000,98477,0,1900.0,2620.6356108467576,266.346042000805,55306.56287899183,5823.364359190471
1783297932,1000,,Aggregated,238.300000,0.000000,1900,2300,2600,2800,3300,3900,6400,31000,51000,55000,55000,98696,0,1900.0,2619.111413971033,266.346042000805,55306.56287899183,5821.966351219908
1783297933,1000,,Aggregated,248.700000,0.000000,1900,2300,2600,2800,3300,3900,6300,31000,51000,55000,55000,99111,0,1900.0,2617.0335962633317,266.346042000805,55306.56287899183,5824.626287697632
1783297934,1000,,Aggregated,234.200000,0.000000,1900,2300,2600,2800,3300,3900,6200,31000,51000,55000,55000,99368,0,1900.0,2614.987388899496,266.346042000805,55306.56287899183,5824.747474035907
1783297935,1000,,Aggregated,218.100000,0.000000,1900,2300,2600,2800,3300,3900,6200,31000,51000,55000,55000,99639,0,1900.0,2612.4700212403873,266.346042000805,55306.56287899183,5823.004817390781
1783297936,1000,,Aggregated,236.600000,0.000000,1900,2300,2600,2800,3300,3900,6200,31000,51000,55000,55000,99883,0,1900.0,2610.1099726813272,266.346042000805,55306.56287899183,5822.900433507203
1783297937,1000,,Aggregated,238.200000,0.000000,1900,2300,2600,2700,3300,3900,6100,31000,51000,55000,55000,100140,0,1900.0,2607.49844017079,266.346042000805,55306.56287899183,5822.167175953665
1783297938,1000,,Aggregated,241.800000,0.000000,1900,2300,2600,2700,3300,3900,6100,31000,51000,55000,55000,100369,0,1900.0,2605.594022925673,266.346042000805,55306.56287899183,5822.0126333828175
1783297940,1000,,Aggregated,248.300000,0.000000,1900,2300,2600,2700,3300,3900,6100,31000,51000,55000,55000,100612,0,1900.0,2603.6975916852866,266.346042000805,55306.56287899183,5820.807746590864
1783297941,1000,,Aggregated,246.500000,0.000000,1900,2300,2600,2700,3300,3900,6000,31000,51000,55000,55000,100878,0,1900.0,2601.7291948733537,266.346042000805,55306.56287899183,5820.904131723468
1783297942,1000,,Aggregated,244.100000,0.000000,1900,2300,2600,2700,3300,3900,6000,31000,51000,55000,55000,101097,0,1900.0,2600.393619453209,266.346042000805,55306.56287899183,5820.890708923113
1783297943,1000,,Aggregated,245.600000,0.000000,1900,2300,2600,2700,3300,3900,6000,30000,51000,55000,55000,101356,0,1900.0,2598.7521324920976,266.346042000805,55306.56287899183,5821.160592367497
1783297944,1000,,Aggregated,245.600000,0.000000,1900,2300,2600,2700,3300,3900,6000,30000,51000,55000,55000,101534,0,1900.0,2597.6767342184216,266.346042000805,55306.56287899183,5820.176275927276
1783297945,1000,,Aggregated,265.700000,0.000000,1900,2300,2600,2700,3300,3900,5900,30000,51000,55000,55000,101921,0,1900.0,2595.9080550450376,266.346042000805,55306.56287899183,5821.721637346573
1783297946,1000,,Aggregated,241.700000,0.000000,1900,2300,2600,2700,3300,3900,5900,30000,51000,55000,55000,102161,0,1900.0,2594.3235316809373,266.346042000805,55306.56287899183,5820.039604154227
1783297947,1000,,Aggregated,246.500000,0.000000,1900,2300,2600,2700,3300,3900,5900,30000,51000,55000,55000,102392,0,1900.0,2592.8392623546583,266.346042000805,55306.56287899183,5819.538889757012
1783297948,1000,,Aggregated,238.000000,0.000000,1900,2300,2600,2700,3300,3900,5900,30000,51000,55000,55000,102663,0,1900.0,2591.164958223647,266.346042000805,55306.56287899183,5819.796567409875
1783297949,1000,,Aggregated,240.400000,0.000000,1900,2300,2600,2700,3300,3900,5900,30000,51000,55000,55000,102910,0,1900.0,2589.399332285678,266.346042000805,55306.56287899183,5819.598503546788
1783297950,1000,,Aggregated,238.900000,0.000000,1900,2300,2600,2700,3300,3900,5900,30000,51000,55000,55000,103137,0,1900.0,2587.808873376481,266.346042000805,55306.56287899183,5819.03141452631
1783297951,1000,,Aggregated,244.000000,0.000000,1900,2300,2600,2700,3300,3900,5800,30000,51000,55000,55000,103396,0,1900.0,2586.1574213446197,266.346042000805,55306.56287899183,5817.574799798832
1783297952,1000,,Aggregated,242.100000,0.000000,1900,2300,2600,2700,3200,3900,5800,30000,51000,55000,55000,103658,0,1900.0,2584.2647557675846,266.346042000805,55306.56287899183,5818.66793686932
1783297953,1000,,Aggregated,239.700000,0.000000,1900,2300,2600,2700,3200,3900,5800,30000,51000,55000,55000,103911,0,1900.0,2582.4564182120694,266.346042000805,55306.56287899183,5818.006784652251
1783297954,1000,,Aggregated,244.100000,0.000000,1900,2300,2600,2700,3200,3900,5800,30000,51000,55000,55000,104159,0,1900.0,2580.665226013666,266.346042000805,55306.56287899183,5818.385554776832
1783297955,1000,,Aggregated,243.800000,0.000000,1900,2300,2600,2700,3200,3900,5800,30000,51000,55000,55000,104319,0,1900.0,2579.5479810277793,266.346042000805,55306.56287899183,5818.260633249935
1783297956,1000,,Aggregated,248.800000,0.000000,1900,2300,2600,2700,3200,3900,5700,30000,51000,55000,55000,104741,0,1900.0,2577.442884821627,266.346042000805,55306.56287899183,5821.084322280673
1783297957,1000,,Aggregated,243.300000,0.000000,1900,2300,2600,2700,3200,3900,5700,30000,51000,55000,55000,104971,0,1900.0,2575.99513202557,266.346042000805,55306.56287899183,5819.351277972011
1783297958,1000,,Aggregated,231.400000,0.000000,1900,2300,2600,2700,3200,3900,5700,30000,51000,55000,55000,105215,0,1900.0,2574.4420370208068,266.346042000805,55306.56287899183,5819.429558523024
1783297959,1000,,Aggregated,246.500000,0.000000,1900,2300,2600,2700,3200,3900,5700,30000,51000,55000,55000,105502,0,1900.0,2572.1929199780066,266.346042000805,55306.56287899183,5819.58197948854
1783297960,1000,,Aggregated,245.800000,0.000000,1900,2300,2600,2700,3200,3900,5700,30000,51000,55000,55000,105761,0,1900.0,2570.069356009913,266.346042000805,55306.56287899183,5818.970537343634
1783297961,1000,,Aggregated,242.600000,0.000000,1900,2300,2600,2700,3200,3800,5700,30000,51000,55000,55000,105989,0,1900.0,2568.1864585786952,266.346042000805,55306.56287899183,5818.915519535046
1783297962,1000,,Aggregated,247.700000,0.000000,1900,2300,2600,2700,3200,3800,5700,30000,51000,55000,55000,106240,0,1900.0,2566.3609544473356,266.346042000805,55306.56287899183,5818.89155685241
1783297963,1000,,Aggregated,250.400000,0.000000,1900,2300,2600,2700,3200,3800,5600,30000,51000,55000,55000,106480,0,1900.0,2564.526296058807,266.346042000805,55306.56287899183,5818.523835462059
1783297964,1000,,Aggregated,245.800000,0.000000,1900,2300,2600,2700,3200,3800,5600,30000,51000,55000,55000,106717,0,1900.0,2563.0949637357226,266.346042000805,55306.56287899183,5818.393283169505
1783297965,1000,,Aggregated,245.600000,0.000000,1900,2300,2600,2700,3200,3800,5600,30000,51000,55000,55000,106947,0,1900.0,2561.852989852916,266.346042000805,55306.56287899183,5818.978222858052
1783297967,1000,,Aggregated,246.000000,0.000000,1900,2300,2600,2700,3200,3800,5600,30000,51000,55000,55000,107115,0,1900.0,2560.930229020247,266.346042000805,55306.56287899183,5819.492274658078
1783297968,1000,,Aggregated,261.700000,0.000000,1900,2300,2600,2700,3200,3800,5600,30000,51000,55000,55000,107529,0,1900.0,2559.4839834490685,266.346042000805,55306.56287899183,5821.338755126524
1783297969,1000,,Aggregated,236.300000,0.000000,1900,2300,2600,2700,3200,3800,5600,30000,51000,55000,55000,107744,0,1900.0,2558.283213374309,266.346042000805,55306.56287899183,5819.917266854767
1783297970,1000,,Aggregated,246.200000,0.000000,1900,2300,2600,2700,3200,3800,5600,30000,51000,55000,55000,107960,0,1900.0,2557.132979137571,266.346042000805,55306.56287899183,5819.882808447574
1783297971,1000,,Aggregated,240.900000,0.000000,1900,2300,2600,2700,3200,3800,5600,30000,51000,55000,55000,108194,0,1900.0,2556.074463642623,266.346042000805,55306.56287899183,5819.503771003938
1783297972,1000,,Aggregated,236.600000,0.000000,1900,2300,2600,2700,3200,3800,5500,30000,51000,55000,55000,108438,0,1900.0,2554.932725120548,266.346042000805,55306.56287899183,5818.653839060108
1783297973,1000,,Aggregated,233.200000,0.000000,1900,2300,2600,2700,3200,3800,5500,30000,51000,55000,55000,108692,0,1900.0,2553.988200541422,266.346042000805,55306.56287899183,5818.417390424318
1783297974,1000,,Aggregated,234.700000,0.000000,1900,2300,2600,2700,3200,3800,5500,30000,51000,55000,55000,108907,0,1900.0,2552.873245151801,266.346042000805,55306.56287899183,5816.1533051135375
1783297975,1000,,Aggregated,235.600000,0.000000,1900,2300,2600,2700,3200,3800,5500,30000,51000,55000,55000,109139,0,1900.0,2551.8059286192492,266.346042000805,55306.56287899183,5817.092258496046
1783297976,1000,,Aggregated,234.900000,0.000000,1900,2300,2600,2700,3200,3800,5500,30000,51000,55000,55000,109396,0,1900.0,2550.790320170266,266.346042000805,55306.56287899183,5817.750283374164
1783297977,1000,,Aggregated,232.900000,0.000000,1900,2300,2600,2700,3200,3800,5500,30000,51000,55000,55000,109636,0,1900.0,2549.6998187821446,266.346042000805,55306.56287899183,5818.063437192163
1783297978,1000,,Aggregated,232.900000,0.000000,1900,2300,2600,2700,3200,3800,5500,30000,51000,55000,55000,109851,0,1900.0,2548.802451245138,266.346042000805,55306.56287899183,5817.367443173025
1783297979,1000,,Aggregated,232.900000,0.000000,1900,2300,2600,2700,3200,3800,5500,30000,51000,55000,55000,109923,0,1900.0,2548.4341781837406,266.346042000805,55306.56287899183,5816.681076753727
1783297980,1000,,Aggregated,230.800000,0.000000,1900,2300,2600,2700,3200,3800,5500,30000,51000,55000,55000,110445,0,1900.0,2546.092922660934,266.346042000805,55306.56287899183,5815.987957807053
1783297981,1000,,Aggregated,227.900000,0.000000,1900,2300,2600,2700,3200,3800,5500,30000,51000,55000,55000,110744,0,1900.0,2543.1217841782927,266.346042000805,55306.56287899183,5819.212616484866
1783297982,1000,,Aggregated,242.500000,0.000000,1900,2300,2600,2700,3200,3800,5400,30000,51000,55000,55000,111035,0,1900.0,2540.0630017547887,168.67346499930136,55306.56287899183,5816.659909037691
1783297983,1000,,Aggregated,247.000000,0.000000,1900,2300,2600,2700,3200,3800,5400,29000,51000,55000,55000,111246,0,1900.0,2537.9408127780325,168.67346499930136,55306.56287899183,5814.135420599392
1783297984,1000,,Aggregated,251.700000,0.000000,1900,2300,2600,2700,3200,3800,5400,29000,51000,55000,55000,111475,0,1900.0,2536.3196715702534,168.67346499930136,55306.56287899183,5813.601076474546
1783297985,1000,,Aggregated,246.900000,0.000000,1900,2300,2600,2700,3200,3800,5400,29000,51000,55000,55000,111687,0,1900.0,2535.438776749048,168.67346499930136,55306.56287899183,5814.22061654445
1783297986,1000,,Aggregated,245.600000,0.000000,1900,2300,2600,2700,3200,3800,5400,29000,51000,55000,55000,111925,0,1900.0,2534.712204689427,168.67346499930136,55306.56287899183,5814.607639044003
1783297987,1000,,Aggregated,245.200000,0.000000,1900,2300,2600,2700,3200,3800,5400,29000,51000,55000,55000,112167,0,1900.0,2534.2297398408336,168.67346499930136,55306.56287899183,5814.366088065117
1783297988,1000,,Aggregated,243.800000,0.000000,1900,2300,2600,2700,3200,3800,5400,29000,51000,55000,55000,112378,0,1900.0,2533.5539624610687,168.67346499930136,55306.56287899183,5813.738009218886
1783297989,1000,,Aggregated,243.400000,0.000000,1900,2300,2600,2700,3200,3800,5400,29000,51000,55000,55000,112594,0,1900.0,2532.9871467308617,168.67346499930136,55306.56287899183,5812.263095724461
1783297990,1000,,Aggregated,243.500000,0.000000,1900,2300,2600,2700,3200,3800,5400,29000,51000,55000,55000,112845,0,1900.0,2532.292432630341,168.67346499930136,55306.56287899183,5812.254517258186
1783297993,1000,,Aggregated,226.700000,0.000000,1900,2300,2600,2700,3200,3800,5300,29000,50000,55000,55000,113341,0,1900.0,2535.5209836225017,168.67346499930136,55306.56287899183,5814.490660925879
1783297994,1000,,Aggregated,198.600000,0.000000,1900,2300,2600,2700,3200,3800,5300,29000,50000,55000,55000,113516,0,1900.0,2532.9834484353137,168.67346499930136,55306.56287899183,5810.0522921878855
1783297995,1000,,Aggregated,206.900000,0.000000,1900,2300,2600,2700,3200,3800,5300,29000,50000,55000,55000,113783,0,1900.0,2530.621938509851,168.67346499930136,55306.56287899183,5810.886740549994
1783297996,1000,,Aggregated,221.200000,0.000000,1900,2300,2600,2700,3200,3800,5300,29000,50000,55000,55000,114006,0,1900.0,2528.722769077615,168.67346499930136,55306.56287899183,5809.138361138887
1783297997,1000,,Aggregated,223.900000,0.000000,1900,2300,2600,2700,3200,3800,5300,29000,50000,55000,55000,114216,0,1900.0,2527.0344553867026,168.67346499930136,55306.56287899183,5807.039311480003
1783297998,1000,,Aggregated,225.500000,0.000000,1900,2300,2600,2700,3200,3800,5300,29000,50000,55000,55000,114443,0,1900.0,2525.987513058969,168.67346499930136,55306.56287899183,5805.613720367344
1783297999,1000,,Aggregated,223.700000,0.000000,1900,2300,2600,2700,3200,3800,5300,29000,50000,55000,55000,114673,0,1900.0,2525.338739895431,168.67346499930136,55306.56287899183,5805.271022821414
1783298000,1000,,Aggregated,222.000000,0.000000,1900,2300,2600,2700,3200,3800,5300,29000,50000,55000,55000,114924,0,1900.0,2524.7267594690184,168.67346499930136,55306.56287899183,5806.445764157183
1783298001,1000,,Aggregated,223.700000,0.000000,1900,2300,2600,2700,3200,3800,5300,28000,50000,55000,55000,115171,0,1900.0,2524.0300839650918,168.67346499930136,55306.56287899183,5809.264988582195
1783298002,1000,,Aggregated,225.500000,0.000000,1900,2300,2600,2700,3200,3800,5300,28000,50000,55000,55000,115425,0,1900.0,2523.0836116073147,168.67346499930136,55306.56287899183,5810.7805328135155
1783298003,1000,,Aggregated,227.400000,0.000000,1900,2300,2600,2700,3200,3800,5300,28000,50000,55000,55000,115658,0,1900.0,2521.9950599378635,168.67346499930136,55306.56287899183,5811.2387210569095
1783298004,1000,,Aggregated,253.200000,0.000000,1900,2300,2600,2700,3200,3800,5300,28000,50000,55000,55000,115952,0,1900.0,2521.5351363830173,168.67346499930136,55306.56287899183,5816.008632882572
1783298005,1000,,Aggregated,248.300000,0.000000,1900,2300,2600,2700,3200,3800,5300,27000,50000,55000,55000,116169,0,1900.0,2519.8205861777633,168.67346499930136,55306.56287899183,5811.087062813659
1783298006,1000,,Aggregated,216.700000,0.000000,1900,2300,2600,2700,3200,3800,5300,27000,50000,55000,55000,116454,0,1900.0,2517.77307634554,168.67346499930136,55306.56287899183,5813.97824033524
1783298007,1000,,Aggregated,237.000000,0.000000,1900,2300,2600,2700,3200,3800,5300,27000,50000,55000,55000,116669,0,1900.0,2516.1020060499163,168.67346499930136,55306.56287899183,5813.20931867077
1783298008,1000,,Aggregated,241.800000,0.000000,1900,2300,2600,2700,3200,3800,5300,27000,50000,55000,55000,116920,0,1900.0,2514.4130108749373,168.67346499930136,55306.56287899183,5812.4662931919265
1783298009,1000,,Aggregated,241.700000,0.000000,1900,2300,2600,2700,3200,3800,5300,27000,50000,55000,55000,117137,0,1900.0,2513.186433906222,168.67346499930136,55306.56287899183,5811.5932369789225
1783298010,1000,,Aggregated,244.000000,0.000000,1900,2300,2600,2700,3200,3800,5200,27000,50000,55000,55000,117404,0,1900.0,2512.1086215092137,168.67346499930136,55306.56287899183,5812.361895676468
1783298011,1000,,Aggregated,242.400000,0.000000,1900,2300,2600,2700,3200,3800,5200,27000,50000,55000,55000,117626,0,1900.0,2511.1114587175307,168.67346499930136,55306.56287899183,5812.51712206485
1783298012,1000,,Aggregated,244.000000,0.000000,1900,2300,2600,2700,3200,3800,5200,27000,50000,55000,55000,117881,0,1900.0,2510.1365278261865,168.67346499930136,55306.56287899183,5812.563144187782
1783298013,1000,,Aggregated,243.700000,0.000000,1900,2300,2600,2700,3200,3800,5200,27000,50000,55000,55000,118116,0,1900.0,2508.992955422158,168.67346499930136,55306.56287899183,5812.34742117918
1783298014,1000,,Aggregated,244.000000,0.000000,1900,2300,2600,2700,3200,3800,5200,27000,50000,55000,55000,118357,0,1900.0,2508.074462679025,168.67346499930136,55306.56287899183,5813.196067828688
1783298016,1000,,Aggregated,262.900000,0.000000,1900,2300,2600,2700,3200,3800,5200,26000,50000,55000,55000,118486,0,1900.0,2507.5603157818364,168.67346499930136,55306.56287899183,5812.529303040022
1783298017,1000,,Aggregated,237.200000,0.000000,1900,2300,2600,2700,3200,3800,5200,26000,50000,55000,55000,119095,0,1900.0,2506.4862033359395,168.67346499930136,55306.56287899183,5812.358201435829
1783298018,1000,,Aggregated,209.400000,0.000000,1900,2300,2600,2700,3200,3800,5200,26000,50000,55000,55000,119322,0,1900.0,2504.2363886646117,168.67346499930136,55306.56287899183,5812.920827676371
1783298019,1000,,Aggregated,245.400000,0.000000,1900,2300,2600,2700,3200,3800,5200,26000,50000,55000,55000,119539,0,1900.0,2502.315961130775,168.67346499930136,55306.56287899183,5812.419770953413
1783298020,1000,,Aggregated,242.100000,0.000000,1900,2300,2500,2700,3200,3800,5200,26000,50000,55000,55000,119768,0,1900.0,2500.451566685014,168.67346499930136,55306.56287899183,5809.852640104202
1783298021,1000,,Aggregated,242.800000,0.000000,1900,2300,2500,2700,3200,3800,5200,26000,50000,55000,55000,119988,0,1900.0,2499.1434321914962,168.67346499930136,55306.56287899183,5808.913049638297
1783298022,1000,,Aggregated,240.300000,0.000000,1900,2300,2500,2700,3200,3800,5200,26000,50000,55000,55000,120250,0,1900.0,2498.040206433664,168.67346499930136,55306.56287899183,5809.008374220374
1783298023,1000,,Aggregated,239.700000,0.000000,1900,2300,2500,2700,3200,3800,5200,26000,50000,55000,55000,120507,0,1900.0,2497.027467171128,168.67346499930136,55306.56287899183,5809.40452421851
1783298024,1000,,Aggregated,236.800000,0.000000,1900,2300,2500,2700,3200,3800,5200,25000,50000,55000,55000,120766,0,1900.0,2495.871507338836,168.67346499930136,55306.56287899183,5811.255220840303
1783298025,1000,,Aggregated,240.200000,0.000000,1900,2300,2500,2700,3200,3800,5200,25000,50000,55000,55000,121030,0,1900.0,2494.3531330103942,168.67346499930136,55306.56287899183,5812.341146823102
1783298026,1000,,Aggregated,242.100000,0.000000,1900,2300,2500,2700,3200,3800,5200,25000,50000,55000,55000,121282,0,1900.0,2492.768165191261,168.67346499930136,55306.56287899183,5812.650310845797
1783298027,1000,,Aggregated,242.100000,0.000000,1900,2300,2500,2700,3200,3800,5200,25000,50000,55000,55000,121343,0,1900.0,2492.323911633451,168.67346499930136,55306.56287899183,5812.471885481651
1783298028,1000,,Aggregated,272.500000,0.000000,1900,2300,2500,2700,3200,3800,5100,25000,50000,55000,55000,121900,0,1900.0,2489.8212300919154,168.67346499930136,55306.56287899183,5812.412551271534
1783298029,1000,,Aggregated,228.500000,0.000000,1900,2300,2500,2700,3200,3800,5100,23000,50000,55000,55000,122155,0,1900.0,2487.3828747181065,168.67346499930136,55306.56287899183,5811.594105849126
1783298030,1000,,Aggregated,248.200000,0.000000,1900,2300,2500,2700,3200,3800,5100,23000,50000,55000,55000,122370,0,1900.0,2485.472553475329,168.67346499930136,55306.56287899183,5810.64220805753
1783298031,1000,,Aggregated,250.300000,0.000000,1900,2300,2500,2700,3200,3800,5100,23000,50000,55000,55000,122606,0,1900.0,2483.810416088731,168.67346499930136,55306.56287899183,5810.199305091105
1783298032,1000,,Aggregated,253.600000,0.000000,1900,2300,2500,2700,3200,3800,5100,23000,50000,55000,55000,122835,0,1900.0,2482.573299766566,168.67346499930136,55306.56287899183,5809.6346888101925
1783298033,1000,,Aggregated,252.000000,0.000000,1900,2300,2500,2700,3200,3800,5100,23000,50000,55000,55000,123079,0,1900.0,2481.5624048281447,168.67346499930136,55306.56287899183,5809.089519739355
1783298034,1000,,Aggregated,250.800000,0.000000,1900,2300,2500,2700,3200,3800,5100,23000,50000,55000,55000,123348,0,1900.0,2480.584412117434,168.67346499930136,55306.56287899183,5810.051942471706
1783298035,1000,,Aggregated,247.400000,0.000000,1900,2300,2500,2700,3200,3800,5100,23000,50000,55000,55000,123598,0,1900.0,2479.447336286878,168.67346499930136,55306.56287899183,5810.240554054273
1783298036,1000,,Aggregated,245.500000,0.000000,1900,2300,2500,2700,3200,3800,5100,23000,50000,55000,55000,123821,0,1900.0,2478.34540710174,168.67346499930136,55306.56287899183,5810.178111951931
1783298037,1000,,Aggregated,246.200000,0.000000,1900,2300,2500,2700,3200,3800,5100,23000,50000,55000,55000,124028,0,1900.0,2477.453792666721,168.67346499930136,55306.56287899183,5809.057930467314
1783298038,1000,,Aggregated,246.300000,0.000000,1900,2300,2500,2700,3200,3800,5100,23000,50000,55000,55000,124274,0,1900.0,2476.647477147126,168.67346499930136,55306.56287899183,5809.604865056247
1783298040,1000,,Aggregated,246.300000,0.000000,1900,2300,2500,2700,3200,3800,5100,23000,50000,55000,55000,124338,0,1900.0,2476.4499206301266,168.67346499930136,55306.56287899183,5809.812736251186
1783298041,1000,,Aggregated,234.100000,0.000000,1900,2300,2500,2700,3200,3800,5100,23000,50000,55000,55000,124923,0,1900.0,2475.8945910831953,168.67346499930136,55306.56287899183,5812.797147042578
1783298042,1000,,Aggregated,207.400000,0.000000,1900,2300,2500,2700,3200,3800,5100,23000,50000,55000,55000,125154,0,1900.0,2473.635696426872,168.67346499930136,55306.56287899183,5812.541277146555
1783298043,1000,,Aggregated,241.900000,0.000000,1900,2300,2500,2700,3200,3800,5100,23000,50000,55000,55000,125398,0,1900.0,2471.6455387481687,168.67346499930136,55306.56287899183,5812.204413148535
1783298044,1000,,Aggregated,244.300000,0.000000,1900,2300,2500,2700,3200,3800,5100,22000,50000,55000,55000,125607,0,1900.0,2469.989149589425,168.67346499930136,55306.56287899183,5811.608246355697
1783298045,1000,,Aggregated,244.800000,0.000000,1900,2300,2500,2700,3200,3800,5100,22000,50000,55000,55000,125831,0,1900.0,2468.7712268411838,168.67346499930136,55306.56287899183,5810.493368088944
1783298046,1000,,Aggregated,241.500000,0.000000,1900,2300,2500,2700,3200,3800,5000,22000,50000,55000,55000,126069,0,1900.0,2468.013940593367,168.67346499930136,55306.56287899183,5810.052574383869
1783298047,1000,,Aggregated,237.600000,0.000000,1900,2300,2500,2700,3200,3800,5000,22000,50000,55000,55000,126309,0,1900.0,2467.5513329169175,168.67346499930136,55306.56287899183,5811.23482095496
1783298048,1000,,Aggregated,234.900000,0.000000,1900,2300,2500,2700,3200,3800,5000,22000,50000,55000,55000,126553,0,1900.0,2466.989148778383,168.67346499930136,55306.56287899183,5811.939961913191
1783298049,1000,,Aggregated,240.000000,0.000000,1900,2300,2500,2700,3200,3800,5000,22000,50000,55000,55000,126792,0,1900.0,2466.1893411534083,168.67346499930136,55306.56287899183,5812.85846898858
1783298050,1000,,Aggregated,239.200000,0.000000,1900,2300,2500,2700,3200,3800,5000,22000,50000,55000,55000,127036,0,1900.0,2465.35904753516,168.67346499930136,55306.56287899183,5812.148084007683
1783298051,1000,,Aggregated,239.200000,0.000000,1900,2300,2500,2700,3200,3800,5000,22000,50000,55000,55000,127179,0,1900.0,2464.86982964946,168.67346499930136,55306.56287899183,5812.559133190228
1783298052,1000,,Aggregated,265.500000,0.000000,1900,2300,2500,2700,3200,3800,5000,22000,50000,55000,55000,127672,0,1900.0,2463.7448746081895,168.67346499930136,55306.56287899183,5815.631790839025
1783298053,1000,,Aggregated,228.700000,0.000000,1900,2300,2500,2700,3200,3800,5000,22000,50000,55000,55000,127930,0,1900.0,2462.0472279057976,168.67346499930136,55306.56287899183,5813.841210036739
1783298054,1000,,Aggregated,236.100000,0.000000,1900,2300,2500,2700,3200,3800,5000,22000,50000,55000,55000,128162,0,1900.0,2460.5298012585076,168.67346499930136,55306.56287899183,5812.566876297186
1783298055,1000,,Aggregated,237.700000,0.000000,1900,2300,2500,2700,3200,3800,5000,22000,50000,55000,55000,128375,0,1900.0,2459.2982492848764,168.67346499930136,55306.56287899183,5813.1289425511195
1783298056,1000,,Aggregated,242.000000,0.000000,1900,2300,2500,2700,3200,3800,5000,22000,50000,55000,55000,128623,0,1900.0,2458.10399046575,168.67346499930136,55306.56287899183,5813.19756964151
1783298057,1000,,Aggregated,241.500000,0.000000,1900,2300,2500,2700,3200,3800,5000,21000,50000,55000,55000,128916,0,1900.0,2456.796212594061,168.67346499930136,55306.56287899183,5814.038684104378
1783298058,1000,,Aggregated,240.900000,0.000000,1900,2300,2500,2700,3200,3800,5000,21000,50000,55000,55000,129171,0,1900.0,2455.419337377248,168.67346499930136,55306.56287899183,5813.588258974538
