Timestamp,User Count,Type,Name,Requests/s,Failures/s,50%,66%,75%,80%,90%,95%,98%,99%,99.9%,99.99%,100%,Total Request Count,Total Failure Count,Total Median Response Time,Total Average Response Time,Total Min Response Time,Total Max Response Time,Total Average Content Size
1783296256,0,,Aggregated,0.000000,0.000000,N/A,N/A,N/A,N/A,N/A,N/A,N/A,N/A,N/A,N/A,N/A,0,0,0,0.0,0,0,0
1783296257,50,,Aggregated,0.000000,0.000000,N/A,N/A,N/A,N/A,N/A,N/A,N/A,N/A,N/A,N/A,N/A,0,0,0,0.0,0,0,0
1783296258,100,,Aggregated,0.000000,0.000000,N/A,N/A,N/A,N/A,N/A,N/A,N/A,N/A,N/A,N/A,N/A,0,0,0,0.0,0,0,0
1783296259,150,,Aggregated,0.000000,0.000000,2900,2900,2900,2900,2900,3000,3000,3000,3000,3000,3000,13,0,2900.0,2862.6024989229895,2728.7881759984884,2959.1596230020514,655.0
1783296260,200,,Aggregated,0.000000,0.000000,2900,2900,2900,2900,2900,3000,3000,3000,3000,3000,3000,13,0,2900.0,2862.6024989229895,2728.7881759984884,2959.1596230020514,655.0
1783296261,200,,Aggregated,0.000000,0.000000,2900,2900,4900,4900,4900,4900,4900,4900,4900,4900,4900,18,0,2900.0,3438.2598060547025,2728.7881759984884,4949.411950001377,655.0
1783296262,200,,Aggregated,3.250000,0.000000,4900,5500,5500,5500,5500,5500,5500,5500,5500,5500,5500,43,0,4900.0,4320.495225419088,2727.522332002991,5533.872201005579,673.953488372093
1783296263,200,,Aggregated,2.600000,0.000000,5500,5500,5500,5500,6800,6800,6800,6800,6800,6800,6800,63,0,5500.0,4734.582094064016,2727.522332002991,6811.889431002783,688.6349206349206
1783296264,200,,Aggregated,3.000000,0.000000,4900,5500,5500,5500,6800,6800,6800,6800,6800,6800,6800,67,0,4900.0,4618.529084686984,2727.522332002991,6811.889431002783,696.3582089552239
1783296265,200,,Aggregated,3.000000,0.000000,4900,5500,5500,5500,6800,6800,6800,6800,6800,6800,6800,67,0,4900.0,4618.529084686984,2727.522332002991,6811.889431002783,696.3582089552239
1783296266,200,,Aggregated,7.875000,0.000000,4000,5500,5500,6800,8500,8800,8900,8900,8900,8900,8900,159,0,4000.0,4338.817222868297,23.802590993000194,8946.08428698848,1357.4968553459119
1783296267,200,,Aggregated,7.444444,0.000000,2900,4400,5500,6800,8800,9300,9400,9400,10000,10000,10000,236,0,2900.0,3824.931141428089,23.802590993000194,9993.947624010616,1724.5169491525423
1783296268,200,,Aggregated,8.300000,0.000000,1400,3000,4400,5500,8500,9300,9400,10000,10000,10000,10000,339,0,1400.0,3035.856580153404,23.802590993000194,10065.90265200066,2570.660766961652
1783296269,200,,Aggregated,20.200000,0.000000,1100,2200,4000,4400,8500,8900,9400,10000,10000,10000,10000,424,0,1100.0,2603.74159431122,23.802590993000194,10065.90265200066,3796.7924528301887
1783296270,200,,Aggregated,28.900000,0.000000,1100,1600,2900,4100,6800,8900,9400,10000,12000,12000,12000,500,0,1100.0,2401.499283739714,23.802590993000194,11601.715606986545,5001.218
1783296271,200,,Aggregated,39.800000,0.000000,1100,1800,3900,4800,8800,12000,13000,14000,14000,14000,14000,590,0,1100.0,2820.542892562454,23.802590993000194,13913.511841004947,5188.437288135593
1783296272,200,,Aggregated,44.300000,0.000000,1000,1400,2800,4400,8900,13000,13000,14000,14000,14000,14000,751,0,1000.0,2674.582853610916,23.802590993000194,13913.511841004947,5113.243675099867
1783296273,200,,Aggregated,50.500000,0.000000,870,1200,2200,3900,9300,13000,14000,14000,14000,14000,14000,936,0,870.0,2594.6851216729324,23.802590993000194,14451.830612000776,5249.452991452991
1783296274,200,,Aggregated,63.000000,0.000000,760,1000,1400,2900,9300,13000,15000,15000,16000,16000,16000,1161,0,760.0,2487.1310657914855,3.960764006478712,15822.915384007501,5578.897502153316
1783296275,200,,Aggregated,78.600000,0.000000,590,900,1100,1400,8500,13000,14000,15000,16000,16000,16000,1409,0,590.0,2098.3122495578077,3.960764006478712,15822.915384007501,6274.47409510291
1783296276,200,,Aggregated,95.400000,0.000000,550,860,1100,1400,6800,13000,14000,15000,16000,16000,16000,1503,0,550.0,1968.7684606645769,3.1097739993128926,15822.915384007501,6286.841650033267
1783296277,200,,Aggregated,120.900000,0.000000,530,790,1000,1200,6800,13000,14000,15000,16000,16000,16000,1600,0,530.0,1850.2566625786892,3.1097739993128926,15822.915384007501,6230.551875
1783296278,200,,Aggregated,137.600000,0.000000,490,770,1000,1200,5500,13000,14000,15000,16000,16000,16000,1690,0,490.0,1752.4378668223985,3.1097739993128926,15822.915384007501,6267.996449704142
1783296279,200,,Aggregated,133.400000,0.000000,470,740,1000,1100,5500,13000,14000,15000,16000,16000,16000,1782,0,470.0,1662.8662755548976,3.1097739993128926,15822.915384007501,6302.482603815937
1783296280,200,,Aggregated,134.800000,0.000000,410,670,900,1100,4400,13000,14000,15000,16000,16000,16000,1913,0,410.0,1552.122112219476,3.1097739993128926,15822.915384007501,6280.371667537898
1783296281,200,,Aggregated,132.800000,0.000000,380,620,870,1000,4400,12000,14000,15000,16000,16000,16000,2003,0,380.0,1483.1181578132496,3.1097739993128926,15822.915384007501,6192.154268597104
1783296282,200,,Aggregated,132.800000,0.000000,360,590,830,1000,4000,12000,14000,15000,16000,16000,16000,2094,0,360.0,1419.2470254331122,3.1097739993128926,15822.915384007501,6162.931232091691
1783296283,200,,Aggregated,140.100000,0.000000,290,550,790,1000,3900,10000,14000,15000,16000,16000,16000,2192,0,290.0,1356.4250837061818,3.0248729890445247,15822.915384007501,6217.078010948905
1783296284,200,,Aggregated,135.900000,0.000000,240,540,770,950,2900,9400,14000,15000,16000,16000,16000,2286,0,240.0,1301.3204808616927,3.0248729890445247,15822.915384007501,6150.481189851269
1783296285,200,,Aggregated,126.700000,0.000000,210,520,750,910,2800,9300,14000,15000,16000,16000,16000,2380,0,210.0,1250.583031755812,3.0248729890445247,15822.915384007501,6162.862605042017
1783296286,200,,Aggregated,117.800000,0.000000,170,490,720,890,2600,9200,13000,15000,16000,16000,16000,2482,0,170.0,1199.7723035495026,3.0248729890445247,15822.915384007501,6082.406124093473
1783296288,200,,Aggregated,101.200000,0.000000,140,470,690,850,2200,8900,13000,15000,16000,16000,16000,2568,0,130.0,1159.98240420944,2.9534390050685033,15822.915384007501,6071.586059190031
1783296289,200,,Aggregated,92.200000,0.000000,100,460,630,800,2100,8800,13000,14000,16000,16000,16000,2670,0,100.0,1116.2139807198175,2.9534390050685033,15822.915384007501,6039.177902621723
1783296290,200,,Aggregated,93.100000,0.000000,84,440,610,790,1600,8500,13000,14000,16000,16000,16000,2758,0,84,1081.0601862969213,2.9534390050685033,15822.915384007501,6001.460116026105
1783296291,200,,Aggregated,93.100000,0.000000,70,390,590,770,1400,8500,13000,14000,16000,16000,16000,2848,0,70,1047.3173359546622,2.9534390050685033,15822.915384007501,5967.81952247191
1783296292,200,,Aggregated,97.200000,0.000000,60,380,560,760,1400,8500,13000,14000,16000,16000,16000,2945,0,60,1013.3245024448054,2.9534390050685033,15822.915384007501,5982.494736842105
1783296293,200,,Aggregated,92.900000,0.000000,55,370,550,740,1400,6800,13000,14000,16000,16000,16000,3039,0,55,982.5900971388237,2.9534390050685033,15822.915384007501,5996.0388285620265
1783296294,200,,Aggregated,93.700000,0.000000,50,340,540,710,1300,6800,13000,14000,16000,16000,16000,3129,0,50,954.8456671546675,2.9534390050685033,15822.915384007501,5958.19431128156
1783296295,200,,Aggregated,93.800000,0.000000,47,300,520,690,1200,6800,13000,14000,16000,16000,16000,3219,0,47,928.5875667002085,2.8714210056932643,15822.915384007501,5963.763280521901
1783296296,200,,Aggregated,93.000000,0.000000,42,250,500,660,1200,5500,13000,14000,16000,16000,16000,3310,0,42,903.3639641286718,2.8714210056932643,15822.915384007501,5934.243202416918
1783296297,200,,Aggregated,92.700000,0.000000,38,230,490,620,1200,5500,13000,14000,16000,16000,16000,3397,0,38,880.5336589148917,2.8714210056932643,15822.915384007501,5913.50897851045
1783296298,200,,Aggregated,92.500000,0.000000,33,210,470,600,1100,5500,13000,14000,16000,16000,16000,3491,0,33,857.2378910217195,2.8714210056932643,15822.915384007501,5902.480378115153
1783296299,200,,Aggregated,91.100000,0.000000,27,190,460,580,1100,5500,13000,14000,16000,16000,16000,3594,0,27,833.0145081491072,2.8714210056932643,15822.915384007501,5919.084028937117
1783296300,200,,Aggregated,91.800000,0.000000,23,160,460,560,1100,4900,13000,14000,16000,16000,16000,3673,0,23,815.344895143423,2.8714210056932643,15822.915384007501,5952.9278518921865
1783296301,200,,Aggregated,91.800000,0.000000,20,140,430,550,1100,4900,13000,14000,16000,16000,16000,3759,0,20,797.1172037400248,2.8714210056932643,15822.915384007501,5958.830007980846
1783296302,200,,Aggregated,91.000000,0.000000,18,120,400,540,1100,4400,13000,14000,16000,16000,16000,3852,0,18,778.2312290165747,2.8714210056932643,15822.915384007501,5946.441329179647
1783296303,200,,Aggregated,90.600000,0.000000,16,98,380,530,1000,4400,13000,14000,16000,16000,16000,3953,0,16,758.5988342805107,2.8714210056932643,15822.915384007501,5959.350619782444
1783296304,200,,Aggregated,89.800000,0.000000,15,87,370,520,1000,4400,13000,14000,15000,16000,16000,4035,0,15,743.4267264012003,2.8714210056932643,15822.915384007501,5962.0788104089215
1783296305,200,,Aggregated,91.400000,0.000000,14,80,370,510,1000,4000,13000,14000,15000,16000,16000,4129,0,14,726.9136128425492,2.8714210056932643,15822.915384007501,5954.1012351659
1783296306,200,,Aggregated,89.900000,0.000000,14,73,350,490,1000,4000,13000,14000,15000,16000,16000,4219,0,14,711.7287421706245,2.8714210056932643,15822.915384007501,5952.814173974875
1783296307,200,,Aggregated,90.500000,0.000000,13,68,330,480,1000,3900,13000,14000,15000,16000,16000,4310,0,13,696.9507534138718,2.8714210056932643,15822.915384007501,5959.178654292344
1783296308,200,,Aggregated,90.400000,0.000000,13,65,280,470,1000,3900,13000,14000,15000,16000,16000,4405,0,13,682.1681040564876,2.8714210056932643,15822.915384007501,5946.538251986379
1783296309,200,,Aggregated,90.600000,0.000000,13,62,260,460,1000,3000,13000,14000,15000,16000,16000,4495,0,13,668.8750145276649,2.8714210056932643,15822.915384007501,5928.670745272525
1783296310,200,,Aggregated,91.100000,0.000000,12,59,240,460,950,2900,13000,14000,15000,16000,16000,4585,0,12,656.0129562608248,2.8714210056932643,15822.915384007501,5917.062377317339
1783296311,200,,Aggregated,88.900000,0.000000,12,56,230,440,920,2900,13000,14000,15000,16000,16000,4676,0,12,643.6025648389308,2.8714210056932643,15822.915384007501,5898.929213002566
1783296312,200,,Aggregated,90.800000,0.000000,12,54,210,410,900,2800,13000,14000,15000,16000,16000,4773,0,12,630.7778203343413,2.8714210056932643,15822.915384007501,5910.605070186465
1783296313,200,,Aggregated,90.700000,0.000000,12,53,190,390,900,2700,12000,13000,15000,16000,16000,4855,0,12,620.4027308117026,2.8714210056932643,15822.915384007501,5901.6391349124615
1783296314,200,,Aggregated,92.000000,0.000000,12,51,170,380,890,2700,12000,13000,15000,16000,16000,4958,0,12,607.8693658944713,2.8714210056932643,15822.915384007501,5887.088947156111
1783296315,200,,Aggregated,89.700000,0.000000,11,50,150,370,870,2200,12000,13000,15000,16000,16000,5038,0,11,598.471919199456,2.8714210056932643,15822.915384007501,5863.351131401349
1783296316,200,,Aggregated,92.600000,0.000000,11,48,140,370,850,2200,12000,13000,15000,16000,16000,5134,0,11,587.5480391472302,2.8714210056932643,15822.915384007501,5854.673743669653
1783296317,200,,Aggregated,90.400000,0.000000,11,48,120,360,840,2200,12000,13000,15000,16000,16000,5227,0,11,577.4307067887802,2.8714210056932643,15822.915384007501,5877.216376506601
1783296318,200,,Aggregated,91.300000,0.000000,11,46,110,340,800,2100,10000,13000,15000,16000,16000,5317,0,11,567.929951404921,2.8714210056932643,15822.915384007501,5859.5768290389315
1783296319,200,,Aggregated,91.400000,0.000000,11,45,99,320,800,1800,10000,13000,15000,16000,16000,5411,0,11,558.2826384531406,2.8714210056932643,15822.915384007501,5869.632045832564
1783296320,200,,Aggregated,90.300000,0.000000,11,44,93,280,790,1700,10000,13000,15000,16000,16000,5500,0,11,549.5117709279876,2.8714210056932643,15822.915384007501,5854.408363636364
1783296321,200,,Aggregated,91.900000,0.000000,11,42,86,260,780,1500,9400,13000,15000,16000,16000,5588,0,11,541.0723228167595,2.8714210056932643,15822.915384007501,5845.821403006443
1783296322,200,,Aggregated,91.000000,0.000000,11,41,82,240,770,1400,9400,13000,15000,16000,16000,5684,0,11,532.1859096641678,2.8714210056932643,15822.915384007501,5848.89127375088
1783296323,200,,Aggregated,91.200000,0.000000,11,40,78,230,760,1400,9400,13000,15000,16000,16000,5781,0,11,523.4831991382512,2.8714210056932643,15822.915384007501,5846.265870956582
1783296324,200,,Aggregated,90.800000,0.000000,11,39,76,220,760,1400,9300,13000,15000,16000,16000,5861,0,11,516.5971483603878,2.8714210056932643,15822.915384007501,5829.725814707388
1783296325,200,,Aggregated,91.600000,0.000000,11,38,73,210,750,1400,9300,13000,15000,16000,16000,5960,0,11,508.31829792855774,2.784071009955369,15822.915384007501,5823.180536912751
1783296326,200,,Aggregated,89.800000,0.000000,11,37,71,190,740,1400,9300,13000,15000,16000,16000,6065,0,11,499.7494240791787,2.784071009955369,15822.915384007501,5834.843528441879
1783296327,200,,Aggregated,91.400000,0.000000,11,36,70,180,730,1400,9300,13000,15000,16000,16000,6143,0,11,493.60750241090835,2.784071009955369,15822.915384007501,5840.356991697868
1783296328,200,,Aggregated,91.200000,0.000000,10,35,67,160,720,1300,9200,13000,15000,16000,16000,6232,0,10,486.76698446875116,2.784071009955369,15822.915384007501,5838.19335686778
1783296329,200,,Aggregated,91.000000,0.000000,10,34,66,150,700,1200,8900,13000,15000,16000,16000,6323,0,10,479.93643956100834,2.784071009955369,15822.915384007501,5838.9854499446465
1783296330,200,,Aggregated,91.200000,0.000000,10,32,64,140,690,1200,8900,13000,15000,16000,16000,6419,0,10,472.9393419857188,2.784071009955369,15822.915384007501,5830.504751518928
1783296331,200,,Aggregated,91.200000,0.000000,10,31,63,120,670,1200,8800,13000,15000,16000,16000,6508,0,10,466.67233701757834,2.6834169984795153,15822.915384007501,5846.024277811924
1783296332,200,,Aggregated,91.400000,0.000000,10,30,62,120,660,1200,8800,13000,15000,16000,16000,6590,0,10,461.062126807059,2.6834169984795153,15822.915384007501,5843.212443095599
1783296333,200,,Aggregated,92.000000,0.000000,10,29,61,110,630,1200,8800,13000,15000,16000,16000,6692,0,10,454.2675047778624,2.6834169984795153,15822.915384007501,5841.652271368798
1783296334,200,,Aggregated,90.300000,0.000000,10,28,59,99,620,1200,8800,13000,15000,16000,16000,6779,0,10,448.61976425939343,2.6834169984795153,15822.915384007501,5830.720165216108
1783296335,200,,Aggregated,90.800000,0.000000,10,25,58,94,610,1200,8500,13000,15000,16000,16000,6864,0,10,443.180827488264,2.6834169984795153,15822.915384007501,5846.257867132867
1783296336,200,,Aggregated,90.900000,0.000000,10,24,57,92,610,1100,8500,13000,15000,16000,16000,6950,0,10,437.87000955258725,2.6834169984795153,15822.915384007501,5849.12
1783296337,200,,Aggregated,90.400000,0.000000,10,23,56,87,590,1100,8500,13000,15000,16000,16000,7046,0,10,432.1567998046288,2.6834169984795153,15822.915384007501,5828.418393414703
1783296338,200,,Aggregated,89.200000,0.000000,10,22,55,86,590,1100,8500,13000,15000,16000,16000,7139,0,10,426.6948250006211,2.6834169984795153,15822.915384007501,5840.737218097773
1783296339,200,,Aggregated,90.200000,0.000000,10,22,54,82,570,1100,8500,13000,15000,16000,16000,7230,0,10,421.54985680158455,2.6834169984795153,15822.915384007501,5835.104149377594
1783296340,200,,Aggregated,90.200000,0.000000,10,21,53,80,560,1100,8500,13000,15000,16000,16000,7324,0,10,416.29224123517974,2.6834169984795153,15822.915384007501,5826.622474057892
1783296341,200,,Aggregated,90.200000,0.000000,10,20,52,78,550,1100,8500,13000,15000,16000,16000,7402,0,10,412.0378378876617,2.6834169984795153,15822.915384007501,5827.759794650095
1783296342,200,,Aggregated,90.100000,0.000000,10,19,51,76,550,1100,6800,13000,15000,16000,16000,7506,0,10,406.51190124813473,2.6834169984795153,15822.915384007501,5827.48894217959
1783296343,200,,Aggregated,89.400000,0.000000,10,19,50,74,550,1100,6800,13000,15000,16000,16000,7604,0,10,401.473687499666,2.6834169984795153,15822.915384007501,5811.937006838506
1783296344,200,,Aggregated,91.200000,0.000000,10,19,50,73,540,1100,6800,13000,15000,16000,16000,7691,0,10,397.10380599134976,2.6834169984795153,15822.915384007501,5816.0911454947345
1783296345,200,,Aggregated,90.800000,0.000000,10,18,49,71,540,1100,6800,13000,15000,16000,16000,7789,0,10,392.25029957780066,2.6834169984795153,15822.915384007501,5807.279368339967
1783296346,200,,Aggregated,90.800000,0.000000,10,18,48,70,530,1100,6800,13000,15000,16000,16000,7872,0,10,388.3206798929814,2.6834169984795153,15822.915384007501,5801.843114837398
1783296347,200,,Aggregated,91.700000,0.000000,10,17,48,69,530,1000,6800,13000,15000,16000,16000,7965,0,10,383.9875589848763,2.6834169984795153,15822.915384007501,5806.332580037665
1783296348,200,,Aggregated,92.400000,0.000000,10,17,48,68,520,1000,6800,13000,15000,16000,16000,8053,0,10,379.9628882311658,2.6834169984795153,15822.915384007501,5798.389171737241
1783296349,200,,Aggregated,90.800000,0.000000,10,17,47,67,520,1000,5500,13000,15000,16000,16000,8147,0,10,375.77367080085236,2.6394949964014813,15822.915384007501,5792.7052902909045
1783296350,200,,Aggregated,91.800000,0.000000,10,17,46,66,510,1000,5500,13000,15000,16000,16000,8238,0,10,371.7424798019641,2.6394949964014813,15822.915384007501,5789.308448652586
1783296351,200,,Aggregated,90.400000,0.000000,9,16,46,65,500,1000,5500,13000,15000,16000,16000,8331,0,9,367.71890063085027,2.6394949964014813,15822.915384007501,5790.230824630897
1783296352,200,,Aggregated,90.900000,0.000000,9,16,45,64,490,1000,5500,13000,15000,16000,16000,8420,0,9,363.96288616194835,2.6394949964014813,15822.915384007501,5794.11567695962
1783296353,200,,Aggregated,92.200000,0.000000,9,16,45,63,490,1000,5500,13000,15000,16000,16000,8518,0,9,359.96396898034664,2.6394949964014813,15822.915384007501,5797.761328950458
1783296354,200,,Aggregated,90.000000,0.000000,9,15,44,62,480,1000,5500,13000,15000,16000,16000,8607,0,9,356.3961587739739,2.6394949964014813,15822.915384007501,5797.455675612873
1783296355,200,,Aggregated,90.700000,0.000000,9,15,44,62,470,1000,5500,13000,15000,16000,16000,8690,0,9,353.09834201101256,2.6394949964014813,15822.915384007501,5796.586536248562
1783296356,200,,Aggregated,91.700000,0.000000,9,15,43,61,470,1000,5500,13000,15000,16000,16000,8790,0,9,349.2079202612805,2.6394949964014813,15822.915384007501,5805.439817974971
1783296357,200,,Aggregated,89.900000,0.000000,9,15,43,60,470,1000,5500,13000,15000,16000,16000,8883,0,9,345.6562050001921,2.6394949964014813,15822.915384007501,5811.932117527862
1783296358,200,,Aggregated,91.000000,0.000000,9,15,42,59,460,1000,5500,13000,15000,16000,16000,8966,0,9,342.5864626215382,2.6394949964014813,15822.915384007501,5815.348985054651
1783296359,200,,Aggregated,91.100000,0.000000,9,15,42,58,460,970,5500,13000,15000,16000,16000,9064,0,9,339.04985979508285,2.6394949964014813,15822.915384007501,5818.252758164166
1783296360,200,,Aggregated,90.300000,0.000000,9,14,42,58,460,950,4900,13000,15000,16000,16000,9152,0,9,335.93663397286207,2.6394949964014813,15822.915384007501,5816.866695804196
1783296361,200,,Aggregated,91.300000,0.000000,9,14,41,57,450,940,4900,13000,15000,16000,16000,9244,0,9,332.7223981128043,2.6394949964014813,15822.915384007501,5802.9925356988315
1783296362,200,,Aggregated,90.900000,0.000000,9,14,41,57,440,920,4900,13000,15000,16000,16000,9341,0,9,329.414673702575,2.6394949964014813,15822.915384007501,5802.53109945402
1783296363,200,,Aggregated,90.800000,0.000000,8,14,40,56,420,910,4900,13000,15000,16000,16000,9432,0,8,326.3552511719482,2.6394949964014813,15822.915384007501,5813.920271416455
1783296364,200,,Aggregated,91.600000,0.000000,8,14,40,56,410,910,4400,13000,15000,16000,16000,9517,0,8,323.58002958662036,2.6394949964014813,15822.915384007501,5818.324997373122
1783296365,200,,Aggregated,91.200000,0.000000,8,14,40,55,410,900,4400,12000,15000,16000,16000,9610,0,8,320.552148453991,2.6394949964014813,15822.915384007501,5805.408116545265
1783296366,200,,Aggregated,90.500000,0.000000,8,14,39,54,390,900,4400,12000,15000,16000,16000,9716,0,8,317.24410773680637,2.6394949964014813,15822.915384007501,5808.4737546315355
1783296367,200,,Aggregated,91.900000,0.000000,8,14,39,54,380,890,4400,12000,15000,16000,16000,9819,0,8,314.14023257478334,2.6394949964014813,15822.915384007501,5798.214685813219
1783296368,200,,Aggregated,91.100000,0.000000,8,14,39,53,380,890,4400,12000,15000,16000,16000,9901,0,8,311.62734351951724,2.6394949964014813,15822.915384007501,5803.116755883244
1783296369,200,,Aggregated,92.400000,0.000000,8,14,38,53,380,870,4400,12000,15000,16000,16000,9992,0,8,308.9342282486781,2.6394949964014813,15822.915384007501,5801.763610888711
1783296370,200,,Aggregated,92.300000,0.000000,8,14,38,52,370,870,4400,12000,15000,16000,16000,10093,0,8,305.98651673158264,2.6394949964014813,15822.915384007501,5812.223224016645
1783296371,200,,Aggregated,93.000000,0.000000,8,14,37,52,370,860,4100,12000,15000,16000,16000,10185,0,8,303.35275644741074,2.6394949964014813,15822.915384007501,5808.062150220913
1783296372,200,,Aggregated,92.100000,0.000000,8,13,37,51,370,850,4000,12000,15000,16000,16000,10271,0,8,300.9160596311874,2.6394949964014813,15822.915384007501,5817.6418070295
1783296373,200,,Aggregated,92.000000,0.000000,8,13,37,51,360,840,4000,12000,15000,16000,16000,10374,0,8,298.0666297679776,2.6394949964014813,15822.915384007501,5812.4883362251785
1783296374,200,,Aggregated,93.200000,0.000000,8,13,36,51,360,840,4000,12000,15000,16000,16000,10458,0,8,295.7892179678739,2.6394949964014813,15822.915384007501,5805.663224325875
1783296375,200,,Aggregated,91.800000,0.000000,8,13,36,50,350,820,4000,11000,15000,16000,16000,10558,0,8,293.16624866301066,2.6394949964014813,15822.915384007501,5807.687251373366
1783296376,200,,Aggregated,92.500000,0.000000,8,13,36,50,340,800,4000,10000,15000,16000,16000,10646,0,8,290.85107201269676,2.6394949964014813,15822.915384007501,5812.410576742438
1783296377,200,,Aggregated,92.600000,0.000000,8,13,35,49,330,800,3900,10000,15000,16000,16000,10732,0,8,288.59939614892113,2.6394949964014813,15822.915384007501,5809.965244129706
1783296378,200,,Aggregated,92.800000,0.000000,8,13,35,49,320,800,3900,10000,15000,16000,16000,10818,0,8,286.41267907749,2.6394949964014813,15822.915384007501,5815.096136069514
1783296379,200,,Aggregated,91.300000,0.000000,8,13,34,49,300,790,3900,10000,15000,16000,16000,10915,0,8,283.99759177363524,2.6394949964014813,15822.915384007501,5811.343289051763
1783296380,200,,Aggregated,91.400000,0.000000,8,13,34,48,280,790,3900,10000,15000,16000,16000,10999,0,8,281.93807869000017,2.6394949964014813,15822.915384007501,5811.850804618602
1783296381,200,,Aggregated,90.800000,0.000000,8,13,34,48,270,790,3000,10000,15000,16000,16000,11093,0,8,279.68541940234434,2.6394949964014813,15822.915384007501,5815.2486252591725
1783296382,200,,Aggregated,92.400000,0.000000,8,13,33,48,260,780,3000,9400,15000,16000,16000,11185,0,8,277.4905192657385,2.6394949964014813,15822.915384007501,5822.285650424676
1783296383,200,,Aggregated,91.200000,0.000000,8,13,33,48,250,780,3000,9400,15000,16000,16000,11277,0,8,275.34445558688105,2.6394949964014813,15822.915384007501,5823.536756229493
1783296384,200,,Aggregated,89.600000,0.000000,8,13,32,47,240,770,2900,9400,15000,16000,16000,11369,0,8,273.2115693914371,2.6394949964014813,15822.915384007501,5826.835077843258
1783296385,200,,Aggregated,91.300000,0.000000,8,13,32,47,240,770,2900,9400,15000,16000,16000,11470,0,8,270.93080579818934,2.6394949964014813,15822.915384007501,5834.4467306015695
1783296386,200,,Aggregated,91.200000,0.000000,8,13,32,47,230,760,2900,9400,15000,16000,16000,11563,0,8,268.89207488741687,2.6394949964014813,15822.915384007501,5846.736314105336
1783296387,200,,Aggregated,90.800000,0.000000,8,13,32,46,230,760,2900,9300,15000,16000,16000,11647,0,8,267.08447701780034,2.6394949964014813,15822.915384007501,5858.4032798145445
1783296388,200,,Aggregated,90.300000,0.000000,8,13,31,46,220,760,2800,9300,15000,16000,16000,11744,0,8,264.9777936914439,2.6394949964014813,15822.915384007501,5866.891178474115
1783296389,200,,Aggregated,92.100000,0.000000,8,13,31,46,210,750,2800,9300,15000,16000,16000,11835,0,8,263.0608096160818,2.6394949964014813,15822.915384007501,5865.618166455429
1783296390,200,,Aggregated,91.800000,0.000000,8,13,30,46,210,750,2800,9300,15000,16000,16000,11929,0,8,261.10803682507884,2.6394949964014813,15822.915384007501,5869.66417973007
1783296391,200,,Aggregated,91.000000,0.000000,8,13,30,46,200,750,2700,9300,15000,16000,16000,12007,0,8,259.5014184112011,2.6394949964014813,15822.915384007501,5866.666361289248
1783296392,200,,Aggregated,90.500000,0.000000,8,13,30,45,190,740,2700,9300,15000,16000,16000,12110,0,8,257.43316031142615,2.6394949964014813,15822.915384007501,5859.883236994219
1783296393,200,,Aggregated,91.700000,0.000000,8,13,29,45,190,740,2700,9300,15000,16000,16000,12207,0,8,255.48469549556432,2.6394949964014813,15822.915384007501,5866.8968624559675
1783296394,200,,Aggregated,91.800000,0.000000,8,12,29,45,180,730,2700,9300,15000,16000,16000,12285,0,8,253.94038656404422,2.6394949964014813,15822.915384007501,5861.6988196988195
1783296395,200,,Aggregated,91.100000,0.000000,8,12,29,45,170,720,2700,9200,15000,16000,16000,12378,0,8,252.15598006506244,2.6394949964014813,15822.915384007501,5856.923978025529
1783296396,200,,Aggregated,91.300000,0.000000,8,12,28,45,160,720,2500,9200,15000,16000,16000,12472,0,8,250.3702328746242,2.6394949964014813,15822.915384007501,5846.101186658114
1783296397,200,,Aggregated,90.800000,0.000000,8,12,28,44,160,710,2200,8900,15000,16000,16000,12571,0,8,248.6900661525225,2.6394949964014813,15822.915384007501,5855.189324636067
1783296398,200,,Aggregated,90.700000,0.000000,8,12,27,44,160,700,2200,8900,15000,16000,16000,12662,0,8,247.16624577416275,2.6394949964014813,15822.915384007501,5852.591138840626
1783296399,200,,Aggregated,89.200000,0.000000,7,12,27,44,160,690,2200,8900,15000,16000,16000,12745,0,7,245.64569874071677,2.6394949964014813,15822.915384007501,5848.071165162809
1783296400,200,,Aggregated,89.900000,0.000000,7,12,26,43,150,690,2200,8900,15000,16000,16000,12837,0,7,243.96634793116942,2.6394949964014813,15822.915384007501,5848.2232608865
1783296401,200,,Aggregated,92.000000,0.000000,7,12,26,43,140,680,2200,8800,15000,16000,16000,12926,0,7,242.3922077279477,2.6394949964014813,15822.915384007501,5847.668884419
1783296402,200,,Aggregated,91.400000,0.000000,7,12,26,43,140,670,2200,8800,15000,16000,16000,13023,0,7,240.69171185282795,2.6394949964014813,15822.915384007501,5849.543960684942
1783296403,200,,Aggregated,90.300000,0.000000,7,12,25,43,130,670,2200,8800,15000,16000,16000,13121,0,7,239.01840545388606,2.6394949964014813,15822.915384007501,5857.078042832101
1783296404,200,,Aggregated,90.500000,0.000000,7,12,25,43,130,660,2200,8800,15000,16000,16000,13219,0,7,237.32151788020764,2.6394949964014813,15822.915384007501,5854.866101823133
1783296405,200,,Aggregated,92.200000,0.000000,7,12,25,43,120,640,2100,8800,15000,16000,16000,13311,0,7,235.79337092499065,2.6394949964014813,15822.915384007501,5865.069190894748
1783296406,200,,Aggregated,91.600000,0.000000,7,12,24,42,120,630,2000,8800,15000,16000,16000,13397,0,7,234.3542228838135,2.6394949964014813,15822.915384007501,5870.711801149511
1783296407,200,,Aggregated,92.100000,0.000000,7,12,23,42,120,630,1800,8800,15000,16000,16000,13496,0,7,232.7257133928193,2.6394949964014813,15822.915384007501,5863.562685240071
1783296408,200,,Aggregated,92.600000,0.000000,7,12,23,42,110,620,1800,8800,15000,16000,16000,13588,0,7,231.23398345515105,2.6394949964014813,15822.915384007501,5860.635928760671
1783296409,200,,Aggregated,93.100000,0.000000,7,12,23,42,110,620,1700,8800,15000,16000,16000,13678,0,7,229.80851430688992,2.6394949964014813,15822.915384007501,5864.911317444071
1783296410,200,,Aggregated,94.100000,0.000000,7,12,23,42,110,610,1600,8500,15000,16000,16000,13774,0,7,228.29711387757604,2.6394949964014813,15822.915384007501,5871.460795702047
1783296411,200,,Aggregated,91.600000,0.000000,7,12,22,41,110,610,1600,8500,15000,16000,16000,13858,0,7,226.97933069358518,2.6394949964014813,15822.915384007501,5876.846875451003
1783296412,200,,Aggregated,93.000000,0.000000,7,12,22,41,100,600,1500,8500,15000,16000,16000,13952,0,7,225.5296498845878,2.6394949964014813,15822.915384007501,5887.095255160551
1783296413,200,,Aggregated,92.400000,0.000000,7,12,21,41,100,600,1500,8500,15000,16000,16000,14049,0,7,224.03636779036106,2.6394949964014813,15822.915384007501,5883.693572496263
1783296414,200,,Aggregated,93.600000,0.000000,7,12,21,40,99,590,1400,8500,15000,16000,16000,14137,0,7,222.71442197473226,2.6394949964014813,15822.915384007501,5886.434109075476
1783296416,200,,Aggregated,91.800000,0.000000,7,12,23,42,120,590,1400,8500,15000,16000,16000,14286,0,7,222.0782457028427,2.6394949964014813,15822.915384007501,5890.217625647487
1783296417,200,,Aggregated,89.700000,0.000000,7,12,23,42,120,580,1400,8500,15000,16000,16000,14365,0,7,220.94610468268692,2.6394949964014813,15822.915384007501,5889.987399930386
1783296418,200,,Aggregated,91.100000,0.000000,7,12,23,42,120,580,1400,8500,15000,16000,16000,14456,0,7,219.63611399106466,2.6394949964014813,15822.915384007501,5891.937603763144
1783296419,200,,Aggregated,89.600000,0.000000,7,12,22,42,110,570,1400,8500,15000,16000,16000,14549,0,7,218.3172433993329,2.6394949964014813,15822.915384007501,5896.733040071483
1783296420,200,,Aggregated,88.000000,0.000000,7,12,22,41,110,560,1400,8500,15000,16000,16000,14643,0,7,216.98797800764717,2.6394949964014813,15822.915384007501,5896.80127023151
1783296421,200,,Aggregated,89.800000,0.000000,7,12,22,41,110,560,1400,8500,15000,16000,16000,14732,0,7,215.75650061783432,2.6394949964014813,15822.915384007501,5897.656122726038
1783296422,200,,Aggregated,88.300000,0.000000,7,12,21,41,100,550,1400,8500,15000,16000,16000,14826,0,7,214.45354353135576,2.6394949964014813,15822.915384007501,5899.3242951571565
1783296423,200,,Aggregated,90.100000,0.000000,7,12,21,41,100,550,1400,8500,15000,16000,16000,14920,0,7,213.19790074717517,2.6394949964014813,15822.915384007501,5898.586997319035
1783296424,200,,Aggregated,89.400000,0.000000,7,12,21,40,100,550,1400,6800,15000,16000,16000,15012,0,7,211.9699332097528,2.6394949964014813,15822.915384007501,5901.157673860911
1783296425,200,,Aggregated,90.900000,0.000000,7,12,21,40,99,550,1400,6800,15000,16000,16000,15098,0,7,210.87142151005608,2.6394949964014813,15822.915384007501,5900.276725394092
1783296426,200,,Aggregated,89.800000,0.000000,7,12,21,40,97,550,1400,6800,15000,16000,16000,15195,0,7,209.6016643004183,2.6394949964014813,15822.915384007501,5902.99809147746
1783296427,200,,Aggregated,92.100000,0.000000,7,12,21,40,96,550,1400,6800,15000,16000,16000,15277,0,7,208.55667377069196,2.6394949964014813,15822.915384007501,5905.588008116777
1783296428,200,,Aggregated,90.200000,0.000000,7,12,21,40,95,550,1400,6800,15000,16000,16000,15364,0,7,207.44383136571312,2.6394949964014813,15822.915384007501,5899.635706847175
1783296429,200,,Aggregated,91.700000,0.000000,7,12,20,40,94,540,1300,6800,15000,16000,16000,15461,0,7,206.2454076005364,2.6394949964014813,15822.915384007501,5894.156975616066
1783296430,200,,Aggregated,91.400000,0.000000,7,12,20,39,93,540,1300,6800,15000,16000,16000,15562,0,7,204.97876590161835,2.6394949964014813,15822.915384007501,5891.9302788844625
1783296431,200,,Aggregated,91.400000,0.000000,7,12,20,39,92,540,1300,6800,15000,16000,16000,15657,0,7,203.80767590853546,2.6394949964014813,15822.915384007501,5892.942326116115
1783296432,200,,Aggregated,91.700000,0.000000,7,12,20,39,93,540,1300,6800,15000,16000,16000,15747,0,7,202.80485115367497,2.6394949964014813,15822.915384007501,5896.64494824411
1783296433,200,,Aggregated,90.900000,0.000000,7,12,20,39,91,530,1200,6800,15000,16000,16000,15843,0,7,201.65863847213407,2.6394949964014813,15822.915384007501,5894.156536009594
1783296434,200,,Aggregated,91.500000,0.000000,7,12,20,39,90,530,1200,6800,15000,16000,16000,15943,0,7,200.4737665087428,2.6394949964014813,15822.915384007501,5892.850843630434
1783296435,200,,Aggregated,91.000000,0.000000,7,12,20,39,89,530,1200,6800,15000,16000,16000,16026,0,7,199.52896956045595,2.6394949964014813,15822.915384007501,5892.070697616374
1783296436,200,,Aggregated,91.500000,0.000000,7,12,19,39,89,530,1200,6800,15000,16000,16000,16113,0,7,198.52372331594378,2.6394949964014813,15822.915384007501,5892.642400546143
1783296437,200,,Aggregated,92.200000,0.000000,7,12,19,39,88,520,1200,5500,15000,16000,16000,16209,0,7,197.42151797216437,2.6394949964014813,15822.915384007501,5899.219445986798
1783296438,200,,Aggregated,92.000000,0.000000,7,12,19,39,87,520,1200,5500,15000,16000,16000,16297,0,7,196.45819940104187,2.6394949964014813,15822.915384007501,5905.71534638277
1783296439,200,,Aggregated,92.000000,0.000000,7,12,19,38,86,520,1200,5500,15000,16000,16000,16383,0,7,195.48877022985548,2.6394949964014813,15822.915384007501,5899.783861319661
1783296440,200,,Aggregated,92.500000,0.000000,7,12,19,38,86,510,1200,5500,15000,16000,16000,16483,0,7,194.39863575821738,2.6394949964014813,15822.915384007501,5894.438209063884
1783296442,200,,Aggregated,91.900000,0.000000,7,12,20,39,88,510,1200,5500,15000,16000,16000,16621,0,7,193.5024233312537,2.6394949964014813,15822.915384007501,5894.744058720895
1783296443,200,,Aggregated,88.000000,0.000000,7,12,20,39,88,500,1200,5500,15000,16000,16000,16698,0,7,192.6639692180329,2.6394949964014813,15822.915384007501,5896.968499221463
1783296444,200,,Aggregated,91.500000,0.000000,7,12,19,39,87,500,1200,5500,15000,16000,16000,16791,0,7,191.67224462918165,2.6394949964014813,15822.915384007501,5895.814781728307
1783296445,200,,Aggregated,89.800000,0.000000,7,12,19,39,87,500,1200,5500,15000,16000,16000,16889,0,7,190.6480382811677,2.6394949964014813,15822.915384007501,5893.112854520694
1783296446,200,,Aggregated,89.900000,0.000000,7,12,19,39,86,490,1200,5500,15000,16000,16000,16982,0,7,189.70229155138665,2.6394949964014813,15822.915384007501,5888.5137204098455
1783296447,200,,Aggregated,89.200000,0.000000,7,12,19,39,86,490,1200,5500,15000,16000,16000,17073,0,7,188.771001377009,2.6394949964014813,15822.915384007501,5885.447724477245
1783296448,200,,Aggregated,90.300000,0.000000,7,12,19,38,85,490,1200,5500,15000,16000,16000,17165,0,7,187.83232690222297,2.6394949964014813,15822.915384007501,5882.439498980483
1783296449,200,,Aggregated,90.400000,0.000000,7,12,19,38,85,490,1200,5500,15000,16000,16000,17254,0,7,186.9182817916244,2.6394949964014813,15822.915384007501,5891.425930219079
1783296450,200,,Aggregated,90.200000,0.000000,7,12,19,38,84,480,1200,5500,15000,16000,16000,17347,0,7,185.99058282202577,2.6394949964014813,15822.915384007501,5891.559116850176
1783296451,200,,Aggregated,90.800000,0.000000,7,12,19,38,83,480,1100,5500,15000,16000,16000,17442,0,7,185.0414144682829,2.6394949964014813,15822.915384007501,5892.597752551313
1783296452,200,,Aggregated,90.500000,0.000000,7,12,19,38,83,470,1100,5500,15000,16000,16000,17538,0,7,184.1447343405607,2.6394949964014813,15822.915384007501,5889.530049036378
1783296453,200,,Aggregated,94.100000,0.000000,7,12,18,38,82,470,1100,5500,15000,16000,16000,17625,0,7,183.30552746177878,2.6394949964014813,15822.915384007501,5891.039659574468
1783296454,200,,Aggregated,90.800000,0.000000,7,12,18,38,82,470,1100,5500,15000,16000,16000,17720,0,7,182.42924264575535,2.6394949964014813,15822.915384007501,5890.780699774266
1783296455,200,,Aggregated,92.000000,0.000000,7,12,19,38,82,470,1100,5500,15000,16000,16000,17801,0,7,181.70221099954117,2.6394949964014813,15822.915384007501,5889.671142070671
1783296456,200,,Aggregated,91.300000,0.000000,7,12,18,38,81,470,1100,5500,15000,16000,16000,17904,0,7,180.74535634902145,2.6394949964014813,15822.915384007501,5886.760612153708
1783296457,200,,Aggregated,90.300000,0.000000,7,12,18,37,80,470,1100,5500,15000,16000,16000,17997,0,7,179.88494057592933,2.6394949964014813,15822.915384007501,5885.6606656665
1783296458,200,,Aggregated,91.800000,0.000000,7,12,18,37,80,460,1100,5500,15000,16000,16000,18084,0,7,179.08255333565506,2.6394949964014813,15822.915384007501,5886.316909975669
1783296459,200,,Aggregated,91.600000,0.000000,7,12,18,37,79,460,1100,5500,15000,16000,16000,18171,0,7,178.27818571448597,2.6394949964014813,15822.915384007501,5894.217984700897
1783296460,200,,Aggregated,91.500000,0.000000,7,12,18,37,79,460,1100,4900,15000,16000,16000,18278,0,7,177.31390828601812,2.6394949964014813,15822.915384007501,5901.87525987526
1783296461,200,,Aggregated,92.100000,0.000000,7,12,18,37,78,460,1100,4900,15000,16000,16000,18367,0,7,176.5070803159967,2.6394949964014813,15822.915384007501,5903.970980562966
1783296462,200,,Aggregated,93.100000,0.000000,7,12,18,37,78,460,1100,4900,15000,16000,16000,18450,0,7,175.76795704926255,2.6394949964014813,15822.915384007501,5908.565582655827
1783296463,200,,Aggregated,91.700000,0.000000,7,12,18,37,78,460,1100,4900,15000,16000,16000,18542,0,7,174.96751684817315,2.6394949964014813,15822.915384007501,5907.288156617409
1783296464,200,,Aggregated,91.300000,0.000000,7,12,17,36,77,450,1100,4900,15000,16000,16000,18641,0,7,174.09309029707853,2.6394949964014813,15822.915384007501,5913.935196609624
1783296465,200,,Aggregated,91.300000,0.000000,7,12,17,36,77,450,1100,4900,15000,16000,16000,18721,0,7,173.4098023061174,2.6394949964014813,15822.915384007501,5916.608941830031
1783296466,200,,Aggregated,91.800000,0.000000,7,11,17,36,76,440,1100,4900,15000,16000,16000,18824,0,7,172.51119238789983,2.6394949964014813,15822.915384007501,5919.231459838504
1783296467,200,,Aggregated,92.600000,0.000000,7,11,17,36,76,440,1100,4800,15000,16000,16000,18915,0,7,171.7714706074976,2.6394949964014813,15822.915384007501,5916.5277821834525
1783296468,200,,Aggregated,90.900000,0.000000,7,11,17,36,76,430,1100,4400,15000,16000,16000,19001,0,7,171.04301505556842,2.6394949964014813,15822.915384007501,5921.53644545024
1783296469,200,,Aggregated,91.300000,0.000000,7,11,17,36,75,420,1100,4400,15000,16000,16000,19092,0,7,170.31677605917847,2.6394949964014813,15822.915384007501,5918.753980724911
1783296470,200,,Aggregated,91.100000,0.000000,7,11,17,36,75,420,1100,4400,15000,16000,16000,19178,0,7,169.62306559849392,2.6394949964014813,15822.915384007501,5914.101522577954
1783296471,200,,Aggregated,91.400000,0.000000,7,11,17,36,75,420,1100,4400,15000,16000,16000,19271,0,7,168.8688247676275,2.6394949964014813,15822.915384007501,5915.38804421151
1783296472,200,,Aggregated,88.800000,0.000000,7,11,17,35,74,410,1100,4400,15000,16000,16000,19362,0,7,168.12290522807282,2.6394949964014813,15822.915384007501,5921.153083359157
1783296473,200,,Aggregated,91.400000,0.000000,7,11,17,35,74,410,1100,4400,15000,16000,16000,19474,0,7,167.23583495696784,2.6394949964014813,15822.915384007501,5921.055818013762
1783296474,200,,Aggregated,90.500000,0.000000,7,11,17,35,74,400,1100,4400,15000,16000,16000,19560,0,7,166.55228060562325,2.6394949964014813,15822.915384007501,5923.766257668712
1783296475,200,,Aggregated,91.900000,0.000000,7,11,17,35,73,400,1100,4400,15000,16000,16000,19656,0,7,165.79479865511345,2.6394949964014813,15822.915384007501,5927.92673992674
1783296476,200,,Aggregated,91.500000,0.000000,7,11,17,35,73,390,1000,4400,15000,16000,16000,19749,0,7,165.08040290637106,2.6394949964014813,15822.915384007501,5933.220314952656
1783296477,200,,Aggregated,91.600000,0.000000,7,11,17,35,73,390,1000,4400,15000,16000,16000,19852,0,7,164.29363680470016,2.6394949964014813,15822.915384007501,5932.218164416683
1783296478,200,,Aggregated,91.600000,0.000000,7,11,17,35,73,390,1000,4400,15000,16000,16000,19925,0,7,163.7770309879044,2.6394949964014813,15822.915384007501,5931.902484316186
1783296479,200,,Aggregated,93.000000,0.000000,7,11,17,35,72,390,1000,4400,15000,16000,16000,20039,0,7,162.97769689470215,2.6394949964014813,15822.915384007501,5930.5180398223465
1783296480,200,,Aggregated,93.100000,0.000000,7,11,17,35,72,380,1000,4400,15000,16000,16000,20133,0,7,162.2715502921966,2.6394949964014813,15822.915384007501,5928.95092633984
1783296481,200,,Aggregated,93.100000,0.000000,7,11,17,35,72,380,1000,4400,15000,16000,16000,20214,0,7,161.6719521570576,2.6394949964014813,15822.915384007501,5928.556446027505
1783296482,200,,Aggregated,93.300000,0.000000,7,11,17,35,72,380,1000,4100,15000,16000,16000,20313,0,7,160.96251096213058,2.6394949964014813,15822.915384007501,5923.824496627775
1783296483,200,,Aggregated,92.300000,0.000000,7,11,17,34,72,380,1000,4000,15000,16000,16000,20408,0,7,160.28356832740837,2.6394949964014813,15822.915384007501,5919.940121520972
1783296484,200,,Aggregated,94.200000,0.000000,7,11,17,34,71,380,1000,4000,15000,16000,16000,20488,0,7,159.71962204767289,2.6394949964014813,15822.915384007501,5918.376757126122
1783296485,200,,Aggregated,94.400000,0.000000,7,11,17,34,71,380,1000,4000,15000,16000,16000,20580,0,7,159.07094029852993,2.6394949964014813,15822.915384007501,5913.545675413023
1783296486,200,,Aggregated,93.000000,0.000000,7,11,17,34,71,370,1000,4000,15000,16000,16000,20679,0,7,158.36584564562094,2.6394949964014813,15822.915384007501,5913.791430920257
1783296487,200,,Aggregated,93.100000,0.000000,7,11,17,34,71,370,1000,4000,15000,16000,16000,20774,0,7,157.71666932092162,2.6394949964014813,15822.915384007501,5905.965196880717
1783296488,200,,Aggregated,92.700000,0.000000,7,11,17,34,71,370,1000,4000,15000,16000,16000,20867,0,7,157.08911600881115,2.6394949964014813,15822.915384007501,5909.794220539608
1783296489,200,,Aggregated,91.600000,0.000000,7,11,17,34,71,370,1000,4000,15000,16000,16000,20958,0,7,156.4948285159767,2.6394949964014813,15822.915384007501,5906.243820975284
1783296490,200,,Aggregated,91.400000,0.000000,7,11,17,34,70,370,1000,4000,15000,16000,16000,21049,0,7,155.88308776573075,2.6394949964014813,15822.915384007501,5903.962991115967
1783296491,200,,Aggregated,90.800000,0.000000,7,11,16,34,70,370,1000,4000,15000,16000,16000,21143,0,7,155.26550155459685,2.6394949964014813,15822.915384007501,5899.840230809251
1783296492,200,,Aggregated,92.300000,0.000000,7,11,16,34,70,360,1000,4000,15000,16000,16000,21231,0,7,154.6619684203716,2.6394949964014813,15822.915384007501,5900.8365126466015
1783296493,200,,Aggregated,92.300000,0.000000,7,11,16,34,70,360,1000,3900,15000,16000,16000,21318,0,7,154.07587968022017,2.6394949964014813,15822.915384007501,5895.9615817618915
1783296494,200,,Aggregated,92.300000,0.000000,7,11,16,33,70,360,1000,3900,15000,16000,16000,21408,0,7,153.48322699126015,2.6394949964014813,15822.915384007501,5891.9966367713005
1783296495,200,,Aggregated,89.400000,0.000000,7,11,16,33,69,360,1000,3900,15000,16000,16000,21496,0,7,152.9238720623328,2.6394949964014813,15822.915384007501,5893.932126907332
1783296496,200,,Aggregated,90.700000,0.000000,7,11,16,33,69,350,1000,3900,15000,16000,16000,21585,0,7,152.34546050826523,2.6394949964014813,15822.915384007501,5893.225851285615
1783296497,200,,Aggregated,90.500000,0.000000,7,11,16,33,69,350,1000,3900,15000,16000,16000,21680,0,7,151.72864794262026,2.6394949964014813,15822.915384007501,5895.211300738008
1783296498,200,,Aggregated,91.000000,0.000000,7,11,16,33,69,350,1000,3900,15000,16000,16000,21766,0,7,151.16966526293095,2.6394949964014813,15822.915384007501,5901.224937976661
1783296499,200,,Aggregated,90.600000,0.000000,7,11,16,33,68,340,1000,3900,15000,16000,16000,21862,0,7,150.56994680751524,2.6394949964014813,15822.915384007501,5903.6871283505625
1783296500,200,,Aggregated,91.100000,0.000000,7,11,16,33,68,340,1000,3900,15000,16000,16000,21964,0,7,149.9359348050382,2.6394949964014813,15822.915384007501,5901.4435439810595
1783296501,200,,Aggregated,91.300000,0.000000,7,11,16,33,68,340,1000,3900,15000,16000,16000,22056,0,7,149.37065617568587,2.6394949964014813,15822.915384007501,5900.854597388466
1783296502,200,,Aggregated,90.500000,0.000000,7,11,16,33,68,330,1000,3000,15000,16000,16000,22148,0,7,148.8419482407891,2.6394949964014813,15822.915384007501,5904.525284450063
1783296503,200,,Aggregated,90.800000,0.000000,7,11,16,32,68,330,1000,3000,15000,16000,16000,22228,0,7,148.33562682260944,2.6394949964014813,15822.915384007501,5901.5236638474
1783296504,200,,Aggregated,89.000000,0.000000,7,11,16,32,67,320,1000,3000,15000,16000,16000,22321,0,7,147.80342580610107,2.6394949964014813,15822.915384007501,5901.06088436898
1783296505,200,,Aggregated,91.500000,0.000000,7,11,16,32,67,310,1000,3000,15000,16000,16000,22415,0,7,147.24837221753128,2.6394949964014813,15822.915384007501,5899.448137407986
1783296506,200,,Aggregated,91.100000,0.000000,7,11,16,32,67,310,1000,3000,15000,16000,16000,22504,0,7,146.70511021814082,2.6394949964014813,15822.915384007501,5901.360113757554
1783296507,200,,Aggregated,91.600000,0.000000,7,11,16,32,67,310,980,3000,15000,16000,16000,22598,0,7,146.139894452789,2.6394949964014813,15822.915384007501,5904.138330825736
1783296508,200,,Aggregated,91.000000,0.000000,7,11,16,32,67,300,970,3000,15000,16000,16000,22682,0,7,145.66095984971187,2.6394949964014813,15822.915384007501,5905.227404990742
1783296509,200,,Aggregated,90.600000,0.000000,7,11,16,32,67,290,970,2900,15000,16000,16000,22780,0,7,145.0973263226983,2.6394949964014813,15822.915384007501,5898.588454784899
1783296510,200,,Aggregated,90.400000,0.000000,7,11,16,32,66,290,950,2900,15000,16000,16000,22866,0,7,144.6160587337102,2.6394949964014813,15822.915384007501,5897.044301583137
1783296511,200,,Aggregated,91.200000,0.000000,7,11,16,32,66,280,950,2900,15000,16000,16000,22960,0,7,144.08464284311688,2.6394949964014813,15822.915384007501,5901.351611498258
1783296512,200,,Aggregated,90.100000,0.000000,7,11,16,32,66,280,950,2900,15000,16000,16000,23054,0,7,143.55284304731904,2.6394949964014813,15822.915384007501,5896.526850004338
1783296513,200,,Aggregated,89.900000,0.000000,7,11,16,32,66,280,940,2900,15000,16000,16000,23149,0,7,143.01251065652758,2.6394949964014813,15822.915384007501,5899.433971229859
1783296514,200,,Aggregated,91.600000,0.000000,7,11,16,32,66,270,930,2900,15000,16000,16000,23240,0,7,142.51831795705402,2.6394949964014813,15822.915384007501,5897.488425129088
1783296515,200,,Aggregated,90.400000,0.000000,7,11,16,31,65,270,920,2900,15000,16000,16000,23332,0,7,141.9988226590476,2.6394949964014813,15822.915384007501,5889.6156780387455
1783296516,200,,Aggregated,91.800000,0.000000,7,11,16,31,65,270,920,2800,15000,16000,16000,23426,0,7,141.491091401858,2.6394949964014813,15822.915384007501,5890.311278067105
1783296517,200,,Aggregated,90.800000,0.000000,7,11,16,31,65,260,910,2800,15000,16000,16000,23527,0,7,140.95903436715017,2.6394949964014813,15822.915384007501,5887.999702469503
1783296518,200,,Aggregated,91.400000,0.000000,7,11,16,31,65,260,910,2800,15000,16000,16000,23610,0,7,140.51632818678368,2.6394949964014813,15822.915384007501,5883.920796272766
1783296519,200,,Aggregated,91.400000,0.000000,7,11,16,31,65,250,910,2800,15000,16000,16000,23704,0,7,140.02921867828508,2.6394949964014813,15822.915384007501,5883.286829227135
1783296520,200,,Aggregated,92.500000,0.000000,7,11,15,31,65,250,910,2800,15000,16000,16000,23799,0,7,139.51772400559153,2.6394949964014813,15822.915384007501,5886.260809277701
1783296521,200,,Aggregated,90.800000,0.000000,7,11,15,31,65,250,900,2800,15000,16000,16000,23890,0,7,139.01732943755022,2.6394949964014813,15822.915384007501,5889.630221850147
1783296522,200,,Aggregated,92.700000,0.000000,7,11,15,31,65,240,900,2800,15000,16000,16000,23982,0,7,138.54435185355928,2.6394949964014813,15822.915384007501,5886.751647068635
1783296523,200,,Aggregated,93.400000,0.000000,7,11,15,31,65,240,900,2700,15000,16000,16000,24064,0,7,138.1164056961035,2.6394949964014813,15822.915384007501,5885.468459109043
1783296524,200,,Aggregated,92.100000,0.000000,7,11,15,31,65,240,900,2700,15000,16000,16000,24178,0,7,137.6547003387804,2.6394949964014813,15822.915384007501,5884.770038878319
1783296525,200,,Aggregated,91.400000,0.000000,7,11,15,31,65,240,900,2700,15000,16000,16000,24269,0,7,137.2293596903469,2.6394949964014813,15822.915384007501,5886.172689439202
1783296526,200,,Aggregated,90.800000,0.000000,7,11,15,31,65,230,890,2700,15000,16000,16000,24362,0,7,136.76332241811193,2.6394949964014813,15822.915384007501,5890.59670798785
1783296527,200,,Aggregated,92.000000,0.000000,7,11,15,31,65,230,890,2700,15000,16000,16000,24449,0,7,136.32011264498095,2.6394949964014813,15822.915384007501,5886.899791402511
1783296528,200,,Aggregated,90.200000,0.000000,7,11,15,31,65,230,890,2700,15000,16000,16000,24543,0,7,135.84734227633734,2.6394949964014813,15822.915384007501,5883.0882532697715
1783296529,200,,Aggregated,90.900000,0.000000,7,11,15,31,64,230,890,2700,15000,16000,16000,24634,0,7,135.3870783249692,2.6394949964014813,15822.915384007501,5888.135909718276
1783296530,200,,Aggregated,89.300000,0.000000,7,11,15,31,64,230,890,2700,15000,16000,16000,24745,0,7,134.84242694610114,2.6394949964014813,15822.915384007501,5892.72531824611
1783296531,200,,Aggregated,90.600000,0.000000,7,11,15,30,64,220,890,2600,15000,16000,16000,24833,0,7,134.40705434841908,2.6394949964014813,15822.915384007501,5894.954818185479
1783296532,200,,Aggregated,90.300000,0.000000,7,11,15,30,64,220,890,2500,15000,16000,16000,24917,0,7,134.00355034311082,2.6394949964014813,15822.915384007501,5894.502066861982
1783296533,200,,Aggregated,90.400000,0.000000,7,11,15,30,64,220,870,2200,15000,16000,16000,25014,0,7,133.5552354891373,2.6394949964014813,15822.915384007501,5895.0925881506355
1783296534,200,,Aggregated,91.300000,0.000000,7,11,15,30,64,220,870,2200,15000,16000,16000,25112,0,7,133.07343973165254,2.6394949964014813,15822.915384007501,5891.700700860147
1783296535,200,,Aggregated,91.100000,0.000000,7,11,15,30,64,220,870,2200,15000,16000,16000,25194,0,7,132.68143883941826,2.6394949964014813,15822.915384007501,5893.297570850203
1783296536,200,,Aggregated,91.600000,0.000000,7,11,15,30,64,210,870,2200,15000,16000,16000,25288,0,7,132.2395041776516,2.6394949964014813,15822.915384007501,5894.57208952863
1783296537,200,,Aggregated,91.800000,0.000000,7,11,15,30,63,210,860,2200,15000,16000,16000,25374,0,7,131.83979968205557,2.6394949964014813,15822.915384007501,5893.642547489556
1783296538,200,,Aggregated,92.100000,0.000000,7,11,15,30,63,210,860,2200,15000,16000,16000,25478,0,7,131.37982314700474,2.6394949964014813,15822.915384007501,5896.175602480572
1783296539,200,,Aggregated,91.900000,0.000000,7,11,15,30,63,210,860,2200,15000,16000,16000,25570,0,7,130.96701205104878,2.6394949964014813,15822.915384007501,5892.786507626124
1783296540,200,,Aggregated,92.200000,0.000000,7,11,15,30,63,210,850,2200,15000,16000,16000,25655,0,7,130.5645901876575,2.6394949964014813,15822.915384007501,5893.935451179107
1783296541,200,,Aggregated,92.700000,0.000000,7,11,15,30,63,200,850,2200,15000,16000,16000,25749,0,7,130.14209814487393,2.6394949964014813,15822.915384007501,5894.071886286846
1783296542,200,,Aggregated,92.800000,0.000000,7,11,15,30,63,200,850,2200,15000,16000,16000,25836,0,7,129.74644070418964,2.6394949964014813,15822.915384007501,5892.031506425144
1783296543,200,,Aggregated,90.900000,0.000000,7,11,15,30,63,200,840,2200,15000,16000,16000,25928,0,7,129.33588990340547,2.6394949964014813,15822.915384007501,5889.711315951867
1783296545,200,,Aggregated,90.600000,0.000000,7,11,15,29,63,200,840,2200,14000,16000,16000,26021,0,7,128.9220874224495,2.6394949964014813,15822.915384007501,5887.234195457515
1783296546,200,,Aggregated,90.900000,0.000000,7,11,15,29,63,190,840,2200,14000,16000,16000,26123,0,7,128.47785237700617,2.6394949964014813,15822.915384007501,5887.693105692302
1783296547,200,,Aggregated,90.900000,0.000000,7,11,15,29,63,190,830,2200,14000,16000,16000,26209,0,7,128.10631710078883,2.6394949964014813,15822.915384007501,5889.796253195467
1783296548,200,,Aggregated,92.300000,0.000000,7,11,15,29,62,190,830,2200,14000,16000,16000,26296,0,7,127.74387733079513,2.6394949964014813,15822.915384007501,5886.815865530879
1783296549,200,,Aggregated,91.800000,0.000000,7,11,15,29,62,190,820,2200,14000,16000,16000,26378,0,7,127.38890939307865,2.6394949964014813,15822.915384007501,5889.644514368034
1783296550,200,,Aggregated,91.800000,0.000000,7,11,15,29,62,190,810,2200,14000,16000,16000,26478,0,7,126.98391335250328,2.6394949964014813,15822.915384007501,5891.600762897499
1783296551,200,,Aggregated,89.500000,0.000000,7,11,15,29,62,180,800,2100,14000,16000,16000,26581,0,7,126.55817709802282,2.6394949964014813,15822.915384007501,5888.875700688462
1783296552,200,,Aggregated,90.400000,0.000000,7,11,15,29,62,180,800,2100,14000,16000,16000,26663,0,7,126.2094652336038,2.6394949964014813,15822.915384007501,5887.228218880096
1783296553,200,,Aggregated,91.600000,0.000000,7,11,15,29,62,180,800,2000,14000,16000,16000,26750,0,7,125.83006486383675,2.6394949964014813,15822.915384007501,5887.458317757009
1783296554,200,,Aggregated,91.100000,0.000000,7,11,15,29,62,180,800,2000,14000,16000,16000,26853,0,7,125.3887907819822,2.6394949964014813,15822.915384007501,5886.997616653633
1783296555,200,,Aggregated,90.900000,0.000000,7,11,15,29,62,170,800,1800,14000,16000,16000,26945,0,7,125.02973781887302,2.6394949964014813,15822.915384007501,5885.495861940991
1783296556,200,,Aggregated,92.000000,0.000000,7,11,15,29,62,170,800,1800,14000,16000,16000,27029,0,7,124.66952797123392,2.6394949964014813,15822.915384007501,5882.813718598542
1783296557,200,,Aggregated,92.000000,0.000000,7,11,15,29,62,170,800,1800,14000,16000,16000,27120,0,7,124.30466965344621,2.6394949964014813,15822.915384007501,5882.329682890855
1783296558,200,,Aggregated,90.300000,0.000000,7,11,15,29,62,170,790,1800,14000,16000,16000,27207,0,7,123.94516297454253,2.6394949964014813,15822.915384007501,5881.370198845885
1783296559,200,,Aggregated,90.700000,0.000000,7,11,15,29,62,170,790,1700,14000,16000,16000,27316,0,7,123.51625264663164,2.6394949964014813,15822.915384007501,5879.259774491141
1783296560,200,,Aggregated,90.900000,0.000000,7,11,15,28,62,160,790,1700,14000,16000,16000,27403,0,7,123.17356695297413,2.6394949964014813,15822.915384007501,5875.620661971317
1783296561,200,,Aggregated,93.600000,0.000000,7,11,15,28,62,160,790,1700,14000,16000,16000,27498,0,7,122.79870134312905,2.6394949964014813,15822.915384007501,5872.430540402938
1783296562,200,,Aggregated,91.700000,0.000000,7,11,15,28,61,160,790,1600,14000,16000,16000,27589,0,7,122.42992836653659,2.6394949964014813,15822.915384007501,5874.260574866795
1783296563,200,,Aggregated,92.000000,0.000000,7,11,15,28,61,160,790,1600,14000,16000,16000,27688,0,7,122.04098577016622,2.6394949964014813,15822.915384007501,5873.772320138688
1783296564,200,,Aggregated,92.000000,0.000000,7,11,15,28,61,160,790,1600,14000,16000,16000,27771,0,7,121.71701018859173,2.6394949964014813,15822.915384007501,5873.202153325411
1783296565,200,,Aggregated,92.900000,0.000000,7,11,15,28,61,150,780,1600,14000,16000,16000,27868,0,7,121.34459878840977,2.6394949964014813,15822.915384007501,5870.358834505526
1783296566,200,,Aggregated,91.300000,0.000000,7,11,15,28,61,150,780,1500,14000,16000,16000,27967,0,7,120.9585798844862,2.6394949964014813,15822.915384007501,5867.859763292452
1783296567,200,,Aggregated,92.000000,0.000000,7,11,15,28,61,150,780,1500,14000,16000,16000,28056,0,7,120.61376494163333,2.6394949964014813,15822.915384007501,5867.796086398631
1783296568,200,,Aggregated,92.800000,0.000000,7,11,15,28,61,150,780,1400,14000,16000,16000,28146,0,7,120.26565822818408,2.6394949964014813,15822.915384007501,5869.224401335891
1783296569,200,,Aggregated,92.100000,0.000000,7,11,15,27,61,150,780,1400,14000,16000,16000,28232,0,7,119.94233807213338,2.6394949964014813,15822.915384007501,5869.975276282233
1783296570,200,,Aggregated,93.000000,0.000000,7,11,15,27,61,140,780,1400,14000,16000,16000,28330,0,7,119.57838940322713,2.6394949964014813,15822.915384007501,5869.25510060007
1783296571,200,,Aggregated,91.200000,0.000000,7,11,15,27,61,140,770,1400,14000,16000,16000,28422,0,7,119.24397446155415,2.6394949964014813,15822.915384007501,5865.528428682007
1783296572,200,,Aggregated,92.500000,0.000000,7,11,15,27,60,140,770,1400,14000,16000,16000,28514,0,7,118.89503408986018,2.6394949964014813,15822.915384007501,5864.5263730097495
1783296573,200,,Aggregated,91.400000,0.000000,7,11,15,27,61,140,770,1400,14000,16000,16000,28615,0,7,118.54699718864728,2.6394949964014813,15822.915384007501,5863.2295299668
1783296574,200,,Aggregated,92.200000,0.000000,7,11,15,27,60,140,770,1400,14000,16000,16000,28697,0,7,118.2689535119757,2.6394949964014813,15822.915384007501,5865.231243684008
1783296575,200,,Aggregated,92.400000,0.000000,7,11,15,27,60,140,770,1400,14000,16000,16000,28788,0,7,117.93442771804922,2.6394949964014813,15822.915384007501,5866.958663331944
1783296576,200,,Aggregated,92.600000,0.000000,7,11,15,27,60,140,770,1400,14000,16000,16000,28878,0,7,117.60625518987398,2.6394949964014813,15822.915384007501,5865.598379389155
1783296577,200,,Aggregated,91.100000,0.000000,7,11,15,27,60,140,760,1400,14000,16000,16000,28971,0,7,117.28064550758015,2.6394949964014813,15822.915384007501,5862.589037313175
1783296578,200,,Aggregated,91.000000,0.000000,7,11,15,27,60,130,760,1400,14000,16000,16000,29060,0,7,116.96026638500253,2.6394949964014813,15822.915384007501,5860.222505161734
1783296579,200,,Aggregated,91.400000,0.000000,7,11,15,27,60,130,760,1400,14000,16000,16000,29156,0,7,116.64199757830553,2.6394949964014813,15822.915384007501,5862.195191384278
1783296580,200,,Aggregated,90.600000,0.000000,7,11,15,27,60,130,760,1400,14000,16000,16000,29246,0,7,116.32107277487934,2.6394949964014813,15822.915384007501,5862.7454352732
1783296581,200,,Aggregated,91.800000,0.000000,7,11,15,27,60,130,760,1400,14000,16000,16000,29336,0,7,116.00615393431328,2.6394949964014813,15822.915384007501,5862.8492637033
1783296582,200,,Aggregated,90.300000,0.000000,7,11,15,27,60,130,760,1400,14000,16000,16000,29431,0,7,115.69569120182888,2.6394949964014813,15822.915384007501,5862.094390268764
1783296583,200,,Aggregated,90.700000,0.000000,7,11,14,27,60,130,760,1400,14000,16000,16000,29524,0,7,115.37122521338911,2.6394949964014813,15822.915384007501,5860.021338572009
1783296584,200,,Aggregated,91.100000,0.000000,7,11,15,27,60,130,750,1400,14000,16000,16000,29621,0,7,115.04820981483007,2.6394949964014813,15822.915384007501,5859.93197393741
1783296585,200,,Aggregated,90.600000,0.000000,7,11,14,27,60,130,750,1400,14000,16000,16000,29702,0,7,114.77190899626402,2.6394949964014813,15822.915384007501,5857.858595380782
1783296586,200,,Aggregated,90.700000,0.000000,7,11,15,27,60,130,750,1400,14000,16000,16000,29813,0,7,114.40910789216149,2.6394949964014813,15822.915384007501,5860.678428873311
1783296588,200,,Aggregated,91.900000,0.000000,7,11,15,28,61,140,750,1400,14000,16000,16000,29956,0,7,114.66118262838671,2.6394949964014813,15822.915384007501,5862.128621978903
1783296589,200,,Aggregated,86.200000,0.000000,7,11,15,28,61,140,750,1400,14000,16000,16000,30036,0,7,114.42534109977828,2.6394949964014813,15822.915384007501,5866.146291117326
1783296590,200,,Aggregated,91.500000,0.000000,7,11,15,28,61,140,750,1400,14000,16000,16000,30135,0,7,114.10391417680107,2.6394949964014813,15822.915384007501,5864.115413970466
1783296591,200,,Aggregated,89.300000,0.000000,7,11,15,29,62,140,740,1400,14000,16000,16000,30265,0,7,113.86156540690453,2.6394949964014813,15822.915384007501,5865.54852139435
1783296592,200,,Aggregated,90.800000,0.000000,7,11,15,29,62,140,740,1400,14000,16000,16000,30356,0,7,113.57929319643246,2.6394949964014813,15822.915384007501,5867.343556463302
1783296593,200,,Aggregated,90.900000,0.000000,7,11,15,29,61,140,740,1400,14000,16000,16000,30440,0,7,113.29661371451432,2.6394949964014813,15822.915384007501,5863.828186596584
1783296594,200,,Aggregated,89.200000,0.000000,7,11,15,29,61,140,740,1400,14000,16000,16000,30534,0,7,112.98211321608,2.6394949964014813,15822.915384007501,5864.003471539922
1783296595,200,,Aggregated,89.000000,0.000000,7,11,15,28,61,140,740,1400,14000,16000,16000,30628,0,7,112.67582170542475,2.6394949964014813,15822.915384007501,5863.44074049889
1783296596,200,,Aggregated,89.400000,0.000000,7,11,15,28,61,140,730,1400,14000,16000,16000,30718,0,7,112.38979722930618,2.6394949964014813,15822.915384007501,5863.683345269875
1783296597,200,,Aggregated,89.300000,0.000000,7,11,15,28,61,140,730,1400,14000,16000,16000,30812,0,7,112.08212130509966,2.6394949964014813,15822.915384007501,5862.070427106322
1783296598,200,,Aggregated,89.100000,0.000000,7,11,15,28,61,140,730,1300,14000,16000,16000,30909,0,7,111.8170218800293,2.6394949964014813,15822.915384007501,5863.247338962761
1783296599,200,,Aggregated,94.300000,0.000000,7,11,15,28,61,140,730,1300,14000,16000,16000,30998,0,7,111.52978460532366,2.6394949964014813,15822.915384007501,5865.111845925544
1783296600,200,,Aggregated,89.800000,0.000000,7,11,15,28,61,130,720,1300,14000,16000,16000,31095,0,7,111.22849758426953,2.6394949964014813,15822.915384007501,5863.163273838238
1783296601,200,,Aggregated,91.000000,0.000000,7,11,15,28,61,130,720,1300,14000,16000,16000,31190,0,7,110.93066903401217,2.6394949964014813,15822.915384007501,5863.458287912793
1783296602,200,,Aggregated,91.600000,0.000000,7,11,15,28,61,130,720,1300,14000,16000,16000,31293,0,7,110.6171688720447,2.6394949964014813,15822.915384007501,5868.100086281277
1783296603,200,,Aggregated,90.800000,0.000000,7,11,15,28,61,130,710,1300,14000,16000,16000,31371,0,7,110.37428822418482,2.6394949964014813,15822.915384007501,5864.606101176246
1783296604,200,,Aggregated,91.800000,0.000000,7,11,15,28,61,130,710,1300,14000,16000,16000,31468,0,7,110.08927630719454,2.6394949964014813,15822.915384007501,5865.2146625143005
1783296605,200,,Aggregated,92.700000,0.000000,7,11,15,28,60,130,710,1200,14000,16000,16000,31558,0,7,109.80732567741241,2.6394949964014813,15822.915384007501,5865.316940237024
1783296606,200,,Aggregated,90.900000,0.000000,7,11,15,28,60,130,700,1200,14000,16000,16000,31636,0,7,109.56137084719532,2.6394949964014813,15822.915384007501,5863.739884941207
1783296607,200,,Aggregated,92.100000,0.000000,7,11,15,28,60,130,700,1200,14000,16000,16000,31734,0,7,109.27665302101289,2.6394949964014813,15822.915384007501,5864.345433919456
1783296608,200,,Aggregated,91.000000,0.000000,7,11,15,28,60,130,700,1200,14000,16000,16000,31822,0,7,109.00826222263963,2.6394949964014813,15822.915384007501,5865.4597134058195
1783296609,200,,Aggregated,91.500000,0.000000,7,11,15,28,60,130,690,1200,14000,16000,16000,31911,0,7,108.73789518190641,2.6394949964014813,15822.915384007501,5865.674877001661
1783296610,200,,Aggregated,91.900000,0.000000,7,11,15,28,60,130,690,1200,14000,16000,16000,32005,0,7,108.45311259761597,2.6394949964014813,15822.915384007501,5864.367098890798
1783296611,200,,Aggregated,91.600000,0.000000,7,11,15,28,60,130,690,1200,14000,16000,16000,32095,0,7,108.19560136366059,2.6394949964014813,15822.915384007501,5864.404019317651
1783296612,200,,Aggregated,90.000000,0.000000,7,11,15,27,60,120,690,1200,14000,16000,16000,32188,0,7,107.92644179444747,2.6394949964014813,15822.915384007501,5865.415247918479
1783296613,200,,Aggregated,91.300000,0.000000,7,11,15,27,60,120,690,1200,14000,16000,16000,32276,0,7,107.66514132490532,2.6394949964014813,15822.915384007501,5863.156308092701
1783296614,200,,Aggregated,89.800000,0.000000,7,11,15,27,60,120,680,1200,14000,16000,16000,32371,0,7,107.40071988745144,2.6394949964014813,15822.915384007501,5864.315622007352
1783296615,200,,Aggregated,90.200000,0.000000,7,11,15,27,60,120,680,1200,14000,16000,16000,32463,0,7,107.13200510833076,2.6394949964014813,15822.915384007501,5864.458984074176
1783296616,200,,Aggregated,90.700000,0.000000,6,11,15,27,60,120,680,1200,14000,16000,16000,32565,0,6,106.82911770295385,2.6394949964014813,15822.915384007501,5860.403684937816
1783296617,200,,Aggregated,90.400000,0.000000,6,11,15,27,60,120,670,1200,14000,16000,16000,32651,0,6,106.57494652466177,2.6394949964014813,15822.915384007501,5858.256255551131
1783296618,200,,Aggregated,91.900000,0.000000,6,11,15,27,59,120,670,1200,14000,16000,16000,32740,0,6,106.3201646347188,2.6394949964014813,15822.915384007501,5859.045754428833
1783296619,200,,Aggregated,91.700000,0.000000,6,11,15,27,59,120,670,1200,14000,16000,16000,32827,0,6,106.07610499023744,2.6394949964014813,15822.915384007501,5858.963353337192
1783296620,200,,Aggregated,90.700000,0.000000,6,11,14,26,59,120,670,1200,14000,16000,16000,32937,0,6,105.76711254599985,2.6394949964014813,15822.915384007501,5855.927255062696
1783296621,200,,Aggregated,91.300000,0.000000,6,11,14,26,59,120,660,1200,14000,16000,16000,33023,0,6,105.52642978013824,2.6394949964014813,15822.915384007501,5857.934015686037
1783296622,200,,Aggregated,91.100000,0.000000,6,11,15,27,59,120,660,1200,14000,16000,16000,33109,0,6,105.32744502146224,2.6394949964014813,15822.915384007501,5854.157630855659
1783296623,200,,Aggregated,91.300000,0.000000,6,11,14,26,59,120,660,1200,14000,16000,16000,33202,0,6,105.07868551784718,2.6394949964014813,15822.915384007501,5853.718179627734
1783296624,200,,Aggregated,92.500000,0.000000,6,11,14,26,59,120,650,1200,14000,16000,16000,33303,0,6,104.80317588642193,2.6394949964014813,15822.915384007501,5851.876467585503
1783296625,200,,Aggregated,92.000000,0.000000,6,11,14,26,59,120,640,1200,14000,16000,16000,33384,0,6,104.58434614544534,2.6394949964014813,15822.915384007501,5850.6265276779295
1783296626,200,,Aggregated,93.000000,0.000000,6,11,14,26,59,120,630,1200,14000,16000,16000,33476,0,6,104.33343526008433,2.6394949964014813,15822.915384007501,5848.743607360497
1783296627,200,,Aggregated,92.000000,0.000000,6,11,14,26,59,120,630,1200,14000,16000,16000,33556,0,6,104.11092990945131,2.6394949964014813,15822.915384007501,5849.724311598522
1783296628,200,,Aggregated,90.400000,0.000000,6,11,14,26,59,110,630,1200,14000,16000,16000,33655,0,6,103.85041499282761,2.6394949964014813,15822.915384007501,5849.418570791859
1783296629,200,,Aggregated,90.600000,0.000000,6,11,14,26,59,110,630,1200,14000,16000,16000,33760,0,6,103.5592843841995,2.6394949964014813,15822.915384007501,5852.401984597156
1783296630,200,,Aggregated,90.100000,0.000000,6,11,14,26,59,110,630,1200,14000,16000,16000,33840,0,6,103.35159752232713,2.6394949964014813,15822.915384007501,5850.808747044917
1783296631,200,,Aggregated,90.300000,0.000000,6,11,14,26,59,110,620,1200,14000,16000,16000,33932,0,6,103.1073221245284,2.6394949964014813,15822.915384007501,5852.120800424378
1783296632,200,,Aggregated,92.100000,0.000000,6,11,14,26,59,110,620,1200,14000,16000,16000,34025,0,6,102.87292723257677,2.6394949964014813,15822.915384007501,5851.180837619398
1783296633,200,,Aggregated,91.700000,0.000000,6,11,14,26,59,110,620,1200,14000,16000,16000,34115,0,6,102.6475942839915,2.6394949964014813,15822.915384007501,5847.013952806683
1783296634,200,,Aggregated,90.900000,0.000000,6,11,14,26,59,110,620,1200,14000,16000,16000,34210,0,6,102.41098017235599,2.6394949964014813,15822.915384007501,5849.951826951184
1783296635,200,,Aggregated,90.000000,0.000000,6,11,14,26,59,110,620,1200,14000,16000,16000,34316,0,6,102.14453539440345,2.6394949964014813,15822.915384007501,5850.707716517077
1783296636,200,,Aggregated,90.600000,0.000000,6,11,14,26,59,110,620,1200,14000,16000,16000,34398,0,6,101.92869418493547,2.6394949964014813,15822.915384007501,5849.994679923251
1783296637,200,,Aggregated,91.300000,0.000000,6,11,14,26,59,110,610,1200,14000,16000,16000,34504,0,6,101.65739025215885,2.6394949964014813,15822.915384007501,5849.519389056341
1783296638,200,,Aggregated,92.600000,0.000000,6,11,14,26,59,110,610,1200,14000,16000,16000,34592,0,6,101.44488454126665,2.6394949964014813,15822.915384007501,5849.632371646623
1783296639,200,,Aggregated,92.500000,0.000000,6,11,14,26,59,110,610,1200,14000,16000,16000,34683,0,6,101.21775339326331,2.6394949964014813,15822.915384007501,5847.672808003921
1783296640,200,,Aggregated,94.800000,0.000000,6,11,14,26,59,110,610,1100,14000,16000,16000,34778,0,6,100.98536412489295,2.6394949964014813,15822.915384007501,5849.276180343895
1783296641,200,,Aggregated,94.200000,0.000000,6,11,14,26,58,110,610,1100,14000,16000,16000,34874,0,6,100.73681067774345,2.6394949964014813,15822.915384007501,5849.999942650686
1783296642,200,,Aggregated,92.700000,0.000000,6,11,14,25,58,110,600,1100,14000,16000,16000,34954,0,6,100.53301780656201,2.6394949964014813,15822.915384007501,5850.8866796360935
1783296643,200,,Aggregated,92.200000,0.000000,6,11,14,25,58,110,600,1100,14000,16000,16000,35046,0,6,100.29594088830571,2.6394949964014813,15822.915384007501,5854.969839639331
1783296644,200,,Aggregated,93.300000,0.000000,6,11,14,25,58,110,600,1100,14000,16000,16000,35142,0,6,100.06327316625347,2.6394949964014813,15822.915384007501,5857.941380684082
1783296645,200,,Aggregated,92.900000,0.000000,6,11,14,25,58,110,600,1100,14000,16000,16000,35247,0,6,99.84296587316938,2.6394949964014813,15822.915384007501,5859.138791953925
1783296647,200,,Aggregated,92.600000,0.000000,6,11,14,25,58,110,600,1100,14000,16000,16000,35333,0,6,99.63325048987122,2.6394949964014813,15822.915384007501,5854.670676138454
1783296648,200,,Aggregated,90.900000,0.000000,6,11,14,25,58,110,590,1100,14000,16000,16000,35432,0,6,99.41841770542473,2.6394949964014813,15822.915384007501,5852.500451569203
1783296649,200,,Aggregated,91.400000,0.000000,6,11,14,25,58,100,590,1100,14000,16000,16000,35529,0,6,99.18943942277012,2.6394949964014813,15822.915384007501,5846.647499225985
1783296650,200,,Aggregated,90.400000,0.000000,6,11,14,25,58,100,590,1100,14000,16000,16000,35624,0,6,98.96469529793599,2.6394949964014813,15822.915384007501,5847.046906579833
1783296651,200,,Aggregated,91.000000,0.000000,6,11,14,25,58,100,590,1100,14000,16000,16000,35713,0,6,98.766805947855,2.6394949964014813,15822.915384007501,5848.758771315767
1783296652,200,,Aggregated,91.400000,0.000000,6,11,14,25,58,100,590,1100,14000,16000,16000,35811,0,6,98.54008532497866,2.6394949964014813,15822.915384007501,5848.998101142107
1783296653,200,,Aggregated,91.200000,0.000000,6,11,14,26,58,100,590,1100,14000,16000,16000,35894,0,6,98.36406196004594,2.6394949964014813,15822.915384007501,5846.927926672982
1783296654,200,,Aggregated,90.500000,0.000000,6,11,14,26,58,100,580,1100,14000,16000,16000,35988,0,6,98.1586693702329,2.6394949964014813,15822.915384007501,5840.896548849617
1783296655,200,,Aggregated,91.300000,0.000000,6,11,14,25,58,100,580,1100,14000,16000,16000,36082,0,6,97.92762674782269,2.6394949964014813,15822.915384007501,5843.258466825564
1783296656,200,,Aggregated,91.000000,0.000000,6,11,14,25,58,100,580,1100,14000,16000,16000,36178,0,6,97.70733251138694,2.6394949964014813,15822.915384007501,5841.503952678423
1783296657,200,,Aggregated,92.600000,0.000000,6,11,14,25,58,100,580,1100,14000,16000,16000,36272,0,6,97.50918914096334,2.6394949964014813,15822.915384007501,5840.788045875606
1783296658,200,,Aggregated,91.300000,0.000000,6,11,14,25,58,100,570,1100,14000,16000,16000,36361,0,6,97.29497470966102,2.6394949964014813,15822.915384007501,5838.942713346718
1783296659,200,,Aggregated,92.200000,0.000000,6,11,14,25,58,100,570,1100,14000,16000,16000,36458,0,6,97.07213419104173,2.6394949964014813,15822.915384007501,5840.732541554666
1783296660,200,,Aggregated,91.600000,0.000000,6,11,14,25,58,100,570,1100,14000,16000,16000,36548,0,6,96.85956683066148,2.6394949964014813,15822.915384007501,5842.85400021889
1783296661,200,,Aggregated,91.500000,0.000000,6,11,14,25,58,100,570,1100,14000,16000,16000,36645,0,6,96.64599755161795,2.6394949964014813,15822.915384007501,5843.89242734343
1783296662,200,,Aggregated,90.100000,0.000000,6,11,14,25,58,100,560,1100,14000,16000,16000,36741,0,6,96.4283685603293,2.6394949964014813,15822.915384007501,5843.266976946736
1783296663,200,,Aggregated,92.300000,0.000000,6,11,14,25,58,100,560,1100,14000,16000,16000,36826,0,6,96.2412290829309,2.6394949964014813,15822.915384007501,5843.039129962526
1783296664,200,,Aggregated,92.900000,0.000000,6,11,14,25,58,100,560,1100,14000,16000,16000,36914,0,6,96.04500803386335,2.6394949964014813,15822.915384007501,5842.772985859024
1783296665,200,,Aggregated,91.600000,0.000000,6,11,14,25,58,100,560,1100,14000,16000,16000,37002,0,6,95.84902520228839,2.6394949964014813,15822.915384007501,5843.15842386898
1783296666,200,,Aggregated,92.200000,0.000000,6,11,14,25,58,100,560,1100,14000,16000,16000,37093,0,6,95.64076343536694,2.6394949964014813,15822.915384007501,5844.004960504677
1783296667,200,,Aggregated,91.100000,0.000000,6,11,14,25,58,99,550,1100,14000,16000,16000,37186,0,6,95.43064362214375,2.6394949964014813,15822.915384007501,5843.388802237401
1783296668,200,,Aggregated,91.400000,0.000000,6,11,14,24,57,99,550,1100,14000,16000,16000,37276,0,6,95.22516536229763,2.6394949964014813,15822.915384007501,5841.170592338233
1783296669,200,,Aggregated,91.600000,0.000000,6,11,14,24,57,99,550,1100,14000,16000,16000,37372,0,6,95.03627140648047,2.6394949964014813,15822.915384007501,5843.382211281173
1783296670,200,,Aggregated,90.900000,0.000000,6,11,14,24,57,99,550,1100,14000,16000,16000,37466,0,6,94.83890302116403,2.6394949964014813,15822.915384007501,5840.242753429777
1783296671,200,,Aggregated,90.500000,0.000000,6,11,14,24,57,99,550,1100,14000,16000,16000,37546,0,6,94.66418397117927,2.6394949964014813,15822.915384007501,5840.87231662494
1783296672,200,,Aggregated,92.100000,0.000000,6,11,14,25,57,99,550,1100,14000,16000,16000,37648,0,6,94.47994579278622,2.6394949964014813,15822.915384007501,5844.060746918827
1783296673,200,,Aggregated,89.900000,0.000000,6,11,14,25,57,99,550,1100,14000,16000,16000,37727,0,6,94.31487748667786,2.6394949964014813,15822.915384007501,5843.274074270416
1783296674,200,,Aggregated,89.700000,0.000000,6,11,14,24,57,98,550,1100,14000,16000,16000,37818,0,6,94.1115830560549,2.6394949964014813,15822.915384007501,5844.3192130731395
1783296675,200,,Aggregated,90.100000,0.000000,6,11,14,24,57,98,550,1100,14000,16000,16000,37913,0,6,93.909699649746,2.6394949964014813,15822.915384007501,5842.289821433282
1783296676,200,,Aggregated,90.000000,0.000000,6,11,14,24,57,98,550,1100,14000,16000,16000,38003,0,6,93.71713837648934,2.6394949964014813,15822.915384007501,5840.455542983449
1783296677,200,,Aggregated,90.200000,0.000000,6,11,14,24,57,97,550,1100,14000,16000,16000,38091,0,6,93.53358970821799,2.6394949964014813,15822.915384007501,5839.905016933134
1783296678,200,,Aggregated,90.600000,0.000000,6,11,14,24,57,97,550,1100,14000,16000,16000,38188,0,6,93.31930997587519,2.6394949964014813,15822.915384007501,5840.510841101916
1783296679,200,,Aggregated,89.800000,0.000000,6,11,14,24,57,97,550,1100,14000,16000,16000,38274,0,6,93.13681160450278,2.6394949964014813,15822.915384007501,5840.453702252182
1783296680,200,,Aggregated,90.500000,0.000000,6,11,14,24,57,97,550,1100,14000,16000,16000,38366,0,6,92.95342714102887,2.6394949964014813,15822.915384007501,5836.054970546838
1783296681,200,,Aggregated,89.800000,0.000000,6,11,14,24,57,97,550,1100,14000,16000,16000,38457,0,6,92.77325894185039,2.6394949964014813,15822.915384007501,5835.142990872923
1783296682,200,,Aggregated,89.400000,0.000000,6,11,14,24,57,96,550,1100,14000,16000,16000,38541,0,6,92.59995138514141,2.6394949964014813,15822.915384007501,5835.088010170986
1783296683,200,,Aggregated,90.300000,0.000000,6,11,14,24,57,96,550,1100,14000,16000,16000,38636,0,6,92.39804966349784,2.6394949964014813,15822.915384007501,5834.344678538151
1783296684,200,,Aggregated,90.200000,0.000000,6,11,14,24,57,96,540,1100,14000,16000,16000,38727,0,6,92.2159959465716,2.6394949964014813,15822.915384007501,5835.604978438815
1783296685,200,,Aggregated,90.900000,0.000000,6,11,14,24,57,96,540,1100,14000,16000,16000,38831,0,6,91.99818070026046,2.6394949964014813,15822.915384007501,5836.80278643352
1783296686,200,,Aggregated,90.300000,0.000000,6,11,14,24,57,95,540,1100,14000,16000,16000,38916,0,6,91.8386201689509,2.6394949964014813,15822.915384007501,5834.831637372803
1783296687,200,,Aggregated,91.000000,0.000000,6,11,14,24,57,95,540,1100,14000,16000,16000,39000,0,6,91.6736155538454,2.6394949964014813,15822.915384007501,5835.9962051282055
1783296688,200,,Aggregated,90.400000,0.000000,6,11,14,24,57,95,540,1100,14000,16000,16000,39101,0,6,91.47217162573703,2.6394949964014813,15822.915384007501,5833.52044704739
1783296689,200,,Aggregated,90.000000,0.000000,6,11,14,24,57,95,540,1100,14000,16000,16000,39203,0,6,91.28828307861593,2.6394949964014813,15822.915384007501,5833.80664745045
1783296690,200,,Aggregated,90.600000,0.000000,6,11,14,24,57,95,540,1100,14000,16000,16000,39278,0,6,91.1379471067253,2.6394949964014813,15822.915384007501,5833.179871683894
1783296691,200,,Aggregated,91.500000,0.000000,6,11,14,23,56,94,540,1100,14000,16000,16000,39372,0,6,90.94880530897639,2.6394949964014813,15822.915384007501,5832.849588540079
1783296692,200,,Aggregated,92.500000,0.000000,6,11,14,23,56,94,540,1000,14000,16000,16000,39466,0,6,90.75989523072691,2.6394949964014813,15822.915384007501,5833.561419956418
1783296693,200,,Aggregated,90.700000,0.000000,6,11,14,23,56,94,540,1000,14000,16000,16000,39557,0,6,90.58657627595613,2.6394949964014813,15822.915384007501,5832.759410470966
1783296694,200,,Aggregated,91.900000,0.000000,6,11,14,23,56,94,540,1000,14000,16000,16000,39646,0,6,90.40925613637917,2.6394949964014813,15822.915384007501,5833.876406194824
1783296695,200,,Aggregated,90.600000,0.000000,6,11,14,23,56,94,530,1000,14000,16000,16000,39742,0,6,90.2301513866901,2.6394949964014813,15822.915384007501,5832.572744200091
1783296696,200,,Aggregated,91.400000,0.000000,6,11,14,23,56,94,530,1000,14000,16000,16000,39834,0,6,90.05348596789045,2.6394949964014813,15822.915384007501,5831.531731686499
1783296697,200,,Aggregated,91.100000,0.000000,6,11,14,23,56,94,530,1000,14000,16000,16000,39925,0,6,89.8947390984613,2.6394949964014813,15822.915384007501,5832.051120851596
1783296698,200,,Aggregated,90.200000,0.000000,6,11,14,23,56,93,530,1000,14000,15000,16000,40020,0,6,89.70797410062652,2.6394949964014813,15822.915384007501,5832.496251874063
1783296699,200,,Aggregated,92.000000,0.000000,6,11,14,23,56,93,530,1000,14000,15000,16000,40114,0,6,89.53983847769028,2.6394949964014813,15822.915384007501,5831.3360672084555
1783296700,200,,Aggregated,91.400000,0.000000,6,11,14,23,56,93,530,1000,14000,15000,16000,40211,0,6,89.35819875123651,2.6394949964014813,15822.915384007501,5832.570465792942
1783296701,200,,Aggregated,90.600000,0.000000,6,11,14,23,56,93,530,1000,14000,15000,16000,40303,0,6,89.18464092015434,2.6394949964014813,15822.915384007501,5830.6364538619955
1783296702,200,,Aggregated,90.000000,0.000000,6,11,14,23,56,93,530,1000,14000,15000,16000,40396,0,6,89.00980731792639,2.6394949964014813,15822.915384007501,5829.643232003169
1783296703,200,,Aggregated,92.300000,0.000000,6,11,14,23,56,93,530,1000,14000,15000,16000,40478,0,6,88.86148145456805,2.6394949964014813,15822.915384007501,5828.030065714709
1783296704,200,,Aggregated,89.700000,0.000000,6,11,14,23,56,93,520,1000,14000,15000,16000,40579,0,6,88.6719554617678,2.6394949964014813,15822.915384007501,5826.136770250622
1783296705,200,,Aggregated,92.100000,0.000000,6,11,14,23,56,93,520,1000,14000,15000,16000,40663,0,6,88.52108616331911,2.6394949964014813,15822.915384007501,5826.951921894597
1783296706,200,,Aggregated,91.100000,0.000000,6,11,14,23,56,92,520,1000,14000,15000,16000,40761,0,6,88.34189230678756,2.6394949964014813,15822.915384007501,5829.667279998037
1783296707,200,,Aggregated,91.600000,0.000000,6,11,14,23,56,92,520,1000,14000,15000,16000,40851,0,6,88.17751497596026,2.6394949964014813,15822.915384007501,5830.026706812563
1783296708,200,,Aggregated,92.300000,0.000000,6,11,14,23,56,92,520,1000,14000,15000,16000,40950,0,6,87.98952591233116,2.6394949964014813,15822.915384007501,5831.878778998779
1783296709,200,,Aggregated,92.000000,0.000000,6,11,14,22,56,92,520,1000,14000,15000,16000,41042,0,6,87.81350611922008,2.6394949964014813,15822.915384007501,5836.063666487988
1783296710,200,,Aggregated,91.200000,0.000000,6,11,14,22,56,92,520,1000,14000,15000,16000,41135,0,6,87.64145404536437,2.6394949964014813,15822.915384007501,5834.108423483652
1783296712,200,,Aggregated,92.600000,0.000000,6,11,14,24,57,98,530,1000,14000,15000,16000,41310,0,6,88.51996255238443,2.6394949964014813,15822.915384007501,5831.028419268942
1783296713,200,,Aggregated,87.400000,0.000000,6,11,14,24,57,98,530,1000,14000,15000,16000,41371,0,6,88.41048244400737,2.6394949964014813,15822.915384007501,5830.559739914433
1783296714,200,,Aggregated,85.600000,0.000000,6,11,14,24,57,98,530,1000,14000,15000,16000,41467,0,6,88.2392919987932,2.6394949964014813,15822.915384007501,5828.06491909229
1783296715,200,,Aggregated,88.600000,0.000000,6,11,14,24,57,97,530,1000,14000,15000,16000,41561,0,6,88.08677149993986,2.6394949964014813,15822.915384007501,5828.292870720146
1783296716,200,,Aggregated,88.200000,0.000000,6,11,14,24,57,97,530,1000,14000,15000,16000,41659,0,6,87.91489793729907,2.6394949964014813,15822.915384007501,5827.015098778175
1783296717,200,,Aggregated,87.100000,0.000000,6,11,14,24,57,97,530,1000,14000,15000,16000,41738,0,6,87.77442883638103,2.6394949964014813,15822.915384007501,5824.4792036034305
1783296718,200,,Aggregated,88.900000,0.000000,6,11,14,24,57,97,520,1000,14000,15000,16000,41839,0,6,87.59434196758563,2.6394949964014813,15822.915384007501,5826.312316259949
1783296719,200,,Aggregated,87.400000,0.000000,6,11,14,24,57,97,520,1000,14000,15000,16000,41936,0,6,87.42662956917273,2.6394949964014813,15822.915384007501,5825.039512590614
1783296720,200,,Aggregated,87.000000,0.000000,6,11,14,24,57,96,520,1000,14000,15000,16000,42030,0,6,87.2533423624502,2.6394949964014813,15822.915384007501,5823.978800856531
1783296721,200,,Aggregated,87.500000,0.000000,6,11,14,24,57,96,520,1000,14000,15000,16000,42122,0,6,87.09321589413705,2.6394949964014813,15822.915384007501,5826.15362518399
1783296722,200,,Aggregated,87.200000,0.000000,6,11,14,24,57,96,520,1000,14000,15000,16000,42196,0,6,86.97451527348483,2.6394949964014813,15822.915384007501,5825.4058441558445
1783296723,200,,Aggregated,92.300000,0.000000,6,11,14,24,57,96,520,1000,14000,15000,16000,42296,0,6,86.82672063062508,2.6394949964014813,15822.915384007501,5826.627175146586
1783296724,200,,Aggregated,94.900000,0.000000,6,11,14,24,57,96,520,1000,14000,15000,16000,42398,0,6,86.65207095153063,2.6394949964014813,15822.915384007501,5829.06490872211
1783296725,200,,Aggregated,90.600000,0.000000,6,11,14,24,57,96,520,1000,14000,15000,16000,42476,0,6,86.5179493210052,2.6394949964014813,15822.915384007501,5826.689118561069
1783296726,200,,Aggregated,91.100000,0.000000,6,11,14,24,57,96,520,1000,14000,15000,16000,42566,0,6,86.36047179878425,2.6394949964014813,15822.915384007501,5826.645280270639
1783296727,200,,Aggregated,92.600000,0.000000,6,11,14,24,57,95,520,1000,14000,15000,16000,42671,0,6,86.18670441217509,2.6394949964014813,15822.915384007501,5826.248904408146
1783296728,200,,Aggregated,90.000000,0.000000,6,11,14,24,57,95,520,1000,14000,15000,16000,42761,0,6,86.03678735730983,2.6394949964014813,15822.915384007501,5827.848927761278
1783296729,200,,Aggregated,90.600000,0.000000,6,11,14,23,56,95,510,1000,14000,15000,16000,42857,0,6,85.87107371670547,2.6394949964014813,15822.915384007501,5827.624588748629
1783296730,200,,Aggregated,92.700000,0.000000,6,11,14,23,56,95,510,1000,14000,15000,16000,42936,0,6,85.7355750442715,2.6394949964014813,15822.915384007501,5827.302263834545
1783296731,200,,Aggregated,91.300000,0.000000,6,11,14,23,56,94,510,1000,14000,15000,16000,43033,0,6,85.57405709977887,2.6394949964014813,15822.915384007501,5825.993005367974
1783296732,200,,Aggregated,91.300000,0.000000,6,11,14,23,56,94,510,1000,14000,15000,16000,43130,0,6,85.41344241597012,2.6394949964014813,15822.915384007501,5826.710178530026
1783296733,200,,Aggregated,90.000000,0.000000,6,11,14,23,56,94,510,1000,14000,15000,16000,43231,0,6,85.24569016133707,2.6394949964014813,15822.915384007501,5825.096342902084
1783296734,200,,Aggregated,90.800000,0.000000,6,11,14,23,56,94,510,1000,14000,15000,16000,43310,0,6,85.11225593876375,2.6394949964014813,15822.915384007501,5825.180951281459
1783296735,200,,Aggregated,91.900000,0.000000,6,11,14,23,56,94,500,1000,14000,15000,16000,43402,0,6,84.96271014128138,2.6394949964014813,15822.915384007501,5825.016496935625
1783296736,200,,Aggregated,92.600000,0.000000,6,11,14,23,56,94,500,1000,14000,15000,16000,43503,0,6,84.79694326021105,2.6394949964014813,15822.915384007501,5826.725766039123
1783296737,200,,Aggregated,91.100000,0.000000,6,11,14,23,56,93,500,1000,14000,15000,16000,43595,0,6,84.64369369723579,2.6394949964014813,15822.915384007501,5825.399632985434
1783296738,200,,Aggregated,92.100000,0.000000,6,11,14,23,56,93,500,1000,14000,15000,16000,43676,0,6,84.50833282683767,2.6394949964014813,15822.915384007501,5825.079654730287
1783296739,200,,Aggregated,93.000000,0.000000,6,11,14,23,56,93,500,1000,14000,15000,16000,43778,0,6,84.34016240517934,2.6394949964014813,15822.915384007501,5823.532847548997
1783296740,200,,Aggregated,91.700000,0.000000,6,11,14,23,56,93,500,1000,14000,15000,16000,43867,0,6,84.19388155540616,2.6394949964014813,15822.915384007501,5823.411106298584
1783296741,200,,Aggregated,91.600000,0.000000,6,11,14,23,56,93,500,1000,14000,15000,16000,43966,0,6,84.03983513410479,2.6394949964014813,15822.915384007501,5826.13662830369
1783296742,200,,Aggregated,91.800000,0.000000,6,11,14,23,56,93,500,1000,14000,15000,16000,44055,0,6,83.90962543130415,2.6394949964014813,15822.915384007501,5823.387878787878
1783296743,200,,Aggregated,91.900000,0.000000,6,11,14,23,56,93,490,1000,14000,15000,16000,44160,0,6,83.74387876134672,2.6394949964014813,15822.915384007501,5824.180321557971
1783296744,200,,Aggregated,92.600000,0.000000,6,11,14,23,56,92,490,1000,14000,15000,16000,44235,0,6,83.62648290733817,2.6394949964014813,15822.915384007501,5822.4448061489775
1783296745,200,,Aggregated,91.600000,0.000000,6,11,14,23,56,92,490,1000,14000,15000,16000,44331,0,6,83.47270380731544,2.6394949964014813,15822.915384007501,5824.66055356297
1783296746,200,,Aggregated,92.000000,0.000000,6,11,14,23,56,92,490,1000,14000,15000,16000,44425,0,6,83.33007219986624,2.6394949964014813,15822.915384007501,5822.56139561058
1783296747,200,,Aggregated,91.500000,0.000000,6,11,14,23,56,92,490,1000,14000,15000,16000,44512,0,6,83.22056287214879,2.6394949964014813,15822.915384007501,5823.782957404745
1783296748,200,,Aggregated,92.500000,0.000000,6,11,14,23,56,92,490,1000,14000,15000,16000,44601,0,6,83.07761511643541,2.6394949964014813,15822.915384007501,5822.068787695343
1783296749,200,,Aggregated,91.300000,0.000000,6,11,14,23,56,92,490,1000,14000,15000,16000,44689,0,6,82.94159423648297,2.6394949964014813,15822.915384007501,5824.225849761687
1783296750,200,,Aggregated,90.900000,0.000000,6,11,14,23,56,92,490,1000,14000,15000,16000,44785,0,6,82.79732493395547,2.6394949964014813,15822.915384007501,5823.253232108965
1783296751,200,,Aggregated,91.400000,0.000000,6,11,14,23,56,92,490,1000,14000,15000,16000,44881,0,6,82.64691245083958,2.6394949964014813,15822.915384007501,5823.055836545532
1783296752,200,,Aggregated,90.400000,0.000000,6,11,14,23,56,91,490,1000,14000,15000,16000,44980,0,6,82.49268912174435,2.6394949964014813,15822.915384007501,5825.344619831036
1783296753,200,,Aggregated,91.400000,0.000000,6,11,14,22,56,91,490,1000,14000,15000,16000,45071,0,6,82.34855272037544,2.6394949964014813,15822.915384007501,5827.681591267112
1783296754,200,,Aggregated,91.600000,0.000000,6,11,14,22,55,91,490,980,14000,15000,16000,45163,0,6,82.20978654257222,2.6394949964014813,15822.915384007501,5827.922680069969
1783296755,200,,Aggregated,91.800000,0.000000,6,11,14,22,55,91,490,970,14000,15000,16000,45253,0,6,82.07171338645706,2.6394949964014813,15822.915384007501,5826.913707378516
1783296756,200,,Aggregated,91.500000,0.000000,6,11,14,22,55,91,480,970,14000,15000,16000,45344,0,6,81.94073886572542,2.6394949964014813,15822.915384007501,5826.154154904728
1783296757,200,,Aggregated,92.000000,0.000000,6,11,14,22,55,91,480,970,14000,15000,16000,45433,0,6,81.80782652678616,2.6394949964014813,15822.915384007501,5826.444764818524
1783296758,200,,Aggregated,91.300000,0.000000,6,11,14,22,55,91,480,970,14000,15000,16000,45523,0,6,81.6729363619813,2.6394949964014813,15822.915384007501,5829.722557827911
1783296759,200,,Aggregated,91.400000,0.000000,6,11,14,22,55,90,480,960,14000,15000,16000,45624,0,6,81.52013872302726,2.6394949964014813,15822.915384007501,5826.8802823075575
1783296760,200,,Aggregated,92.300000,0.000000,6,11,14,22,55,90,480,950,14000,15000,16000,45709,0,6,81.40216945948303,2.6394949964014813,15822.915384007501,5825.597300312848
1783296761,200,,Aggregated,91.600000,0.000000,6,11,14,22,55,90,480,950,14000,15000,16000,45805,0,6,81.25636258438006,2.6394949964014813,15822.915384007501,5824.473834734199
1783296762,200,,Aggregated,93.300000,0.000000,6,11,14,22,55,90,480,950,14000,15000,16000,45908,0,6,81.12222206520623,2.6394949964014813,15822.915384007501,5824.938028230374
1783296763,200,,Aggregated,92.000000,0.000000,6,11,14,22,55,90,480,950,14000,15000,16000,45997,0,6,80.99493712523375,2.6394949964014813,15822.915384007501,5823.606843924604
1783296765,200,,Aggregated,91.400000,0.000000,6,11,14,22,55,90,470,950,14000,15000,16000,46088,0,6,80.8537454624923,2.6394949964014813,15822.915384007501,5824.854018399584
1783296766,200,,Aggregated,92.300000,0.000000,6,11,14,22,55,90,470,950,14000,15000,16000,46177,0,6,80.71898356427124,2.6394949964014813,15822.915384007501,5826.823613487234
1783296767,200,,Aggregated,91.700000,0.000000,6,11,14,22,55,89,470,940,14000,15000,16000,46269,0,6,80.59110999181684,2.6394949964014813,15822.915384007501,5827.091292225897
1783296768,200,,Aggregated,92.000000,0.000000,6,11,14,22,55,89,470,940,14000,15000,16000,46362,0,6,80.46077976190155,2.6394949964014813,15822.915384007501,5827.584918683405
1783296769,200,,Aggregated,92.300000,0.000000,6,11,14,22,55,89,470,930,14000,15000,16000,46440,0,6,80.34985060840506,2.6394949964014813,15822.915384007501,5825.63326873385
1783296770,200,,Aggregated,92.000000,0.000000,6,11,14,22,55,89,470,920,14000,15000,16000,46539,0,6,80.212786884684,2.6394949964014813,15822.915384007501,5827.693848170352
1783296771,200,,Aggregated,91.000000,0.000000,6,11,14,22,55,89,470,920,14000,15000,16000,46626,0,6,80.09137995282158,2.6394949964014813,15822.915384007501,5826.068888602926
1783296772,200,,Aggregated,91.100000,0.000000,6,11,14,22,55,89,470,920,14000,15000,16000,46718,0,6,79.96653624415116,2.6394949964014813,15822.915384007501,5825.273128130485
1783296773,200,,Aggregated,91.400000,0.000000,6,11,14,22,55,89,470,920,14000,15000,16000,46822,0,6,79.85630553150867,2.6394949964014813,15822.915384007501,5822.984473110931
1783296774,200,,Aggregated,90.900000,0.000000,6,11,14,22,55,89,470,920,14000,15000,16000,46908,0,6,79.74583213684777,2.6394949964014813,15822.915384007501,5820.950754668714
1783296775,200,,Aggregated,91.000000,0.000000,6,11,14,22,55,89,470,910,14000,15000,16000,47001,0,6,79.61897640880606,2.6394949964014813,15822.915384007501,5822.296291568265
1783296776,200,,Aggregated,90.100000,0.000000,6,11,14,22,55,89,470,910,14000,15000,16000,47094,0,6,79.48558863388858,2.6394949964014813,15822.915384007501,5821.114239605895
1783296777,200,,Aggregated,90.900000,0.000000,6,11,14,22,55,89,470,910,14000,15000,16000,47178,0,6,79.37421216429992,2.6394949964014813,15822.915384007501,5818.733689431515
1783296778,200,,Aggregated,91.500000,0.000000,6,11,14,22,55,89,470,910,14000,15000,16000,47267,0,6,79.24579226674588,2.6394949964014813,15822.915384007501,5822.898089576237
1783296779,200,,Aggregated,90.500000,0.000000,6,11,14,22,55,89,470,910,14000,15000,16000,47368,0,6,79.11316706152319,2.6394949964014813,15822.915384007501,5821.102643134605
1783296780,200,,Aggregated,90.400000,0.000000,6,11,14,22,55,89,460,910,14000,15000,16000,47470,0,6,78.98288867013186,2.6394949964014813,15822.915384007501,5820.604149989467
1783296781,200,,Aggregated,92.500000,0.000000,6,11,14,22,55,88,460,910,14000,15000,16000,47553,0,6,78.87017785767827,2.6394949964014813,15822.915384007501,5820.024372805081
1783296782,200,,Aggregated,92.200000,0.000000,6,11,14,22,55,88,460,910,14000,15000,16000,47645,0,6,78.7410925056597,2.6394949964014813,15822.915384007501,5817.968936929374
1783296783,200,,Aggregated,92.100000,0.000000,6,11,14,22,55,88,460,900,14000,15000,16000,47739,0,6,78.61352876520628,2.6394949964014813,15822.915384007501,5815.9398395441885
1783296784,200,,Aggregated,92.200000,0.000000,6,11,14,22,55,88,460,900,14000,15000,16000,47829,0,6,78.50197839792203,2.6394949964014813,15822.915384007501,5816.122791611783
1783296785,200,,Aggregated,91.000000,0.000000,6,11,14,22,55,88,460,900,14000,15000,16000,47916,0,6,78.38669075261413,2.6394949964014813,15822.915384007501,5816.9714709074215
1783296786,200,,Aggregated,92.000000,0.000000,6,11,14,22,55,88,460,900,13000,15000,16000,48010,0,6,78.2644350340804,2.6394949964014813,15822.915384007501,5815.996729847949
1783296787,200,,Aggregated,90.900000,0.000000,6,11,14,22,55,88,460,900,13000,15000,16000,48105,0,6,78.13792925627627,2.6394949964014813,15822.915384007501,5814.1718116619895
1783296788,200,,Aggregated,90.300000,0.000000,6,11,14,22,55,88,460,900,13000,15000,16000,48199,0,6,78.02180783603693,2.6394949964014813,15822.915384007501,5813.962364364406
1783296789,200,,Aggregated,92.100000,0.000000,6,11,14,22,55,88,460,900,13000,15000,16000,48299,0,6,77.90338794490982,2.6394949964014813,15822.915384007501,5814.550094204849
1783296790,200,,Aggregated,92.400000,0.000000,6,11,14,22,55,88,460,900,13000,15000,16000,48376,0,6,77.80735129419955,2.6394949964014813,15822.915384007501,5811.5977137423515
1783296791,200,,Aggregated,91.800000,0.000000,6,11,14,22,55,88,460,900,13000,15000,16000,48477,0,6,77.66993201242208,2.6394949964014813,15822.915384007501,5811.621965055593
1783296792,200,,Aggregated,90.400000,0.000000,6,11,14,22,55,87,460,900,13000,15000,16000,48574,0,6,77.54095724192516,2.6394949964014813,15822.915384007501,5813.012537571541
1783296793,200,,Aggregated,91.300000,0.000000,6,11,14,22,55,87,460,900,13000,15000,16000,48659,0,6,77.42635735461766,2.6394949964014813,15822.915384007501,5810.961055508745
1783296794,200,,Aggregated,92.300000,0.000000,6,11,14,22,55,87,460,890,13000,15000,16000,48754,0,6,77.30986912016002,2.6394949964014813,15822.915384007501,5810.428169996308
1783296795,200,,Aggregated,91.600000,0.000000,6,11,14,22,55,87,460,890,13000,15000,16000,48845,0,6,77.2000697087992,2.6394949964014813,15822.915384007501,5812.405036339441
1783296796,200,,Aggregated,92.100000,0.000000,6,11,14,22,55,87,460,890,13000,15000,16000,48942,0,6,77.07512046420958,2.6394949964014813,15822.915384007501,5812.553144538433
1783296797,200,,Aggregated,92.700000,0.000000,6,11,14,21,55,87,450,890,13000,15000,16000,49031,0,6,76.95435973590672,2.6394949964014813,15822.915384007501,5811.567865228121
1783296798,200,,Aggregated,92.200000,0.000000,6,11,14,21,55,87,450,890,13000,15000,16000,49118,0,6,76.83975182396031,2.6394949964014813,15822.915384007501,5810.646748646118
1783296799,200,,Aggregated,91.200000,0.000000,6,11,14,21,55,87,450,890,13000,15000,16000,49208,0,6,76.73010591719391,2.6394949964014813,15822.915384007501,5809.81448138514
1783296800,200,,Aggregated,90.700000,0.000000,6,11,14,21,55,87,450,890,13000,15000,16000,49295,0,6,76.64008883250308,2.6394949964014813,15822.915384007501,5810.894046049295
1783296801,200,,Aggregated,90.600000,0.000000,6,11,14,21,55,87,450,890,13000,15000,16000,49384,0,6,76.52601467370421,2.6394949964014813,15822.915384007501,5809.4216547869755
1783296802,200,,Aggregated,91.500000,0.000000,6,11,14,21,55,87,440,890,13000,15000,16000,49470,0,6,76.41170513903552,2.6394949964014813,15822.915384007501,5807.008591065292
1783296803,200,,Aggregated,90.300000,0.000000,6,11,14,21,55,87,440,890,13000,15000,16000,49575,0,6,76.28158584679848,2.6394949964014813,15822.915384007501,5807.360080685829
1783296804,200,,Aggregated,89.400000,0.000000,6,11,14,21,55,86,440,890,13000,15000,16000,49671,0,6,76.17129905941373,2.6394949964014813,15822.915384007501,5806.589176783234
1783296805,200,,Aggregated,90.700000,0.000000,6,11,14,21,54,86,440,890,13000,15000,16000,49760,0,6,76.05562631525525,2.6394949964014813,15822.915384007501,5807.915735530547
1783296806,200,,Aggregated,91.100000,0.000000,6,11,14,21,54,86,440,890,13000,15000,16000,49846,0,6,75.94953307074121,2.6394949964014813,15822.915384007501,5808.642819885246
1783296807,200,,Aggregated,90.200000,0.000000,6,11,14,21,54,86,440,870,13000,15000,16000,49945,0,6,75.82474697413394,2.6394949964014813,15822.915384007501,5808.949444388828
1783296808,200,,Aggregated,91.200000,0.000000,6,11,14,21,54,86,440,870,13000,15000,16000,50035,0,6,75.72006959080883,2.6394949964014813,15822.915384007501,5811.438832817028
1783296809,200,,Aggregated,91.400000,0.000000,6,11,14,21,54,86,430,870,13000,15000,16000,50128,0,6,75.60368752276536,2.6394949964014813,15822.915384007501,5812.358961059687
1783296810,200,,Aggregated,91.600000,0.000000,6,11,14,21,54,86,430,870,13000,15000,16000,50216,0,6,75.4980754611302,2.6394949964014813,15822.915384007501,5812.556515851521
1783296811,200,,Aggregated,91.800000,0.000000,6,11,14,21,54,86,430,870,13000,15000,16000,50324,0,6,75.37688411885284,2.6394949964014813,15822.915384007501,5814.227545505127
1783296812,200,,Aggregated,91.600000,0.000000,6,11,14,21,54,86,430,870,13000,15000,16000,50418,0,6,75.26531051539361,2.6394949964014813,15822.915384007501,5812.995100956008
1783296813,200,,Aggregated,93.400000,0.000000,6,11,14,21,54,86,430,870,13000,15000,16000,50496,0,6,75.1651465599073,2.6394949964014813,15822.915384007501,5813.413676330799
1783296814,200,,Aggregated,92.800000,0.000000,6,11,14,21,54,86,420,870,13000,15000,16000,50599,0,6,75.05774354410302,2.6394949964014813,15822.915384007501,5812.635526393802
1783296815,200,,Aggregated,92.400000,0.000000,6,11,14,21,54,86,420,860,13000,15000,16000,50685,0,6,74.9497998169089,2.6394949964014813,15822.915384007501,5814.248515339844
1783296816,200,,Aggregated,91.300000,0.000000,6,11,14,21,54,86,420,860,13000,15000,16000,50783,0,6,74.83683751009214,2.6394949964014813,15822.915384007501,5814.7377271921705
1783296817,200,,Aggregated,92.200000,0.000000,6,11,14,21,54,86,420,860,13000,15000,16000,50878,0,6,74.72840675164234,2.6394949964014813,15822.915384007501,5810.374601989072
1783296818,200,,Aggregated,92.200000,0.000000,6,11,14,21,54,86,420,860,13000,15000,16000,50970,0,6,74.61455333515919,2.6394949964014813,15822.915384007501,5813.188306847165
1783296819,200,,Aggregated,92.700000,0.000000,6,11,14,21,54,85,410,860,13000,15000,16000,51060,0,6,74.50936268104199,2.6394949964014813,15822.915384007501,5813.105033294164
1783296820,200,,Aggregated,92.700000,0.000000,6,11,14,21,54,85,410,860,13000,15000,16000,51163,0,6,74.39092205492143,2.6394949964014813,15822.915384007501,5813.083439204112
1783296821,200,,Aggregated,92.600000,0.000000,6,11,14,21,54,85,410,860,13000,15000,16000,51245,0,6,74.30384403325326,2.6394949964014813,15822.915384007501,5813.371548443751
1783296822,200,,Aggregated,93.400000,0.000000,6,11,14,21,54,85,410,850,13000,15000,16000,51337,0,6,74.19574998420616,2.6394949964014813,15822.915384007501,5814.096148976372
1783296823,200,,Aggregated,91.500000,0.000000,6,11,14,21,54,85,410,850,13000,15000,16000,51426,0,6,74.09342903864227,2.6394949964014813,15822.915384007501,5812.29996499825
1783296824,200,,Aggregated,92.900000,0.000000,6,11,14,21,54,85,410,850,13000,15000,16000,51525,0,6,73.97407222752648,2.6394949964014813,15822.915384007501,5811.021678796701
1783296825,200,,Aggregated,91.800000,0.000000,6,11,14,21,54,85,410,850,13000,15000,16000,51635,0,6,73.85289609031241,2.6394949964014813,15822.915384007501,5811.460520964462
1783296826,200,,Aggregated,92.300000,0.000000,6,11,14,21,54,85,410,840,13000,15000,16000,51713,0,6,73.75672892194059,2.6394949964014813,15822.915384007501,5811.970452304063
1783296827,200,,Aggregated,93.000000,0.000000,6,11,14,21,54,85,400,840,13000,15000,16000,51810,0,6,73.64560029865424,2.6394949964014813,15822.915384007501,5810.949102489867
1783296828,200,,Aggregated,92.400000,0.000000,6,11,14,21,54,85,400,840,13000,15000,16000,51901,0,6,73.54270289496034,2.6394949964014813,15822.915384007501,5809.274830928113
1783296829,200,,Aggregated,90.500000,0.000000,6,11,14,21,54,85,400,840,13000,15000,16000,51983,0,6,73.44634817400615,2.6394949964014813,15822.915384007501,5807.697535732836
1783296830,200,,Aggregated,92.000000,0.000000,6,11,14,21,54,85,400,840,13000,15000,16000,52075,0,6,73.34122120910708,2.6394949964014813,15822.915384007501,5809.224752760441
1783296831,200,,Aggregated,90.400000,0.000000,6,11,14,21,54,85,400,840,13000,15000,16000,52160,0,6,73.24166783353539,2.6394949964014813,15822.915384007501,5810.131978527607
1783296832,200,,Aggregated,89.800000,0.000000,6,11,14,21,54,84,400,840,13000,15000,16000,52263,0,6,73.12783191765229,2.6394949964014813,15822.915384007501,5808.546581711727
1783296833,200,,Aggregated,90.100000,0.000000,6,11,14,21,54,84,390,840,13000,15000,16000,52352,0,6,73.0307428473451,2.6394949964014813,15822.915384007501,5806.447547371638
1783296834,200,,Aggregated,89.300000,0.000000,6,11,14,21,54,84,390,830,13000,15000,16000,52429,0,6,72.94298720437487,2.6394949964014813,15822.915384007501,5806.488012359572
1783296835,200,,Aggregated,90.900000,0.000000,6,11,14,21,54,84,390,830,13000,15000,16000,52534,0,6,72.8251160732696,2.6394949964014813,15822.915384007501,5805.917063235238
1783296836,200,,Aggregated,89.500000,0.000000,6,11,14,21,54,84,390,830,13000,15000,16000,52627,0,6,72.71890853624942,2.6394949964014813,15822.915384007501,5805.797917418816
1783296837,200,,Aggregated,89.000000,0.000000,6,11,14,21,54,84,390,820,13000,15000,16000,52711,0,6,72.62326519258194,2.6394949964014813,15822.915384007501,5808.123332890668
1783296838,200,,Aggregated,89.600000,0.000000,6,11,14,21,54,84,390,820,13000,15000,16000,52806,0,6,72.52040843146862,2.6394949964014813,15822.915384007501,5808.153353785555
1783296839,200,,Aggregated,91.200000,0.000000,6,11,14,21,54,84,390,820,13000,15000,16000,52891,0,6,72.4248040123498,2.6394949964014813,15822.915384007501,5809.591575126203
1783296840,200,,Aggregated,88.800000,0.000000,6,11,14,21,54,84,390,810,13000,15000,16000,52982,0,6,72.32437743964304,2.6394949964014813,15822.915384007501,5809.970725906912
1783296841,200,,Aggregated,90.800000,0.000000,6,11,14,21,54,84,390,810,13000,15000,16000,53078,0,6,72.22045447366398,2.6394949964014813,15822.915384007501,5808.0474961377595
1783296842,200,,Aggregated,90.300000,0.000000,6,11,14,21,54,84,390,810,13000,15000,16000,53174,0,6,72.11822334037522,2.6394949964014813,15822.915384007501,5806.044194531162
1783296843,200,,Aggregated,91.100000,0.000000,6,11,14,21,54,84,380,800,13000,15000,16000,53265,0,6,72.02389232931866,2.6394949964014813,15822.915384007501,5804.425420069464
1783296844,200,,Aggregated,91.600000,0.000000,6,11,14,21,54,84,380,800,13000,15000,16000,53349,0,6,71.93204748711591,2.6394949964014813,15822.915384007501,5804.5896080526345
1783296845,200,,Aggregated,90.200000,0.000000,6,11,14,21,54,84,380,800,13000,15000,16000,53451,0,6,71.81917023951317,2.6394949964014813,15822.915384007501,5803.950010289798
1783296846,200,,Aggregated,91.400000,0.000000,6,11,14,21,53,83,380,800,13000,15000,16000,53536,0,6,71.7227191390516,2.6394949964014813,15822.915384007501,5802.6696615361625
1783296847,200,,Aggregated,91.400000,0.000000,6,11,14,21,54,84,380,800,13000,15000,16000,53628,0,6,71.63810601501662,2.6394949964014813,15822.915384007501,5803.848922204818
1783296848,200,,Aggregated,91.000000,0.000000,6,11,14,21,53,83,380,800,13000,15000,16000,53714,0,6,71.54285979445494,2.6394949964014813,15822.915384007501,5802.93016718174
1783296849,200,,Aggregated,90.300000,0.000000,6,11,14,21,54,84,380,800,13000,15000,16000,53818,0,6,71.46070855593429,2.6394949964014813,15822.915384007501,5804.432178824928
1783296850,200,,Aggregated,91.600000,0.000000,6,11,14,21,53,84,380,800,13000,15000,16000,53914,0,6,71.359434923735,2.6394949964014813,15822.915384007501,5801.748228660459
1783296851,200,,Aggregated,91.000000,0.000000,6,11,14,21,53,83,380,800,13000,15000,16000,54007,0,6,71.25932494530926,2.6394949964014813,15822.915384007501,5800.328013035347
1783296852,200,,Aggregated,92.700000,0.000000,6,11,14,21,53,83,380,800,13000,15000,16000,54096,0,6,71.16526566741351,2.6394949964014813,15822.915384007501,5801.89538967761
1783296853,200,,Aggregated,92.400000,0.000000,6,11,14,21,53,83,380,800,13000,15000,16000,54187,0,6,71.06765115484268,2.6394949964014813,15822.915384007501,5800.358296270323
