Timestamp,User Count,Type,Name,Requests/s,Failures/s,50%,66%,75%,80%,90%,95%,98%,99%,99.9%,99.99%,100%,Total Request Count,Total Failure Count,Total Median Response Time,Total Average Response Time,Total Min Response Time,Total Max Response Time,Total Average Content Size
1783298061,0,,Aggregated,0.000000,0.000000,N/A,N/A,N/A,N/A,N/A,N/A,N/A,N/A,N/A,N/A,N/A,0,0,0,0.0,0,0,0
1783298062,50,,Aggregated,0.000000,0.000000,N/A,N/A,N/A,N/A,N/A,N/A,N/A,N/A,N/A,N/A,N/A,0,0,0,0.0,0,0,0
1783298063,100,,Aggregated,0.000000,0.000000,N/A,N/A,N/A,N/A,N/A,N/A,N/A,N/A,N/A,N/A,N/A,0,0,0,0.0,0,0,0
1783298064,150,,Aggregated,0.000000,0.000000,N/A,N/A,N/A,N/A,N/A,N/A,N/A,N/A,N/A,N/A,N/A,0,0,0,0.0,0,0,0
1783298065,200,,Aggregated,0.000000,0.000000,N/A,N/A,N/A,N/A,N/A,N/A,N/A,N/A,N/A,N/A,N/A,0,0,0,0.0,0,0,0
1783298066,250,,Aggregated,0.000000,0.000000,N/A,N/A,N/A,N/A,N/A,N/A,N/A,N/A,N/A,N/A,N/A,0,0,0,0.0,0,0,0
1783298067,300,,Aggregated,0.000000,0.000000,N/A,N/A,N/A,N/A,N/A,N/A,N/A,N/A,N/A,N/A,N/A,0,0,0,0.0,0,0,0
1783298068,350,,Aggregated,0.000000,0.000000,N/A,N/A,N/A,N/A,N/A,N/A,N/A,N/A,N/A,N/A,N/A,0,0,0,0.0,0,0,0
1783298069,400,,Aggregated,0.000000,0.000000,N/A,N/A,N/A,N/A,N/A,N/A,N/A,N/A,N/A,N/A,N/A,0,0,0,0.0,0,0,0
1783298070,450,,Aggregated,0.000000,0.000000,N/A,N/A,N/A,N/A,N/A,N/A,N/A,N/A,N/A,N/A,N/A,0,0,0,0.0,0,0,0
1783298071,500,,Aggregated,0.000000,0.000000,10000,10000,10000,10000,10000,10000,10000,10000,10000,10000,10000,2,0,9748.412947999896,9872.575609995693,9748.412947999896,9996.73827199149,655.0
1783298072,550,,Aggregated,0.000000,0.000000,11000,11000,11000,11000,11000,11000,11000,11000,11000,11000,11000,38,0,10000.0,10519.039718524973,9748.412947999896,10969.550854002591,655.0
1783298073,600,,Aggregated,0.000000,0.000000,11000,11000,11000,11000,11000,12000,12000,12000,12000,12000,12000,50,0,11000.0,10731.069091638783,9748.412947999896,11618.533888002275,655.0
1783298074,650,,Aggregated,0.000000,0.000000,11000,11000,11000,11000,11000,12000,12000,12000,12000,12000,12000,50,0,11000.0,10731.069091638783,9748.412947999896,11618.533888002275,655.0
1783298075,700,,Aggregated,3.800000,0.000000,11000,11000,12000,12000,13000,13000,13000,13000,13000,13000,13000,64,0,11000.0,11155.977286874077,9748.412947999896,12773.59092599363,655.0
1783298076,750,,Aggregated,5.000000,0.000000,12000,13000,13000,13000,13000,14000,14000,14000,14000,14000,14000,100,0,12000.0,11902.084525699172,9748.412947999896,13825.21405800071,655.0
1783298077,800,,Aggregated,5.000000,0.000000,13000,13000,14000,14000,14000,14000,14000,14000,14000,14000,14000,141,0,13000.0,12425.600838219252,9748.412947999896,13985.093934999895,655.0
1783298078,850,,Aggregated,8.000000,0.000000,13000,14000,14000,14000,14000,14000,14000,15000,15000,15000,15000,169,0,13000.0,12653.639163774405,9748.412947999896,14605.04627598857,655.0
1783298079,900,,Aggregated,10.000000,0.000000,13000,14000,14000,14000,14000,14000,15000,15000,15000,15000,15000,200,0,13000.0,12909.733284154423,9748.412947999896,14693.692457003635,655.0
1783298080,950,,Aggregated,10.000000,0.000000,13000,14000,14000,14000,14000,14000,15000,15000,15000,15000,15000,200,0,13000.0,12909.733284154423,9748.412947999896,14693.692457003635,655.0
1783298081,1000,,Aggregated,10.000000,0.000000,13000,14000,14000,14000,14000,14000,15000,15000,15000,15000,15000,200,0,13000.0,12909.733284154423,9748.412947999896,14693.692457003635,655.0
1783298082,1050,,Aggregated,10.000000,0.000000,13000,14000,14000,14000,14000,14000,15000,15000,15000,15000,15000,200,0,13000.0,12909.733284154423,9748.412947999896,14693.692457003635,655.0
1783298083,1100,,Aggregated,10.000000,0.000000,13000,14000,14000,14000,14000,14000,15000,15000,15000,15000,15000,200,0,13000.0,12909.733284154423,9748.412947999896,14693.692457003635,655.0
1783298084,1150,,Aggregated,10.000000,0.000000,13000,14000,14000,14000,14000,14000,15000,15000,15000,15000,15000,200,0,13000.0,12909.733284154423,9748.412947999896,14693.692457003635,655.0
1783298085,1200,,Aggregated,16.200000,0.000000,13000,14000,14000,14000,14000,14000,15000,15000,20000,20000,20000,201,0,13000.0,12944.250910297982,9748.412947999896,19847.77613900951,655.0
1783298086,1250,,Aggregated,15.000000,0.000000,14000,14000,14000,14000,20000,21000,21000,21000,21000,21000,21000,225,0,14000.0,13762.178829826364,9748.412947999896,21000.245704010013,655.0
1783298087,1300,,Aggregated,15.000000,0.000000,14000,14000,14000,15000,21000,21000,22000,22000,22000,22000,22000,245,0,14000.0,14385.745427595648,9748.412947999896,21886.700396004017,655.0
1783298088,1350,,Aggregated,12.100000,0.000000,14000,14000,14000,20000,21000,21000,22000,22000,22000,22000,22000,250,0,14000.0,14538.11869105173,9748.412947999896,22075.258411001414,655.0
1783298089,1400,,Aggregated,12.600000,0.000000,14000,14000,20000,21000,22000,23000,23000,23000,23000,23000,23000,271,0,14000.0,15174.168216125252,9748.412947999896,23174.655732000247,655.0
1783298090,1450,,Aggregated,10.600000,0.000000,14000,15000,21000,21000,23000,23000,24000,24000,24000,24000,24000,291,0,14000.0,15733.82423092081,9748.412947999896,23660.21411398833,655.0
1783298091,1500,,Aggregated,8.100000,0.000000,14000,21000,22000,23000,24000,24000,24000,24000,25000,25000,25000,343,0,14000.0,16893.30312118072,9748.412947999896,24506.408158005797,656.9008746355685
1783298092,1550,,Aggregated,7.500000,0.000000,15000,21000,23000,23000,24000,24000,25000,25000,25000,25000,25000,384,0,15000.0,17536.590008072875,9748.412947999896,24996.31212800159,661.7916666666666
1783298093,1600,,Aggregated,9.100000,0.000000,20000,22000,23000,23000,24000,25000,25000,25000,25000,25000,25000,436,0,20000.0,18176.662562346384,9748.412947999896,25188.36186300905,669.2064220183486
1783298094,1650,,Aggregated,14.300000,0.000000,20000,22000,23000,24000,24000,25000,25000,25000,25000,25000,25000,438,0,20000.0,18209.36078305711,9748.412947999896,25363.278614997398,669.1415525114155
1783298095,1700,,Aggregated,14.300000,0.000000,20000,22000,23000,24000,24000,25000,25000,25000,25000,25000,25000,438,0,20000.0,18209.36078305711,9748.412947999896,25363.278614997398,669.1415525114155
1783298096,1750,,Aggregated,14.300000,0.000000,20000,22000,23000,24000,24000,25000,25000,25000,25000,25000,25000,438,0,20000.0,18209.36078305711,9748.412947999896,25363.278614997398,669.1415525114155
1783298097,1800,,Aggregated,14.300000,0.000000,20000,22000,23000,24000,24000,25000,25000,25000,25000,25000,25000,438,0,20000.0,18209.36078305711,9748.412947999896,25363.278614997398,669.1415525114155
1783298098,1850,,Aggregated,14.300000,0.000000,20000,22000,23000,24000,24000,25000,25000,25000,25000,25000,25000,438,0,20000.0,18209.36078305711,9748.412947999896,25363.278614997398,669.1415525114155
1783298099,1900,,Aggregated,21.200000,0.000000,20000,22000,23000,24000,24000,25000,25000,25000,30000,30000,30000,441,0,20000.0,18287.70932152157,9748.412947999896,30024.95452000585,669.0453514739229
1783298100,1950,,Aggregated,19.100000,0.000000,21000,23000,24000,24000,25000,30000,31000,31000,31000,31000,31000,475,0,21000.0,19078.008919431497,9748.412947999896,30983.03606599802,672.1578947368421
1783298101,2000,,Aggregated,18.800000,0.000000,21000,23000,24000,24000,27000,31000,32000,32000,32000,32000,32000,491,0,21000.0,19485.44374492464,9748.412947999896,31919.936481994228,671.5987780040733
1783298102,2000,,Aggregated,16.600000,0.000000,21000,23000,24000,24000,30000,31000,32000,32000,32000,32000,32000,500,0,21000.0,19713.82204578202,9748.412947999896,32271.667315013474,671.3
1783298103,2000,,Aggregated,18.400000,0.000000,21000,23000,24000,25000,31000,32000,33000,33000,34000,34000,34000,523,0,21000.0,20289.96795879172,9748.412947999896,33636.4184999984,670.5831739961759
1783298104,2000,,Aggregated,14.800000,0.000000,21000,24000,24000,25000,32000,33000,34000,34000,34000,34000,34000,547,0,21000.0,20869.732576400373,9748.412947999896,33993.27107598947,669.8994515539305
1783298105,2000,,Aggregated,11.700000,0.000000,23000,24000,27000,30000,33000,34000,34000,34000,34000,34000,34000,590,0,22000.0,21715.917329981374,9748.412947999896,34330.242615993484,672.6813559322034
1783298106,2000,,Aggregated,8.700000,0.000000,23000,25000,30000,32000,33000,34000,34000,35000,35000,35000,35000,644,0,23000.0,22642.152805798185,9748.412947999896,34725.0206519966,676.2608695652174
1783298107,2000,,Aggregated,10.900000,0.000000,23000,30000,31000,33000,34000,34000,35000,35000,35000,35000,35000,694,0,23000.0,23405.412135345836,9748.412947999896,34953.825582007994,678.7219020172911
1783298108,2000,,Aggregated,15.200000,0.000000,24000,30000,31000,33000,34000,34000,35000,35000,36000,36000,36000,701,0,24000.0,23526.070267472212,9748.412947999896,35562.62113399862,678.4850213980028
1783298109,2000,,Aggregated,15.200000,0.000000,24000,30000,31000,33000,34000,34000,35000,35000,36000,36000,36000,701,0,24000.0,23526.070267472212,9748.412947999896,35562.62113399862,678.4850213980028
1783298110,2000,,Aggregated,15.200000,0.000000,24000,30000,31000,33000,34000,34000,35000,35000,36000,36000,36000,701,0,24000.0,23526.070267472212,9748.412947999896,35562.62113399862,678.4850213980028
1783298111,2000,,Aggregated,15.200000,0.000000,24000,30000,31000,33000,34000,34000,35000,35000,36000,36000,36000,701,0,24000.0,23526.070267472212,9748.412947999896,35562.62113399862,678.4850213980028
1783298112,2000,,Aggregated,15.200000,0.000000,24000,30000,31000,33000,34000,34000,35000,35000,36000,36000,36000,701,0,24000.0,23526.070267472212,9748.412947999896,35562.62113399862,678.4850213980028
1783298113,2000,,Aggregated,22.600000,0.000000,24000,30000,32000,33000,34000,34000,35000,35000,40000,40000,40000,703,0,24000.0,23572.856311576146,9748.412947999896,39986.97391200403,678.4182076813656
1783298114,2000,,Aggregated,21.000000,0.000000,24000,31000,33000,33000,34000,37000,40000,41000,41000,41000,41000,745,0,24000.0,24432.637243268553,9748.412947999896,41017.220202993485,681.9114093959731
1783298116,2000,,Aggregated,20.000000,0.000000,24000,31000,33000,34000,37000,40000,41000,42000,42000,42000,42000,798,0,24000.0,25400.512631472535,9748.412947999896,42025.81610799825,687.0689223057644
1783298117,2000,,Aggregated,18.000000,0.000000,24000,32000,34000,34000,37000,41000,42000,42000,43000,43000,43000,814,0,24000.0,25720.903933013662,9748.412947999896,43011.38755500142,686.8390663390663
1783298118,2000,,Aggregated,19.800000,0.000000,25000,33000,34000,35000,39000,41000,43000,43000,43000,43000,43000,850,0,25000.0,26366.266866803708,9748.412947999896,43056.7705870053,688.5588235294117
1783298119,2000,,Aggregated,20.800000,0.000000,27000,33000,34000,36000,40000,42000,43000,44000,44000,44000,44000,876,0,25000.0,26834.90032066229,9748.412947999896,44042.34657699999,689.2374429223744
1783298120,2000,,Aggregated,16.700000,0.000000,30000,33000,35000,37000,41000,43000,44000,44000,45000,45000,45000,907,0,30000.0,27393.78117297921,9748.412947999896,44543.06958000234,689.1455347298787
1783298121,2000,,Aggregated,15.600000,0.000000,30000,34000,37000,39000,43000,44000,44000,45000,45000,45000,45000,963,0,30000.0,28338.236841222428,9748.412947999896,44940.311452999595,688.852544132918
1783298122,2000,,Aggregated,17.500000,0.000000,31000,34000,37000,40000,43000,44000,45000,45000,46000,46000,46000,985,0,31000.0,28700.726860876344,9748.412947999896,45518.25647200167,688.0964467005076
1783298123,2000,,Aggregated,20.600000,0.000000,31000,34000,38000,40000,44000,44000,45000,45000,46000,46000,46000,999,0,31000.0,28935.807226183362,9748.412947999896,45743.68370699813,687.6326326326326
1783298124,2000,,Aggregated,26.200000,0.000000,31000,34000,38000,40000,44000,44000,45000,46000,46000,46000,46000,1000,0,31000.0,28953.080520679174,9748.412947999896,46209.10172199365,687.6
1783298125,2000,,Aggregated,26.200000,0.000000,31000,34000,38000,40000,44000,44000,45000,46000,46000,46000,46000,1000,0,31000.0,28953.080520679174,9748.412947999896,46209.10172199365,687.6
1783298126,2000,,Aggregated,26.200000,0.000000,31000,34000,38000,40000,44000,44000,45000,46000,46000,46000,46000,1000,0,31000.0,28953.080520679174,9748.412947999896,46209.10172199365,687.6
1783298127,2000,,Aggregated,26.200000,0.000000,31000,34000,38000,40000,44000,44000,45000,46000,46000,46000,46000,1000,0,31000.0,28953.080520679174,9748.412947999896,46209.10172199365,687.6
1783298128,2000,,Aggregated,26.200000,0.000000,31000,34000,38000,40000,44000,44000,45000,46000,46000,46000,46000,1000,0,31000.0,28953.080520679174,9748.412947999896,46209.10172199365,687.6
1783298129,2000,,Aggregated,26.200000,0.000000,31000,34000,38000,40000,44000,44000,45000,46000,46000,46000,46000,1000,0,31000.0,28953.080520679174,9748.412947999896,46209.10172199365,687.6
1783298130,2000,,Aggregated,18.600000,0.000000,31000,35000,40000,41000,44000,45000,51000,52000,52000,52000,52000,1038,0,31000.0,29783.00570006753,9748.412947999896,52029.3662329932,686.4065510597303
1783298131,2000,,Aggregated,12.400000,0.000000,31000,35000,40000,42000,44000,46000,52000,52000,53000,53000,53000,1050,0,31000.0,30043.547001285795,9748.412947999896,53025.54500699625,686.047619047619
1783298132,2000,,Aggregated,13.100000,0.000000,32000,37000,40000,43000,45000,51000,53000,53000,53000,53000,53000,1069,0,32000.0,30447.597437233933,9748.412947999896,53100.00778599351,685.4957904583723
1783298133,2000,,Aggregated,13.100000,0.000000,32000,37000,41000,43000,45000,52000,53000,54000,54000,54000,54000,1086,0,32000.0,30811.863627421837,9748.412947999896,53972.28475900192,685.0184162062615
1783298134,2000,,Aggregated,8.600000,0.000000,32000,37000,41000,43000,46000,52000,54000,54000,55000,55000,55000,1102,0,32000.0,31150.201459538253,9748.412947999896,54765.186172997346,684.5825771324863
1783298135,2000,,Aggregated,8.700000,0.000000,33000,39000,43000,44000,53000,54000,55000,55000,55000,55000,55000,1164,0,33000.0,32387.408663184,9748.412947999896,55111.197901002015,683.0068728522336
1783298136,2000,,Aggregated,8.700000,0.000000,33000,39000,43000,44000,53000,54000,55000,55000,55000,55000,55000,1168,0,33000.0,32464.554026856305,9748.412947999896,55139.29749299132,682.9109589041096
1783298137,2000,,Aggregated,15.900000,0.000000,33000,40000,44000,45000,54000,54000,56000,56000,57000,57000,57000,1197,0,33000.0,33028.89632394666,9748.412947999896,56618.41485700279,682.234753550543
1783298138,2000,,Aggregated,16.800000,0.000000,34000,40000,44000,45000,54000,55000,56000,56000,57000,57000,57000,1200,0,34000.0,33088.86946221096,9748.412947999896,57410.22066300502,682.1666666666666
1783298139,2000,,Aggregated,16.800000,0.000000,34000,40000,44000,45000,54000,55000,56000,56000,57000,57000,57000,1200,0,34000.0,33088.86946221096,9748.412947999896,57410.22066300502,682.1666666666666
1783298140,2000,,Aggregated,16.800000,0.000000,34000,40000,44000,45000,54000,55000,56000,56000,57000,57000,57000,1200,0,34000.0,33088.86946221096,9748.412947999896,57410.22066300502,682.1666666666666
1783298141,2000,,Aggregated,16.800000,0.000000,34000,40000,44000,45000,54000,55000,56000,56000,57000,57000,57000,1200,0,34000.0,33088.86946221096,9748.412947999896,57410.22066300502,682.1666666666666
1783298142,2000,,Aggregated,16.200000,0.000000,34000,40000,44000,45000,54000,55000,56000,56000,57000,61000,61000,1201,0,34000.0,33111.80890497098,9748.412947999896,60639.140216997475,682.1440466278102
1783298143,2000,,Aggregated,15.100000,0.000000,34000,41000,44000,45000,54000,55000,56000,61000,62000,62000,62000,1219,0,34000.0,33513.94978159487,9748.412947999896,61581.5407600021,682.2780968006563
1783298144,2000,,Aggregated,13.900000,0.000000,34000,41000,44000,46000,54000,56000,62000,62000,62000,63000,63000,1249,0,34000.0,34190.660355087406,9748.412947999896,62505.77569400775,681.8839071257006
1783298145,2000,,Aggregated,11.800000,0.000000,34000,41000,44000,51000,54000,57000,62000,62000,63000,63000,63000,1259,0,34000.0,34417.37555354499,9748.412947999896,63408.704630986904,681.6703733121525
1783298146,2000,,Aggregated,13.500000,0.000000,34000,43000,45000,52000,55000,61000,63000,63000,63000,63000,63000,1297,0,34000.0,35207.496314087235,9748.412947999896,63439.836699006264,683.0254433307633
1783298147,2000,,Aggregated,9.500000,0.000000,34000,43000,46000,53000,56000,62000,63000,64000,64000,64000,64000,1327,0,34000.0,35821.012496119925,9748.412947999896,64308.95587100531,683.8658628485305
1783298148,2000,,Aggregated,10.700000,0.000000,35000,44000,52000,54000,61000,63000,64000,64000,65000,65000,65000,1384,0,35000.0,36953.764581550706,9748.412947999896,65198.00901800045,684.3258670520231
1783298149,2000,,Aggregated,12.000000,0.000000,37000,44000,53000,54000,62000,64000,64000,65000,65000,65000,65000,1413,0,37000.0,37520.865180807654,9748.412947999896,65432.423880003626,683.723991507431
1783298150,2000,,Aggregated,14.900000,0.000000,37000,44000,54000,55000,62000,64000,65000,65000,66000,66000,66000,1437,0,37000.0,37976.92041814907,9748.412947999896,66016.20546999038,683.4711203897008
1783298151,2000,,Aggregated,19.300000,0.000000,37000,45000,54000,55000,63000,64000,65000,65000,66000,66000,66000,1455,0,37000.0,38303.28981603179,9748.412947999896,66422.89675399661,683.7910652920962
1783298152,2000,,Aggregated,22.500000,0.000000,37000,45000,54000,55000,63000,64000,65000,66000,66000,67000,67000,1456,0,37000.0,38323.08573681886,9748.412947999896,67126.1504819995,683.7712912087912
1783298153,2000,,Aggregated,22.500000,0.000000,37000,45000,54000,55000,63000,64000,65000,66000,67000,68000,68000,1457,0,37000.0,38343.328156105876,9748.412947999896,67816.2906380021,683.751544269046
1783298154,2000,,Aggregated,22.500000,0.000000,37000,45000,54000,55000,63000,64000,65000,66000,67000,68000,68000,1457,0,37000.0,38343.328156105876,9748.412947999896,67816.2906380021,683.751544269046
1783298155,2000,,Aggregated,22.500000,0.000000,37000,45000,54000,55000,63000,64000,65000,66000,67000,68000,68000,1457,0,37000.0,38343.328156105876,9748.412947999896,67816.2906380021,683.751544269046
1783298156,2000,,Aggregated,22.000000,0.000000,37000,45000,54000,55000,63000,64000,65000,66000,68000,70000,70000,1458,0,37000.0,38365.371783118826,9748.412947999896,70482.93634099537,683.7318244170096
1783298157,2000,,Aggregated,20.300000,0.000000,38000,45000,54000,56000,64000,65000,68000,71000,72000,72000,72000,1493,0,38000.0,39111.743839176335,9748.412947999896,71592.47000000323,684.2592096450101
1783298158,2000,,Aggregated,18.200000,0.000000,39000,51000,55000,59000,64000,66000,71000,72000,72000,73000,73000,1523,0,39000.0,39736.79410403956,9748.412947999896,72545.63352999685,684.6460932370321
1783298159,2000,,Aggregated,14.500000,0.000000,39000,51000,55000,60000,64000,68000,71000,72000,73000,73000,73000,1539,0,39000.0,40050.82997067531,9748.412947999896,72967.80098100135,685.5029239766081
1783298160,2000,,Aggregated,16.200000,0.000000,40000,52000,56000,61000,65000,69000,72000,73000,74000,74000,74000,1568,0,40000.0,40654.8844569026,9748.412947999896,73596.26548898814,685.250637755102
1783298161,2000,,Aggregated,14.300000,0.000000,40000,53000,56000,62000,65000,71000,73000,74000,74000,75000,75000,1592,0,40000.0,41153.07892563082,9748.412947999896,74577.11192499846,684.9993718592965
1783298162,2000,,Aggregated,12.800000,0.000000,41000,54000,61000,63000,71000,73000,74000,74000,75000,75000,75000,1659,0,41000.0,42424.98989842025,9748.412947999896,75047.29377900367,686.9318866787221
1783298163,2000,,Aggregated,12.300000,0.000000,43000,54000,62000,64000,71000,73000,74000,75000,75000,75000,75000,1713,0,43000.0,43374.32417985419,9748.412947999896,75047.29377900367,697.3654407472271
1783298164,2000,,Aggregated,15.700000,0.000000,43000,56000,63000,65000,71000,74000,75000,75000,76000,76000,76000,1773,0,43000.0,44392.26532783657,9748.412947999896,75750.0124060025,703.2786238014664
1783298165,2000,,Aggregated,24.300000,0.000000,44000,56000,64000,65000,72000,74000,75000,75000,77000,77000,77000,1782,0,44000.0,44549.67968970101,9748.412947999896,76619.60033299692,703.9337822671156
1783298166,2000,,Aggregated,29.300000,0.000000,44000,56000,64000,65000,72000,74000,75000,75000,77000,78000,78000,1785,0,44000.0,44604.5023091721,9748.412947999896,77580.22509899456,703.8515406162466
1783298167,2000,,Aggregated,29.300000,0.000000,44000,56000,64000,65000,72000,74000,75000,75000,77000,78000,78000,1785,0,44000.0,44604.5023091721,9748.412947999896,77580.22509899456,703.8515406162466
1783298168,2000,,Aggregated,29.300000,0.000000,44000,56000,64000,65000,72000,74000,75000,75000,77000,78000,78000,1785,0,44000.0,44604.5023091721,9748.412947999896,77580.22509899456,703.8515406162466
1783298169,2000,,Aggregated,29.300000,0.000000,44000,56000,64000,65000,72000,74000,75000,75000,77000,78000,78000,1785,0,44000.0,44604.5023091721,9748.412947999896,77580.22509899456,703.8515406162466
1783298170,2000,,Aggregated,29.300000,0.000000,44000,56000,64000,65000,72000,74000,75000,75000,77000,78000,78000,1785,0,44000.0,44604.5023091721,9748.412947999896,77580.22509899456,703.8515406162466
1783298171,2000,,Aggregated,24.900000,0.000000,44000,57000,64000,66000,73000,75000,77000,81000,82000,82000,82000,1817,0,44000.0,45237.35245102046,9748.412947999896,81656.61599699524,706.2592184920198
1783298172,2000,,Aggregated,23.200000,0.000000,44000,60000,65000,71000,74000,78000,81000,82000,83000,83000,83000,1878,0,44000.0,46360.02732928869,9748.412947999896,82651.48637400125,721.9116080937167
1783298173,2000,,Aggregated,20.900000,0.000000,44000,61000,65000,71000,74000,78000,81000,82000,83000,83000,83000,1887,0,44000.0,46534.04443388773,9748.412947999896,83216.03968199634,721.5924748277689
1783298174,2000,,Aggregated,21.800000,0.000000,45000,61000,65000,71000,75000,79000,82000,83000,84000,84000,84000,1912,0,45000.0,47008.843259784626,9748.412947999896,83688.07160601136,720.8922594142259
1783298175,2000,,Aggregated,18.300000,0.000000,45000,62000,66000,71000,75000,79000,83000,84000,84000,84000,84000,1931,0,45000.0,47373.518206471854,9748.412947999896,84324.09931700386,720.243915069912
1783298176,2000,,Aggregated,14.800000,0.000000,45000,62000,68000,71000,75000,82000,84000,84000,85000,85000,85000,1960,0,45000.0,47924.421518789844,9748.412947999896,84968.2975790056,719.2785714285715
1783298177,2000,,Aggregated,14.000000,0.000000,51000,63000,71000,72000,79000,84000,85000,85000,85000,86000,86000,2010,0,51000.0,48845.185538003556,9748.412947999896,85726.99017600098,717.6796019900497
1783298178,2000,,Aggregated,15.500000,0.000000,51000,64000,71000,72000,79000,84000,85000,85000,86000,86000,86000,2031,0,51000.0,49223.43546705423,9748.412947999896,85803.13521699281,717.0315115706549
1783298179,2000,,Aggregated,18.500000,0.000000,52000,64000,71000,72000,79000,84000,85000,85000,86000,87000,87000,2036,0,51000.0,49314.42385108848,9748.412947999896,86540.4999339953,716.8791748526522
1783298180,2000,,Aggregated,23.300000,0.000000,52000,64000,71000,72000,79000,84000,85000,85000,87000,88000,88000,2038,0,52000.0,49351.67619085973,9748.412947999896,87639.20049100125,716.8184494602551
1783298181,2000,,Aggregated,23.300000,0.000000,52000,64000,71000,72000,79000,84000,85000,85000,87000,88000,88000,2038,0,52000.0,49351.67619085973,9748.412947999896,87639.20049100125,716.8184494602551
1783298182,2000,,Aggregated,23.300000,0.000000,52000,64000,71000,72000,79000,84000,85000,85000,87000,88000,88000,2038,0,52000.0,49351.67619085973,9748.412947999896,87639.20049100125,716.8184494602551
1783298183,2000,,Aggregated,23.300000,0.000000,52000,64000,71000,72000,79000,84000,85000,85000,87000,88000,88000,2038,0,52000.0,49351.67619085973,9748.412947999896,87639.20049100125,716.8184494602551
1783298184,2000,,Aggregated,23.300000,0.000000,52000,64000,71000,72000,79000,84000,85000,85000,87000,88000,88000,2038,0,52000.0,49351.67619085973,9748.412947999896,87639.20049100125,716.8184494602551
1783298185,2000,,Aggregated,15.500000,0.000000,52000,64000,71000,73000,81000,85000,85000,87000,92000,92000,92000,2056,0,52000.0,49720.54376308566,9748.412947999896,91671.44683501101,716.2772373540856
1783298186,2000,,Aggregated,14.000000,0.000000,52000,64000,71000,74000,82000,85000,91000,92000,92000,93000,93000,2083,0,52000.0,50270.197384495485,9748.412947999896,92572.50018099148,715.4829572731637
1783298187,2000,,Aggregated,11.900000,0.000000,53000,64000,71000,74000,83000,85000,92000,92000,93000,93000,93000,2102,0,53000.0,50653.06384844626,9748.412947999896,93115.55714599672,714.9362511893435
1783298188,2000,,Aggregated,11.700000,0.000000,53000,65000,71000,74000,83000,85000,92000,93000,94000,94000,94000,2119,0,53000.0,50996.29680294197,9748.412947999896,93742.28094599675,714.4554034922133
1783298189,2000,,Aggregated,11.300000,0.000000,53000,65000,72000,74000,84000,86000,93000,93000,94000,95000,95000,2136,0,53000.0,51339.77748580808,9748.412947999896,94769.38311599952,713.9822097378277
1783298190,2000,,Aggregated,8.500000,0.000000,54000,65000,72000,75000,85000,92000,94000,94000,95000,96000,96000,2167,0,54000.0,51953.09990795573,9748.412947999896,95691.45575400034,713.3640978311029
1783298191,2000,,Aggregated,8.700000,0.000000,54000,68000,74000,76000,85000,93000,95000,95000,96000,96000,96000,2221,0,54000.0,52979.444877737085,9748.412947999896,95691.45575400034,716.5583070688879
1783298192,2000,,Aggregated,10.400000,0.000000,54000,71000,74000,79000,91000,94000,95000,95000,96000,96000,96000,2269,0,54000.0,53830.97454622081,9748.412947999896,95835.29443600855,720.8492728074042
1783298193,2000,,Aggregated,13.900000,0.000000,54000,71000,74000,79000,91000,94000,95000,95000,97000,97000,97000,2274,0,54000.0,53924.40923087688,9748.412947999896,96598.07296500367,720.7044854881267
1783298194,2000,,Aggregated,21.000000,0.000000,54000,71000,74000,79000,91000,94000,95000,95000,97000,97000,97000,2275,0,54000.0,53943.359110696714,9748.412947999896,97035.38582100009,720.6756043956044
1783298195,2000,,Aggregated,23.300000,0.000000,55000,71000,74000,79000,91000,94000,95000,95000,97000,98000,98000,2276,0,54000.0,53962.795164003524,9748.412947999896,98179.8164369975,720.6467486818981
1783298196,2000,,Aggregated,23.300000,0.000000,55000,71000,74000,79000,91000,94000,95000,95000,97000,98000,98000,2276,0,54000.0,53962.795164003524,9748.412947999896,98179.8164369975,720.6467486818981
1783298197,2000,,Aggregated,23.300000,0.000000,55000,71000,74000,79000,91000,94000,95000,95000,97000,98000,98000,2276,0,54000.0,53962.795164003524,9748.412947999896,98179.8164369975,720.6467486818981
1783298198,2000,,Aggregated,23.300000,0.000000,55000,71000,74000,79000,91000,94000,95000,95000,97000,98000,98000,2276,0,54000.0,53962.795164003524,9748.412947999896,98179.8164369975,720.6467486818981
1783298199,2000,,Aggregated,19.300000,0.000000,55000,71000,75000,81000,92000,95000,96000,98000,102000,102000,102000,2311,0,55000.0,54663.40992751278,9748.412947999896,101798.24731800181,720.498918217222
1783298200,2000,,Aggregated,17.300000,0.000000,59000,71000,79000,84000,94000,95000,98000,102000,103000,103000,103000,2417,0,59000.0,56534.14889006295,9748.412947999896,102847.55250500166,729.6905254447662
1783298201,2000,,Aggregated,15.800000,0.000000,61000,73000,83000,85000,95000,96000,101000,102000,103000,103000,103000,2506,0,61000.0,57914.327857814555,9748.412947999896,103243.38823699509,745.3475658419793
1783298202,2000,,Aggregated,17.000000,0.000000,62000,74000,84000,88000,95000,96000,102000,102000,103000,104000,104000,2585,0,62000.0,59005.477012157564,9748.412947999896,103881.46871799836,763.3435203094778
1783298203,2000,,Aggregated,24.200000,0.000000,64000,79000,85000,88000,95000,97000,102000,103000,105000,105000,105000,2772,0,64000.0,60979.60171354202,9748.412947999896,104817.41716800025,797.8217893217893
1783298204,2000,,Aggregated,29.900000,0.000000,65000,81000,85000,88000,95000,97000,102000,103000,105000,106000,106000,2807,0,65000.0,61264.35578764395,9748.412947999896,105789.82336100307,801.0299251870324
1783298205,2000,,Aggregated,31.400000,0.000000,69000,82000,86000,88000,95000,97000,103000,105000,107000,107000,107000,3043,0,69000.0,62650.71229120822,9748.412947999896,106659.7224099969,809.9204732172199
1783298206,2000,,Aggregated,51.700000,0.000000,65000,78000,85000,88000,95000,98000,106000,106000,107000,107000,107000,3461,0,65000.0,62656.23232414033,9748.412947999896,106986.28578599892,861.7838774920543
1783298207,2000,,Aggregated,54.100000,0.000000,61000,74000,84000,86000,95000,98000,106000,107000,107000,108000,108000,3976,0,61000.0,59816.45997088397,5538.221422000788,107507.27026700042,932.9964788732394
1783298208,2000,,Aggregated,81.600000,0.000000,54000,71000,79000,85000,95000,97000,106000,107000,107000,108000,108000,4737,0,54000.0,52841.56358691066,2655.9576310100965,107507.27026700042,1144.1756385898248
1783298210,2000,,Aggregated,179.600000,0.000000,46000,66000,75000,84000,94000,97000,106000,106000,107000,108000,108000,5135,0,46000.0,48911.81507091716,1800.9892459958792,107507.27026700042,1307.7518987341773
1783298211,2000,,Aggregated,246.000000,0.000000,43000,62000,73000,81000,92000,96000,105000,106000,107000,108000,108000,5778,0,43000.0,44228.604292141514,1800.9892459958792,107507.27026700042,1483.3779854620975
1783298212,2000,,Aggregated,276.800000,0.000000,33000,56000,71000,74000,90000,95000,103000,106000,107000,108000,108000,6698,0,33000.0,38684.04804786948,1800.9892459958792,107507.27026700042,1981.6900567333532
1783298213,2000,,Aggregated,331.900000,0.000000,24000,49000,64000,73000,88000,95000,103000,106000,107000,108000,108000,7325,0,24000.0,35615.023998954115,1792.295874998672,107507.27026700042,2341.361092150171
1783298214,2000,,Aggregated,378.600000,0.000000,21000,46000,63000,72000,87000,95000,102000,106000,107000,108000,108000,7627,0,21000.0,34330.73684720344,1779.4585450028535,107507.27026700042,2492.813557099777
1783298215,2000,,Aggregated,448.400000,0.000000,19000,45000,62000,71000,87000,95000,102000,106000,107000,108000,108000,7839,0,19000.0,33499.97090239836,1779.4585450028535,107507.27026700042,2563.0576604158696
1783298216,2000,,Aggregated,470.700000,0.000000,16000,44000,61000,71000,86000,95000,102000,106000,107000,108000,108000,8052,0,16000.0,32726.73069195634,1779.4585450028535,107507.27026700042,2636.087307501242
1783298217,2000,,Aggregated,493.500000,0.000000,14000,44000,60000,71000,86000,95000,102000,106000,107000,108000,108000,8241,0,14000.0,32093.97816048214,1779.4585450028535,107507.27026700042,2708.0058245358573
1783298218,2000,,Aggregated,483.800000,0.000000,13000,43000,59000,70000,86000,95000,102000,106000,107000,108000,108000,8419,0,13000.0,31537.45269744676,1779.4585450028535,107507.27026700042,2768.8958308587717
1783298219,2000,,Aggregated,470.200000,0.000000,10000,43000,59000,69000,86000,95000,102000,106000,107000,108000,108000,8558,0,10000.0,31127.738205552843,1779.4585450028535,107507.27026700042,2803.1197709745265
1783298220,2000,,Aggregated,428.000000,0.000000,8800,41000,58000,67000,85000,95000,102000,106000,107000,108000,108000,8729,0,8800.0,30661.597830684517,1779.4585450028535,107507.27026700042,2861.2565013174476
1783298221,2000,,Aggregated,375.900000,0.000000,8500,38000,57000,65000,85000,95000,102000,106000,107000,108000,108000,8918,0,8400.0,30178.230893118314,1779.4585450028535,107507.27026700042,2965.0285938551247
1783298222,2000,,Aggregated,354.800000,0.000000,8400,36000,55000,64000,85000,95000,102000,106000,107000,108000,108000,9154,0,8400.0,29616.54148000267,1779.4585450028535,107507.27026700042,3121.560629233122
1783298223,2000,,Aggregated,310.400000,0.000000,8200,35000,54000,64000,85000,95000,101000,106000,107000,108000,108000,9331,0,8200.0,29211.535791464536,1779.4585450028535,107507.27026700042,3187.087986282285
1783298224,2000,,Aggregated,270.700000,0.000000,8200,34000,53000,63000,85000,95000,101000,106000,107000,108000,108000,9571,0,8200.0,28705.54577644611,1779.4585450028535,107507.27026700042,3339.1504544979625
1783298225,2000,,Aggregated,214.900000,0.000000,8300,33000,51000,62000,84000,94000,101000,106000,107000,108000,108000,9852,0,8300.0,28160.08524685219,1779.4585450028535,107507.27026700042,3558.9559480308567
1783298226,2000,,Aggregated,193.500000,0.000000,8300,31000,48000,61000,84000,94000,99000,106000,107000,107000,108000,10133,0,8300.0,27633.92832401726,1779.4585450028535,107507.27026700042,3743.9205565972566
1783298227,2000,,Aggregated,195.300000,0.000000,8300,30000,46000,60000,84000,94000,98000,106000,107000,107000,108000,10358,0,8300.0,27228.016689880453,1779.4585450028535,107507.27026700042,3890.441204865804
1783298228,2000,,Aggregated,205.200000,0.000000,8300,27000,45000,59000,83000,94000,98000,106000,107000,107000,108000,10564,0,8200.0,26852.864087335645,1779.4585450028535,107507.27026700042,3980.2991291177586
1783298229,2000,,Aggregated,208.300000,0.000000,8200,24000,45000,59000,83000,94000,98000,105000,107000,107000,108000,10755,0,8200.0,26525.391459370403,1779.4585450028535,107507.27026700042,4083.608647140865
1783298230,2000,,Aggregated,210.300000,0.000000,8200,23000,44000,58000,83000,93000,98000,105000,107000,107000,108000,10941,0,8200.0,26212.428603170956,1779.4585450028535,107507.27026700042,4180.86911616854
1783298231,2000,,Aggregated,216.900000,0.000000,8100,22000,44000,57000,83000,93000,98000,105000,107000,107000,108000,11127,0,8100.0,25904.549307407466,1779.4585450028535,107507.27026700042,4262.295767053114
1783298232,2000,,Aggregated,221.300000,0.000000,8100,21000,44000,56000,82000,93000,98000,105000,107000,107000,108000,11315,0,8100.0,25613.74402888967,1779.4585450028535,107507.27026700042,4379.955192222713
1783298233,2000,,Aggregated,220.900000,0.000000,8000,19000,43000,55000,81000,92000,98000,105000,107000,107000,108000,11528,0,8000.0,25284.875866977494,1779.4585450028535,107507.27026700042,4456.016655100624
1783298235,2000,,Aggregated,216.700000,0.000000,8000,17000,42000,54000,79000,92000,97000,105000,107000,107000,108000,11762,0,8000.0,24941.748067916462,1779.4585450028535,107507.27026700042,4549.423142322734
1783298236,2000,,Aggregated,219.100000,0.000000,8000,14000,38000,52000,78000,92000,97000,105000,107000,107000,108000,12125,0,8000.0,24445.21806430651,1779.4585450028535,107507.27026700042,4721.031257731959
1783298237,2000,,Aggregated,205.700000,0.000000,8000,13000,37000,50000,76000,92000,97000,104000,107000,107000,108000,12375,0,8000.0,24117.37337160432,1779.4585450028535,107507.27026700042,4837.524202020202
1783298238,2000,,Aggregated,212.100000,0.000000,8000,13000,35000,49000,75000,91000,97000,104000,107000,107000,108000,12609,0,8000.0,23825.2832684894,1779.4585450028535,107507.27026700042,4937.976286779284
1783298239,2000,,Aggregated,210.600000,0.000000,8000,13000,35000,47000,75000,91000,97000,104000,107000,107000,108000,12807,0,8000.0,23576.452489776708,1779.4585450028535,107507.27026700042,4994.263293511361
1783298240,2000,,Aggregated,212.700000,0.000000,7900,12000,34000,46000,75000,91000,97000,103000,107000,107000,108000,13017,0,7900.0,23317.551469044123,1779.4585450028535,107507.27026700042,5051.622109549051
1783298241,2000,,Aggregated,203.400000,0.000000,7900,12000,33000,45000,75000,91000,96000,103000,107000,107000,108000,13203,0,7900.0,23098.97431745907,1779.4585450028535,107507.27026700042,5113.859728849504
1783298242,2000,,Aggregated,215.900000,0.000000,7800,12000,33000,45000,74000,89000,96000,103000,107000,107000,108000,13407,0,7800.0,22867.912932367337,1779.4585450028535,107507.27026700042,5176.868650704856
1783298243,2000,,Aggregated,212.800000,0.000000,7800,12000,32000,44000,74000,89000,96000,103000,107000,107000,108000,13600,0,7800.0,22655.225642093446,1779.4585450028535,107507.27026700042,5232.964338235294
1783298244,2000,,Aggregated,218.200000,0.000000,7700,12000,31000,44000,74000,88000,96000,103000,107000,107000,108000,13861,0,7700.0,22375.593547129432,1779.4585450028535,107507.27026700042,5304.398239665248
1783298245,2000,,Aggregated,218.600000,0.000000,7600,12000,29000,43000,73000,88000,96000,103000,107000,107000,108000,14257,0,7600.0,21972.01991489318,1779.4585450028535,107507.27026700042,5418.586238339061
1783298246,2000,,Aggregated,221.300000,0.000000,7600,12000,24000,43000,73000,88000,96000,103000,107000,107000,108000,14558,0,7600.0,21672.27958581812,1779.4585450028535,107507.27026700042,5499.366602555296
1783298247,2000,,Aggregated,231.900000,0.000000,7600,11000,23000,41000,72000,87000,96000,103000,107000,107000,108000,14821,0,7600.0,21417.184794891375,1779.4585450028535,107507.27026700042,5561.38310505364
1783298248,2000,,Aggregated,228.400000,0.000000,7600,11000,22000,39000,72000,87000,96000,103000,107000,107000,108000,15070,0,7600.0,21194.197644959655,1779.4585450028535,107507.27026700042,5664.236828135368
1783298249,2000,,Aggregated,230.800000,0.000000,7500,11000,21000,37000,71000,87000,96000,102000,107000,107000,108000,15422,0,7500.0,20851.674101512373,1779.4585450028535,107507.27026700042,5660.4338607184545
1783298250,2000,,Aggregated,233.900000,0.000000,7400,11000,19000,36000,71000,87000,96000,102000,107000,107000,108000,15669,0,7400.0,20619.482125023012,1779.4585450028535,107507.27026700042,5657.836045695322
1783298251,2000,,Aggregated,247.300000,0.000000,7300,11000,17000,35000,71000,87000,95000,102000,107000,107000,108000,15926,0,7300.0,20389.501244066367,1779.4585450028535,107507.27026700042,5678.6039809117165
1783298252,2000,,Aggregated,244.500000,0.000000,7200,11000,16000,34000,71000,86000,95000,102000,107000,107000,108000,16205,0,7200.0,20149.99755425145,1779.4585450028535,107507.27026700042,5700.990743597655
1783298253,2000,,Aggregated,252.100000,0.000000,7100,11000,14000,34000,71000,86000,95000,102000,107000,107000,108000,16419,0,7100.0,19960.570923125408,1779.4585450028535,107507.27026700042,5679.468786162372
1783298254,2000,,Aggregated,257.900000,0.000000,7000,11000,14000,33000,71000,86000,95000,102000,107000,107000,108000,16668,0,7000.0,19760.2026016455,1779.4585450028535,107507.27026700042,5694.109131269498
1783298255,2000,,Aggregated,265.100000,0.000000,7000,11000,13000,32000,69000,86000,95000,102000,107000,107000,108000,16926,0,7000.0,19558.051819254466,1779.4585450028535,107507.27026700042,5697.412324234905
1783298256,2000,,Aggregated,259.600000,0.000000,6900,11000,13000,31000,69000,86000,95000,102000,107000,107000,108000,17152,0,6900.0,19381.607594400797,1779.4585450028535,107507.27026700042,5692.642665578358
1783298257,2000,,Aggregated,260.000000,0.000000,6900,11000,13000,31000,68000,85000,95000,102000,107000,107000,108000,17372,0,6900.0,19216.473379688498,1779.4585450028535,107507.27026700042,5694.845325811651
1783298258,2000,,Aggregated,255.000000,0.000000,6900,11000,13000,30000,66000,85000,95000,102000,107000,107000,108000,17595,0,6900.0,19052.727949775977,1779.4585450028535,107507.27026700042,5689.690991759023
1783298259,2000,,Aggregated,250.100000,0.000000,6800,11000,12000,29000,65000,85000,95000,102000,107000,107000,108000,17869,0,6800.0,18865.61456744401,1779.4585450028535,107507.27026700042,5718.78985953327
1783298260,2000,,Aggregated,245.700000,0.000000,6800,10000,12000,25000,64000,85000,95000,102000,107000,107000,108000,18090,0,6800.0,18705.667967854555,1779.4585450028535,107507.27026700042,5698.188723051409
1783298261,2000,,Aggregated,242.900000,0.000000,6700,10000,12000,24000,64000,85000,95000,102000,107000,107000,108000,18334,0,6700.0,18539.72273631657,1779.4585450028535,107507.27026700042,5698.184684193302
1783298263,2000,,Aggregated,239.700000,0.000000,6700,10000,12000,23000,64000,85000,95000,102000,107000,107000,108000,18493,0,6700.0,18433.32368428761,1779.4585450028535,107507.27026700042,5694.961931541665
1783298264,2000,,Aggregated,238.900000,0.000000,6600,10000,12000,22000,63000,85000,95000,101000,107000,107000,108000,18875,0,6600.0,18192.303248664008,1779.4585450028535,107507.27026700042,5695.90336423841
1783298265,2000,,Aggregated,227.000000,0.000000,6600,10000,12000,21000,63000,85000,95000,101000,107000,107000,108000,19102,0,6600.0,18051.10444101379,1779.4585450028535,107507.27026700042,5697.0175374306355
1783298266,2000,,Aggregated,239.100000,0.000000,6600,10000,12000,20000,62000,84000,95000,101000,107000,107000,108000,19346,0,6600.0,17902.70318331426,1779.4585450028535,107507.27026700042,5701.347513697922
1783298267,2000,,Aggregated,234.700000,0.000000,6500,10000,12000,19000,62000,84000,95000,101000,107000,107000,108000,19615,0,6500.0,17745.460050512986,1779.4585450028535,107507.27026700042,5716.864491460617
1783298268,2000,,Aggregated,233.300000,0.000000,6500,10000,12000,17000,62000,84000,95000,101000,107000,107000,108000,19826,0,6500.0,17618.830392347223,1779.4585450028535,107507.27026700042,5700.894784626248
1783298269,2000,,Aggregated,234.700000,0.000000,6500,10000,12000,16000,61000,84000,95000,100000,107000,107000,108000,20061,0,6500.0,17486.999153243014,1779.4585450028535,107507.27026700042,5709.422411644484
1783298270,2000,,Aggregated,236.900000,0.000000,6500,10000,11000,15000,61000,84000,95000,99000,107000,107000,108000,20290,0,6500.0,17359.590623302633,1779.4585450028535,107507.27026700042,5710.513307047807
1783298271,2000,,Aggregated,238.700000,0.000000,6400,10000,11000,14000,60000,84000,95000,98000,107000,107000,108000,20542,0,6400.0,17226.679184229837,1779.4585450028535,107507.27026700042,5706.206552429169
1783298272,2000,,Aggregated,233.400000,0.000000,6400,9900,11000,14000,60000,84000,95000,98000,107000,107000,108000,20790,0,6400.0,17094.36404238323,1779.4585450028535,107507.27026700042,5707.3924963924965
1783298273,2000,,Aggregated,221.500000,0.000000,6400,9900,11000,13000,59000,83000,95000,98000,107000,107000,108000,21063,0,6400.0,16951.923387180534,1779.4585450028535,107507.27026700042,5700.50382186773
1783298274,2000,,Aggregated,237.900000,0.000000,6300,9900,11000,13000,59000,83000,95000,98000,107000,107000,108000,21286,0,6300.0,16837.21547970454,1779.4585450028535,107507.27026700042,5692.094146387297
1783298275,2000,,Aggregated,246.200000,0.000000,6300,9800,11000,13000,59000,83000,95000,98000,107000,107000,108000,21538,0,6300.0,16715.2171819864,1779.4585450028535,107507.27026700042,5706.094577026651
1783298276,2000,,Aggregated,238.200000,0.000000,6300,9800,11000,13000,58000,83000,95000,98000,107000,107000,108000,21773,1,6300.0,16600.714151868116,1779.4585450028535,107507.27026700042,5710.652597253479
1783298277,2000,,Aggregated,243.500000,0.000000,6300,9700,11000,13000,58000,83000,95000,98000,107000,107000,108000,22014,1,6300.0,16483.185482697758,1779.4585450028535,107507.27026700042,5707.480330698646
1783298278,2000,,Aggregated,239.700000,0.000000,6200,9700,11000,12000,57000,83000,95000,98000,107000,107000,108000,22208,1,6200.0,16391.587511149064,1779.4585450028535,107507.27026700042,5707.435383645533
1783298279,2000,,Aggregated,239.700000,0.000000,6200,9700,11000,12000,57000,83000,95000,98000,107000,107000,108000,22313,1,6200.0,16342.4350284625,1779.4585450028535,107507.27026700042,5704.8220768162055
1783298280,2000,,Aggregated,238.400000,0.100000,6200,9600,11000,12000,56000,82000,95000,98000,107000,107000,108000,22713,1,6200.0,16167.824498746819,1779.4585450028535,107507.27026700042,5706.878923964249
1783298281,2000,,Aggregated,232.500000,0.100000,6200,9600,11000,12000,55000,81000,95000,98000,107000,107000,108000,22972,1,6200.0,16057.81942187752,1779.4585450028535,107507.27026700042,5711.276728190841
1783298282,2000,,Aggregated,237.100000,0.100000,6100,9500,11000,12000,54000,81000,95000,98000,107000,107000,108000,23217,1,6100.0,15953.7978143152,1779.4585450028535,107507.27026700042,5711.69100228281
1783298283,2000,,Aggregated,254.000000,0.100000,6100,9500,11000,12000,54000,79000,95000,98000,107000,107000,108000,23451,1,6100.0,15860.031176108383,1779.4585450028535,107507.27026700042,5726.9639247793275
1783298284,2000,,Aggregated,235.900000,0.100000,6100,9500,11000,12000,54000,79000,95000,97000,107000,107000,108000,23664,1,6100.0,15769.139810167644,1779.4585450028535,107507.27026700042,5714.802358012171
1783298285,2000,,Aggregated,237.400000,0.100000,6100,9400,11000,12000,53000,78000,95000,97000,107000,107000,108000,23917,1,6100.0,15671.36733415216,1779.4585450028535,107507.27026700042,5728.21135593929
1783298286,2000,,Aggregated,232.200000,0.100000,6100,9400,11000,12000,52000,78000,95000,97000,107000,107000,108000,24153,1,6100.0,15577.967835578444,1779.4585450028535,107507.27026700042,5727.304641245394
1783298287,2000,,Aggregated,230.600000,0.100000,6100,9400,11000,12000,52000,78000,94000,97000,107000,107000,108000,24286,1,6100.0,15527.50712454777,1779.4585450028535,107507.27026700042,5732.005723462077
1783298288,2000,,Aggregated,235.500000,0.100000,6100,9400,11000,12000,51000,76000,94000,97000,107000,107000,108000,24621,1,6100.0,15402.260306930191,1779.4585450028535,107507.27026700042,5735.3502294789005
1783298289,2000,,Aggregated,232.500000,0.000000,6100,9400,11000,12000,50000,76000,94000,97000,107000,107000,108000,24811,1,6100.0,15333.692284599741,1779.4585450028535,107507.27026700042,5733.314699125388
1783298290,2000,,Aggregated,233.900000,0.000000,6000,9300,10000,12000,49000,76000,94000,97000,107000,107000,108000,25053,1,6000.0,15249.513058111203,1779.4585450028535,107507.27026700042,5734.771284876063
1783298291,2000,,Aggregated,235.600000,0.000000,6000,9300,10000,12000,49000,75000,94000,97000,107000,107000,108000,25298,1,6000.0,15165.76530823352,1779.4585450028535,107507.27026700042,5733.688078108941
1783298292,2000,,Aggregated,229.300000,0.000000,6000,9300,10000,11000,47000,75000,94000,97000,107000,107000,108000,25560,1,6000.0,15076.090953249473,1779.4585450028535,107507.27026700042,5737.660093896714
1783298293,2000,,Aggregated,226.400000,0.000000,6000,9300,10000,11000,46000,75000,94000,97000,107000,107000,108000,25757,1,6000.0,15008.959430283026,1779.4585450028535,107507.27026700042,5731.6539581473
1783298294,2000,,Aggregated,231.500000,0.000000,6000,9300,10000,11000,46000,75000,94000,97000,107000,107000,108000,25997,1,6000.0,14931.674470439635,1779.4585450028535,107507.27026700042,5738.993806977728
1783298295,2000,,Aggregated,226.700000,0.000000,6000,9300,10000,11000,45000,75000,94000,96000,107000,107000,108000,26238,1,6000.0,14856.889295759776,1779.4585450028535,107507.27026700042,5745.158853571156
1783298296,2000,,Aggregated,230.000000,0.000000,6000,9200,10000,11000,45000,75000,94000,96000,107000,107000,108000,26361,1,6000.0,14818.677650530444,1779.4585450028535,107507.27026700042,5748.491256022154
1783298297,2000,,Aggregated,226.100000,0.000000,6000,9200,10000,11000,45000,74000,94000,96000,107000,107000,108000,26767,1,6000.0,14691.72867290658,1779.4585450028535,107507.27026700042,5748.993387379983
1783298298,2000,,Aggregated,228.300000,0.000000,6000,9200,10000,11000,45000,74000,94000,96000,107000,107000,108000,27035,1,6000.0,14608.923725434193,1779.4585450028535,107507.27026700042,5755.3399297207325
1783298299,2000,,Aggregated,218.600000,0.000000,6000,9200,10000,11000,44000,74000,94000,96000,107000,107000,108000,27242,1,6000.0,14545.935019399429,1779.4585450028535,107507.27026700042,5757.884002642978
1783298300,2000,,Aggregated,231.500000,0.000000,6000,9200,10000,11000,44000,74000,93000,96000,107000,107000,108000,27529,1,6000.0,14461.926892420364,1779.4585450028535,107507.27026700042,5772.221693486868
1783298301,2000,,Aggregated,237.600000,0.000000,5900,9100,10000,11000,44000,74000,93000,96000,107000,107000,108000,27751,1,5900.0,14392.772618760702,1779.4585450028535,107507.27026700042,5765.190515657094
1783298302,2000,,Aggregated,238.200000,0.000000,5900,9100,10000,11000,44000,74000,93000,96000,107000,107000,108000,28009,1,5900.0,14314.712703748246,1779.4585450028535,107507.27026700042,5762.053339997858
1783298303,2000,,Aggregated,242.400000,0.000000,5900,9100,10000,11000,44000,73000,93000,96000,107000,107000,108000,28203,1,5900.0,14255.950552363722,1779.4585450028535,107507.27026700042,5755.703187604156
1783298304,2000,,Aggregated,236.300000,0.000000,5900,9100,10000,11000,43000,73000,93000,96000,107000,107000,108000,28433,1,5900.0,14189.839893555629,1779.4585450028535,107507.27026700042,5759.258432103542
1783298306,2000,,Aggregated,238.100000,0.000000,5900,9100,10000,11000,43000,73000,93000,96000,107000,107000,108000,28524,1,5900.0,14165.028499149941,1779.4585450028535,107507.27026700042,5760.158077408498
1783298307,2000,,Aggregated,240.800000,0.000000,5900,9000,10000,11000,43000,73000,92000,96000,107000,107000,108000,28936,1,5900.0,14053.31531237422,1779.4585450028535,107507.27026700042,5759.4719035111975
1783298308,2000,,Aggregated,221.800000,0.000000,5900,9000,10000,11000,42000,73000,92000,96000,107000,107000,108000,29182,1,5900.0,13987.611604536221,1779.4585450028535,107507.27026700042,5760.580563360976
1783298309,2000,,Aggregated,248.700000,0.000000,5900,9000,10000,11000,42000,73000,92000,96000,107000,107000,108000,29394,1,5900.0,13933.091402384256,1779.4585450028535,107507.27026700042,5764.055725658298
1783298310,2000,,Aggregated,237.300000,0.000000,5900,9000,10000,11000,41000,72000,92000,96000,107000,107000,108000,29680,1,5900.0,13864.410044181177,1779.4585450028535,107507.27026700042,5785.903402964959
1783298311,2000,,Aggregated,233.200000,0.000000,5900,8900,10000,11000,40000,72000,92000,96000,107000,107000,108000,29925,1,5900.0,13797.10209870865,1779.4585450028535,107507.27026700042,5767.464227234754
1783298312,2000,,Aggregated,240.800000,0.000000,5900,8900,10000,11000,39000,72000,92000,96000,107000,107000,108000,30208,1,5900.0,13725.833247214225,1779.4585450028535,107507.27026700042,5777.4217425847455
1783298313,2000,,Aggregated,235.700000,0.000000,5800,8900,9900,11000,38000,72000,92000,96000,107000,107000,108000,30447,1,5800.0,13663.294591063564,1779.4585450028535,107507.27026700042,5771.188425789076
1783298314,2000,,Aggregated,241.800000,0.000000,5800,8900,9900,11000,37000,71000,92000,96000,107000,107000,108000,30682,1,5800.0,13603.397015597928,1779.4585450028535,107507.27026700042,5767.329346196467
1783298315,2000,,Aggregated,241.800000,0.000000,5800,8900,9900,11000,37000,71000,92000,96000,107000,107000,108000,30792,1,5800.0,13575.367425024278,1779.4585450028535,107507.27026700042,5766.383313847753
1783298316,2000,,Aggregated,245.300000,0.000000,5800,8800,9900,11000,36000,71000,92000,96000,107000,107000,108000,31236,1,5800.0,13468.272279633988,1779.4585450028535,107507.27026700042,5764.205468049686
1783298317,2000,,Aggregated,235.500000,0.000000,5800,8800,9900,11000,35000,71000,92000,96000,107000,107000,108000,31468,1,5800.0,13411.221294314582,1779.4585450028535,107507.27026700042,5761.979502987161
1783298318,2000,,Aggregated,262.600000,0.000000,5800,8700,9800,11000,35000,71000,91000,95000,107000,107000,108000,31681,1,5800.0,13359.960989103029,1779.4585450028535,107507.27026700042,5756.243868564755
1783298319,2000,,Aggregated,247.300000,0.000000,5800,8700,9800,10000,35000,71000,91000,95000,107000,107000,108000,31983,1,5800.0,13291.128369909242,1779.4585450028535,107507.27026700042,5766.438076478129
1783298320,2000,,Aggregated,245.100000,0.000000,5800,8700,9800,10000,34000,71000,91000,95000,107000,107000,108000,32205,1,5800.0,13238.462894071865,1779.4585450028535,107507.27026700042,5757.7083061636395
1783298321,2000,,Aggregated,253.300000,0.000000,5800,8600,9800,10000,34000,71000,91000,95000,107000,107000,108000,32453,1,5800.0,13181.88811239628,1779.4585450028535,107507.27026700042,5755.757526268758
1783298322,2000,,Aggregated,245.500000,0.000000,5800,8600,9800,10000,34000,71000,91000,95000,107000,107000,108000,32717,1,5800.0,13122.791581392908,1779.4585450028535,107507.27026700042,5759.263104807898
1783298323,2000,,Aggregated,246.300000,0.000000,5800,8600,9700,10000,34000,71000,91000,95000,107000,107000,108000,32955,1,5800.0,13069.356057519672,1779.4585450028535,107507.27026700042,5754.798482779548
1783298324,2000,,Aggregated,245.300000,0.000000,5800,8500,9700,10000,33000,71000,91000,95000,107000,107000,108000,33145,1,5800.0,13027.83314938187,1779.4585450028535,107507.27026700042,5756.971700105597
1783298325,2000,,Aggregated,245.200000,0.000000,5700,8500,9700,10000,33000,70000,89000,95000,107000,107000,108000,33594,1,5700.0,12934.711318975242,1779.4585450028535,107507.27026700042,5755.304578198487
1783298326,2000,,Aggregated,246.600000,0.000000,5700,8500,9700,10000,32000,69000,89000,95000,107000,107000,108000,33862,1,5700.0,12878.678293069128,1779.4585450028535,107507.27026700042,5758.515592699781
1783298327,2000,,Aggregated,251.400000,0.000000,5700,8400,9700,10000,32000,69000,89000,95000,107000,107000,108000,34090,1,5700.0,12832.254712940236,1779.4585450028535,107507.27026700042,5763.360633616897
1783298328,2000,,Aggregated,249.200000,0.000000,5700,8400,9600,10000,31000,68000,88000,95000,107000,107000,108000,34366,1,5700.0,12776.190176265365,1779.4585450028535,107507.27026700042,5770.287580748414
1783298329,2000,,Aggregated,249.300000,0.000000,5700,8300,9600,10000,31000,68000,88000,95000,107000,107000,108000,34578,1,5700.0,12730.893901442232,1779.4585450028535,107507.27026700042,5761.4556943721445
1783298330,2000,,Aggregated,250.500000,0.000000,5700,8300,9600,10000,31000,67000,88000,95000,107000,107000,108000,34814,1,5700.0,12684.467155503187,1779.4585450028535,107507.27026700042,5761.800511288562
1783298331,2000,,Aggregated,247.700000,0.000000,5700,8200,9600,10000,30000,66000,88000,95000,107000,107000,108000,35071,1,5700.0,12633.856720272846,1779.4585450028535,107507.27026700042,5761.5300675772005
1783298332,2000,,Aggregated,249.200000,0.000000,5700,8200,9600,10000,30000,65000,88000,95000,107000,107000,108000,35298,1,5700.0,12590.286690484538,1779.4585450028535,107507.27026700042,5758.832200124653
1783298334,2000,,Aggregated,246.800000,0.000000,5700,8200,9600,10000,30000,65000,88000,95000,107000,107000,108000,35501,1,5700.0,12551.352254571331,1779.4585450028535,107507.27026700042,5751.989577758373
1783298335,2000,,Aggregated,244.700000,0.000000,5700,8100,9500,10000,27000,65000,88000,95000,107000,107000,108000,35958,1,5700.0,12473.79945527539,1779.4585450028535,107507.27026700042,5751.103593080817
1783298336,2000,,Aggregated,237.100000,0.000000,5700,8000,9500,10000,25000,64000,88000,95000,107000,107000,108000,36158,1,5700.0,12439.118191200996,1779.4585450028535,107507.27026700042,5747.685131921014
1783298337,2000,,Aggregated,242.500000,0.000000,5700,8000,9500,10000,24000,64000,88000,95000,107000,107000,108000,36430,1,5700.0,12394.606917241532,1779.4585450028535,107507.27026700042,5754.438567115015
1783298338,2000,,Aggregated,235.600000,0.000000,5700,8000,9500,10000,24000,64000,87000,95000,107000,107000,108000,36719,1,5700.0,12347.486183755553,1779.4585450028535,107507.27026700042,5767.627059560446
1783298339,2000,,Aggregated,234.200000,0.000000,5700,7900,9500,10000,24000,64000,87000,95000,107000,107000,108000,36911,1,5700.0,12311.915089921757,1779.4585450028535,107507.27026700042,5756.629324591585
1783298340,2000,,Aggregated,236.700000,0.000000,5700,7900,9500,10000,23000,64000,87000,95000,107000,107000,108000,37173,1,5700.0,12270.118648514772,1779.4585450028535,107507.27026700042,5757.562370537756
1783298341,2000,,Aggregated,237.900000,0.000000,5700,7900,9500,10000,23000,64000,87000,95000,107000,107000,108000,37434,1,5700.0,12226.315661730652,1779.4585450028535,107507.27026700042,5758.588315435166
1783298342,2000,,Aggregated,235.700000,0.000000,5700,7800,9500,10000,22000,63000,87000,95000,107000,107000,108000,37638,1,5700.0,12192.284689324897,1779.4585450028535,107507.27026700042,5756.283835485414
1783298343,2000,,Aggregated,238.500000,0.000000,5700,7700,9500,10000,22000,63000,87000,95000,107000,107000,108000,37848,1,5700.0,12158.106437472105,1779.4585450028535,107507.27026700042,5753.461081166773
1783298345,2000,,Aggregated,237.100000,0.000000,5700,7700,9500,10000,21000,63000,87000,95000,107000,107000,108000,37949,1,5700.0,12142.323336596017,1779.4585450028535,107507.27026700042,5753.956942211916
1783298346,2000,,Aggregated,239.000000,0.000000,5700,7700,9400,10000,21000,63000,87000,95000,107000,107000,108000,38412,1,5700.0,12074.625946659808,1779.4585450028535,107507.27026700042,5754.555685723211
1783298347,2000,,Aggregated,221.700000,0.000000,5700,7600,9400,10000,20000,62000,87000,95000,107000,107000,108000,38655,1,5700.0,12037.2488385908,1779.4585450028535,107507.27026700042,5752.807062475747
1783298348,2000,,Aggregated,237.400000,0.000000,5600,7600,9400,10000,20000,62000,87000,95000,107000,107000,108000,38883,1,5600.0,12003.628254157198,1779.4585450028535,107507.27026700042,5752.375408276111
1783298349,2000,,Aggregated,237.300000,0.000000,5600,7600,9400,10000,19000,62000,87000,95000,107000,107000,108000,39178,1,5600.0,11964.143284700927,1779.4585450028535,107507.27026700042,5771.546965133493
1783298350,2000,,Aggregated,235.400000,0.000000,5600,7500,9400,9900,19000,62000,87000,95000,107000,107000,108000,39387,1,5600.0,11931.433042079983,1779.4585450028535,107507.27026700042,5764.571051362124
1783298351,2000,,Aggregated,237.200000,0.000000,5600,7500,9400,9900,17000,62000,87000,95000,107000,107000,108000,39654,1,5600.0,11892.97079359497,1779.4585450028535,107507.27026700042,5773.030387854946
1783298352,2000,,Aggregated,237.300000,0.000000,5600,7500,9400,9900,17000,61000,87000,95000,107000,107000,108000,39899,1,5600.0,11855.64212195484,1779.4585450028535,107507.27026700042,5774.522394044963
1783298353,2000,,Aggregated,237.800000,0.000000,5600,7500,9400,9900,16000,61000,86000,95000,107000,107000,108000,40140,1,5600.0,11818.156637042455,1779.4585450028535,107507.27026700042,5769.3518435475835
1783298354,2000,,Aggregated,235.500000,0.000000,5600,7400,9400,9900,16000,61000,86000,95000,107000,107000,108000,40414,1,5600.0,11778.334867318255,1779.4585450028535,107507.27026700042,5768.341663779878
1783298355,2000,,Aggregated,235.500000,0.000000,5600,7400,9400,9900,15000,61000,86000,95000,107000,107000,108000,40588,1,5600.0,11753.311990678332,1779.4585450028535,107507.27026700042,5769.7242781117575
1783298356,2000,,Aggregated,245.000000,0.000000,5600,7400,9400,9900,14000,60000,86000,95000,107000,107000,108000,41061,1,5600.0,11687.054957321929,1779.4585450028535,107507.27026700042,5772.671781008743
1783298357,2000,,Aggregated,264.000000,0.000000,5600,7300,9300,9800,14000,60000,86000,95000,107000,107000,108000,41319,1,5600.0,11649.036365476275,1779.4585450028535,107507.27026700042,5769.723734843535
1783298358,2000,,Aggregated,250.900000,0.000000,5600,7300,9300,9800,14000,60000,86000,95000,107000,107000,108000,41547,1,5600.0,11617.030270700192,1779.4585450028535,107507.27026700042,5771.203889570847
1783298359,2000,,Aggregated,252.700000,0.000000,5600,7300,9300,9800,14000,60000,86000,95000,107000,107000,108000,41809,1,5600.0,11580.03677929871,1779.4585450028535,107507.27026700042,5776.073142146428
1783298360,2000,,Aggregated,255.100000,0.000000,5600,7300,9300,9800,13000,59000,86000,95000,107000,107000,108000,42062,1,5600.0,11543.074254226065,1779.4585450028535,107507.27026700042,5772.545575578907
1783298361,2000,,Aggregated,254.000000,0.000000,5600,7200,9300,9800,13000,59000,86000,95000,107000,107000,108000,42325,1,5600.0,11505.529216710513,1779.4585450028535,107507.27026700042,5769.482102776137
1783298362,2000,,Aggregated,252.800000,0.000000,5600,7200,9300,9800,13000,59000,86000,95000,107000,107000,108000,42579,1,5600.0,11470.092767780254,1779.4585450028535,107507.27026700042,5765.42070034524
1783298363,2000,,Aggregated,252.600000,0.000000,5600,7200,9300,9800,13000,59000,86000,95000,107000,107000,108000,42858,1,5600.0,11431.84060044527,1779.4585450028535,107507.27026700042,5764.806337206589
1783298364,2000,,Aggregated,255.300000,0.000000,5600,7200,9300,9800,13000,59000,86000,95000,107000,107000,108000,43074,1,5600.0,11403.054793129242,1779.4585450028535,107507.27026700042,5764.8852439986995
1783298366,2000,,Aggregated,256.200000,0.000000,5600,7200,9300,9700,13000,59000,86000,95000,107000,107000,108000,43177,1,5600.0,11388.854861578662,1779.4585450028535,107507.27026700042,5763.413808277555
1783298367,2000,,Aggregated,256.400000,0.000000,5600,7100,9200,9700,13000,58000,85000,95000,107000,107000,108000,43679,1,5600.0,11325.671181659518,1779.4585450028535,107507.27026700042,5761.641063211154
1783298368,2000,,Aggregated,229.700000,0.000000,5600,7100,9200,9700,13000,58000,85000,95000,107000,107000,108000,43959,1,5600.0,11290.519501024886,1779.4585450028535,107507.27026700042,5766.325735344298
1783298369,2000,,Aggregated,255.000000,0.000000,5600,7100,9200,9700,13000,57000,85000,95000,107000,107000,108000,44189,1,5600.0,11261.584048321998,1779.4585450028535,107507.27026700042,5766.557582203716
1783298370,2000,,Aggregated,256.100000,0.000000,5600,7100,9200,9700,12000,57000,85000,95000,107000,107000,108000,44472,1,5600.0,11226.736037825216,1779.4585450028535,107507.27026700042,5772.552459974816
1783298371,2000,,Aggregated,249.400000,0.000000,5600,7000,9200,9700,12000,57000,85000,95000,107000,107000,108000,44730,1,5600.0,11192.704834911376,1779.4585450028535,107507.27026700042,5768.4273641851105
1783298372,2000,,Aggregated,257.900000,0.000000,5500,7000,9200,9700,12000,57000,85000,95000,107000,107000,108000,45026,1,5500.0,11153.866413114289,1779.4585450028535,107507.27026700042,5766.604783902634
1783298373,2000,,Aggregated,258.700000,0.000000,5500,7000,9100,9700,12000,56000,85000,95000,107000,107000,108000,45233,1,5500.0,11127.246183215235,1779.4585450028535,107507.27026700042,5766.106913094422
1783298374,2000,,Aggregated,261.700000,0.000000,5500,7000,9100,9600,12000,56000,85000,95000,107000,107000,108000,45448,1,5500.0,11099.91117035028,1779.4585450028535,107507.27026700042,5760.447082379863
1783298375,2000,,Aggregated,256.200000,0.000000,5500,7000,9100,9600,12000,56000,85000,95000,107000,107000,108000,45698,1,5500.0,11070.811293648114,1779.4585450028535,107507.27026700042,5761.92680204823
1783298376,2000,,Aggregated,256.200000,0.000000,5500,7000,9100,9600,12000,55000,85000,95000,107000,107000,108000,45846,1,5500.0,11053.741867737432,1779.4585450028535,107507.27026700042,5762.386773109977
1783298377,2000,,Aggregated,253.000000,0.000000,5500,6900,9100,9600,12000,55000,85000,95000,107000,107000,108000,46270,1,5500.0,11008.28126860452,1779.4585450028535,107507.27026700042,5760.032375189107
1783298378,2000,,Aggregated,266.900000,0.000000,5500,6900,9100,9600,12000,54000,85000,95000,107000,107000,108000,46518,1,5500.0,10982.036813625438,1779.4585450028535,107507.27026700042,5758.706608194678
1783298379,2000,,Aggregated,244.100000,0.000000,5500,6900,9100,9600,12000,54000,85000,95000,107000,107000,108000,46721,1,5500.0,10962.573520443715,1779.4585450028535,107507.27026700042,5762.843475096852
1783298380,2000,,Aggregated,242.100000,0.000000,5500,6900,9100,9600,12000,54000,85000,95000,107000,107000,108000,47041,1,5500.0,10934.226841259939,1779.4585450028535,107507.27026700042,5776.094832167683
1783298381,2000,,Aggregated,243.600000,0.000000,5500,6900,9100,9600,12000,54000,85000,95000,107000,107000,108000,47241,1,5500.0,10911.574725163375,1779.4585450028535,107507.27026700042,5765.857094473021
1783298382,2000,,Aggregated,236.700000,0.000000,5500,6900,9100,9600,12000,54000,85000,95000,107000,107000,108000,47538,1,5500.0,10881.291067070191,1779.4585450028535,107507.27026700042,5768.941183894989
1783298383,2000,,Aggregated,237.900000,0.000000,5500,6900,9100,9600,12000,53000,85000,95000,107000,107000,108000,47807,1,5500.0,10852.88210088321,1779.4585450028535,107507.27026700042,5769.908507122388
1783298384,2000,,Aggregated,233.600000,0.000000,5500,6900,9100,9600,12000,53000,85000,95000,106000,107000,108000,48044,1,5500.0,10827.532449560145,1779.4585450028535,107507.27026700042,5768.477832819915
1783298385,2000,,Aggregated,242.800000,0.000000,5500,6900,9100,9500,12000,52000,85000,95000,106000,107000,108000,48294,1,5500.0,10802.237438036214,1779.4585450028535,107507.27026700042,5770.988238704601
1783298386,2000,,Aggregated,245.600000,0.000000,5500,6800,9100,9500,12000,52000,84000,94000,106000,107000,108000,48557,1,5500.0,10774.930124657432,1779.4585450028535,107507.27026700042,5772.2121630248985
1783298388,2000,,Aggregated,244.700000,0.000000,5500,6800,9000,9500,12000,51000,84000,94000,106000,107000,108000,48790,1,5500.0,10749.381905033333,1779.4585450028535,107507.27026700042,5765.334474277516
1783298389,2000,,Aggregated,250.900000,0.000000,5500,6800,9000,9500,12000,50000,84000,94000,106000,107000,108000,49284,1,5500.0,10702.521228109441,1779.4585450028535,107507.27026700042,5765.22240483727
1783298390,2000,,Aggregated,242.200000,0.000000,5500,6800,9000,9500,12000,50000,84000,94000,106000,107000,108000,49533,1,5500.0,10678.029620624478,1779.4585450028535,107507.27026700042,5763.92992550421
1783298391,2000,,Aggregated,248.000000,0.000000,5500,6800,9000,9500,12000,49000,84000,94000,106000,107000,108000,49761,1,5500.0,10656.35129120969,1779.4585450028535,107507.27026700042,5761.849279556279
1783298393,2000,,Aggregated,252.000000,0.000000,5500,6800,9000,9500,12000,49000,84000,94000,106000,107000,108000,50141,1,5500.0,10620.085513751503,1779.4585450028535,107507.27026700042,5762.477852456074
1783298394,2000,,Aggregated,241.100000,0.000000,5500,6800,9000,9500,12000,49000,84000,94000,106000,107000,108000,50422,1,5500.0,10593.48686045315,1779.4585450028535,107507.27026700042,5766.126274245369
1783298395,2000,,Aggregated,245.600000,0.000000,5500,6700,9000,9500,12000,48000,84000,94000,106000,107000,108000,50652,1,5500.0,10570.744637022935,1779.4585450028535,107507.27026700042,5765.291025033563
1783298396,2000,,Aggregated,246.900000,0.000000,5500,6700,9000,9500,12000,48000,84000,94000,106000,107000,108000,50904,1,5500.0,10546.475965579,1779.4585450028535,107507.27026700042,5766.410380323747
1783298397,2000,,Aggregated,247.800000,0.000000,5500,6700,9000,9500,11000,47000,84000,94000,106000,107000,108000,51120,1,5500.0,10524.346318931854,1779.4585450028535,107507.27026700042,5759.126604068858
1783298398,2000,,Aggregated,249.200000,0.000000,5500,6700,9000,9400,11000,46000,84000,94000,106000,107000,108000,51381,1,5500.0,10501.128295883153,1779.4585450028535,107507.27026700042,5762.400576088437
1783298399,2000,,Aggregated,243.600000,0.000000,5500,6700,8900,9400,11000,46000,84000,94000,106000,107000,108000,51623,1,5500.0,10480.28186707207,1779.4585450028535,107507.27026700042,5764.620808554327
1783298400,2000,,Aggregated,243.600000,0.000000,5500,6700,8900,9400,11000,46000,84000,94000,106000,107000,108000,51657,1,5500.0,10477.473285183913,1779.4585450028535,107507.27026700042,5765.830361809629
1783298401,2000,,Aggregated,247.600000,0.000000,5500,6700,8900,9400,11000,46000,84000,94000,106000,107000,108000,52142,1,5500.0,10438.699096133289,1779.4585450028535,107507.27026700042,5763.11121552683
1783298402,2000,,Aggregated,228.800000,0.000000,5500,6700,8900,9400,11000,45000,84000,94000,106000,107000,108000,52407,1,5500.0,10417.308488904597,1779.4585450028535,107507.27026700042,5764.2666246875415
1783298403,2000,,Aggregated,237.600000,0.000000,5500,6700,8900,9400,11000,45000,83000,94000,106000,107000,108000,52645,1,5500.0,10398.94392191269,1779.4585450028535,107507.27026700042,5768.313629024598
1783298404,2000,,Aggregated,249.500000,0.000000,5500,6700,8900,9400,11000,45000,83000,94000,106000,107000,108000,52898,1,5500.0,10379.830944923337,1779.4585450028535,107507.27026700042,5781.132178910356
1783298405,2000,,Aggregated,241.800000,0.000000,5500,6700,8900,9400,11000,45000,83000,94000,106000,107000,108000,53103,1,5500.0,10360.314565017034,1779.4585450028535,107507.27026700042,5773.996083083818
1783298406,2000,,Aggregated,245.500000,0.000000,5500,6700,8900,9400,11000,45000,83000,94000,106000,107000,108000,53343,1,5500.0,10341.068440458985,1779.4585450028535,107507.27026700042,5774.687306675665
1783298407,2000,,Aggregated,238.400000,0.000000,5500,6700,8900,9400,11000,45000,83000,94000,106000,107000,108000,53595,1,5500.0,10319.303072594326,1779.4585450028535,107507.27026700042,5771.1933016139565
1783298408,2000,,Aggregated,234.600000,0.000000,5500,6600,8900,9400,11000,45000,83000,94000,106000,107000,108000,53837,1,5500.0,10299.73170379247,1779.4585450028535,107507.27026700042,5769.821461076955
1783298409,2000,,Aggregated,239.500000,0.000000,5500,6600,8900,9400,11000,45000,83000,94000,106000,107000,108000,54087,1,5500.0,10280.133604847462,1779.4585450028535,107507.27026700042,5768.691071791743
1783298410,2000,,Aggregated,238.400000,0.000000,5500,6600,8900,9400,11000,44000,83000,94000,106000,107000,108000,54327,1,5500.0,10262.337953844373,1779.4585450028535,107507.27026700042,5770.784858357722
1783298412,2000,,Aggregated,236.900000,0.000000,5500,6600,8900,9400,11000,44000,83000,93000,106000,107000,108000,54653,1,5500.0,10238.67364057989,1779.4585450028535,107507.27026700042,5769.098384352185
1783298413,2000,,Aggregated,233.200000,0.000000,5500,6600,8900,9400,11000,44000,83000,93000,106000,107000,108000,55191,1,5500.0,10200.132394751456,1779.4585450028535,107507.27026700042,5770.265405591492
1783298414,2000,,Aggregated,239.700000,0.000000,5500,6600,8900,9400,11000,44000,83000,93000,106000,107000,108000,55475,1,5500.0,10178.798286991712,1779.4585450028535,107507.27026700042,5777.31313204146
1783298415,2000,,Aggregated,215.200000,0.000000,5500,6600,8900,9400,11000,44000,83000,93000,106000,107000,108000,55801,1,5500.0,10153.774934332054,1779.4585450028535,107507.27026700042,5788.9139621153745
1783298416,2000,,Aggregated,239.500000,0.000000,5500,6600,8900,9300,11000,44000,83000,93000,106000,107000,108000,55994,1,5500.0,10134.216387825449,1779.4585450028535,107507.27026700042,5776.997624745509
1783298417,2000,,Aggregated,250.000000,0.000000,5500,6600,8800,9300,11000,44000,82000,93000,106000,107000,108000,56248,1,5500.0,10112.066358143118,1779.4585450028535,107507.27026700042,5777.126404494382
1783298418,2000,,Aggregated,260.700000,0.000000,5500,6600,8800,9300,11000,44000,82000,93000,106000,107000,108000,56461,1,5500.0,10094.100823177498,1779.4585450028535,107507.27026700042,5775.5432953720265
1783298419,2000,,Aggregated,255.200000,0.000000,5400,6600,8800,9300,11000,44000,82000,93000,106000,107000,108000,56656,1,5400.0,10077.247349577283,1779.4585450028535,107507.27026700042,5770.927792290314
1783298420,2000,,Aggregated,256.300000,0.000000,5400,6600,8800,9300,11000,43000,82000,93000,106000,107000,108000,56874,1,5400.0,10060.07316524266,1779.4585450028535,107507.27026700042,5768.510180398776
1783298421,2000,,Aggregated,254.200000,0.000000,5400,6600,8800,9300,11000,43000,82000,93000,106000,107000,108000,57084,1,5400.0,10044.722959781293,1779.4585450028535,107507.27026700042,5767.64019690281
1783298422,2000,,Aggregated,247.500000,0.000000,5400,6500,8800,9300,11000,43000,82000,92000,106000,107000,108000,57319,1,5400.0,10029.09156425076,1779.4585450028535,107507.27026700042,5768.7807533278665
1783298423,2000,,Aggregated,256.000000,0.000000,5400,6500,8800,9300,11000,43000,81000,92000,106000,107000,108000,57593,1,5400.0,10011.125177975939,1779.4585450028535,107507.27026700042,5768.487819700311
1783298425,2000,,Aggregated,244.100000,0.000000,5400,6500,8800,9300,11000,43000,81000,92000,106000,107000,108000,57661,1,5400.0,10006.787775606588,1779.4585450028535,107507.27026700042,5768.1793239798135
1783298426,2000,,Aggregated,239.500000,0.000000,5500,6500,8800,9300,11000,43000,79000,92000,106000,107000,108000,58261,1,5500.0,9973.872101650002,1779.4585450028535,107507.27026700042,5773.471601929249
1783298427,2000,,Aggregated,217.000000,0.000000,5500,6500,8800,9300,11000,42000,79000,92000,106000,107000,108000,58537,1,5500.0,9956.630880857572,1779.4585450028535,107507.27026700042,5778.396655107026
1783298428,2000,,Aggregated,227.100000,0.000000,5500,6600,8800,9300,11000,42000,79000,92000,106000,107000,108000,58846,1,5500.0,9939.519295624157,1779.4585450028535,107507.27026700042,5800.787462189443
1783298429,2000,,Aggregated,236.000000,0.000000,5400,6500,8800,9300,11000,41000,79000,92000,106000,107000,108000,59058,1,5400.0,9919.842351254578,1779.4585450028535,107507.27026700042,5788.559009786989
1783298430,2000,,Aggregated,239.400000,0.000000,5400,6500,8800,9300,11000,41000,79000,92000,106000,107000,108000,59324,1,5400.0,9899.883026383364,1779.4585450028535,107507.27026700042,5792.462746948958
1783298431,2000,,Aggregated,244.300000,0.000000,5400,6500,8800,9300,11000,41000,79000,92000,106000,107000,108000,59563,1,5400.0,9880.721655535186,1779.4585450028535,107507.27026700042,5791.10592146131
1783298432,2000,,Aggregated,251.100000,0.000000,5400,6500,8800,9300,11000,40000,78000,92000,106000,107000,108000,59812,1,5400.0,9861.366464802359,1779.4585450028535,107507.27026700042,5790.984267371096
1783298433,2000,,Aggregated,253.600000,0.000000,5400,6500,8800,9300,11000,40000,78000,92000,106000,107000,108000,60053,1,5400.0,9842.635546647782,1779.4585450028535,107507.27026700042,5788.845303315405
1783298434,2000,,Aggregated,257.500000,0.000000,5400,6500,8800,9300,11000,39000,78000,92000,106000,107000,108000,60302,1,5400.0,9824.929580397878,1779.4585450028535,107507.27026700042,5790.006235282412
1783298435,2000,,Aggregated,257.700000,0.000000,5400,6500,8700,9300,11000,38000,78000,92000,106000,107000,108000,60525,1,5400.0,9809.6257861417,1779.4585450028535,107507.27026700042,5790.737992565056
1783298437,2000,,Aggregated,254.600000,0.000000,5400,6500,8700,9200,11000,38000,78000,92000,106000,107000,108000,60740,1,5400.0,9795.257944252802,1779.4585450028535,107507.27026700042,5789.862117220941
1783298438,2000,,Aggregated,255.500000,0.000000,5400,6500,8700,9200,11000,37000,77000,92000,106000,107000,108000,61333,1,5400.0,9763.190026047094,1779.4585450028535,107507.27026700042,5791.565421551204
1783298439,2000,,Aggregated,237.000000,0.000000,5400,6500,8700,9200,11000,37000,76000,92000,106000,107000,108000,61578,1,5400.0,9748.732855423406,1779.4585450028535,107507.27026700042,5793.896180454059
1783298440,2000,,Aggregated,228.200000,0.000000,5400,6500,8700,9200,11000,37000,76000,92000,106000,107000,108000,61899,1,5400.0,9731.94589616382,1779.4585450028535,107507.27026700042,5809.8937139533755
1783298441,2000,,Aggregated,247.200000,0.000000,5400,6500,8700,9200,11000,36000,76000,92000,106000,107000,108000,62072,1,5400.0,9717.625808321714,1779.4585450028535,107507.27026700042,5799.0128721484725
1783298442,2000,,Aggregated,245.400000,0.000000,5400,6500,8700,9200,11000,36000,76000,92000,106000,107000,108000,62328,1,5400.0,9700.07869112468,1779.4585450028535,107507.27026700042,5798.224810678988
1783298443,2000,,Aggregated,252.900000,0.000000,5400,6500,8700,9200,11000,36000,76000,92000,106000,107000,108000,62578,1,5400.0,9682.75857324413,1779.4585450028535,107507.27026700042,5795.823356451149
1783298444,2000,,Aggregated,246.100000,0.000000,5400,6500,8700,9200,11000,36000,75000,92000,106000,107000,108000,62818,1,5400.0,9665.23982825649,1779.4585450028535,107507.27026700042,5792.311121016269
1783298445,2000,,Aggregated,246.800000,0.000000,5400,6500,8700,9200,11000,35000,75000,91000,106000,107000,108000,63104,1,5400.0,9646.707981677746,1779.4585450028535,107507.27026700042,5792.5168135141985
1783298446,2000,,Aggregated,247.900000,0.000000,5400,6500,8700,9200,11000,35000,75000,91000,106000,107000,108000,63352,1,5400.0,9630.992227037275,1779.4585450028535,107507.27026700042,5793.209496148504
1783298447,2000,,Aggregated,248.200000,0.000000,5400,6500,8700,9200,11000,35000,75000,91000,106000,107000,108000,63594,1,5400.0,9616.273933302307,1779.4585450028535,107507.27026700042,5793.2078340723965
1783298448,2000,,Aggregated,251.500000,0.000000,5400,6400,8700,9200,11000,35000,75000,91000,106000,107000,108000,63828,1,5400.0,9602.138156624575,1779.4585450028535,107507.27026700042,5793.049461051576
1783298450,2000,,Aggregated,266.700000,0.000000,5400,6400,8700,9200,11000,35000,75000,91000,106000,107000,108000,63890,1,5400.0,9598.236110931493,1779.4585450028535,107507.27026700042,5791.638863671936
1783298451,2000,,Aggregated,248.600000,0.000000,5400,6400,8700,9200,11000,34000,75000,91000,106000,107000,108000,64449,1,5400.0,9568.970360025867,1779.4585450028535,107507.27026700042,5788.85276730438
1783298452,2000,,Aggregated,225.300000,0.000000,5400,6400,8700,9200,11000,34000,75000,91000,106000,107000,108000,64702,1,5400.0,9554.778146015338,1779.4585450028535,107507.27026700042,5787.148928935736
1783298453,2000,,Aggregated,241.100000,0.000000,5400,6400,8700,9200,11000,34000,75000,91000,106000,107000,108000,65040,1,5400.0,9539.526182986556,1779.4585450028535,107507.27026700042,5805.4376998769985
1783298454,2000,,Aggregated,246.600000,0.000000,5400,6400,8700,9200,11000,34000,75000,91000,106000,107000,108000,65224,1,5400.0,9525.987490035282,1779.4585450028535,107507.27026700042,5793.977799582975
1783298455,2000,,Aggregated,248.100000,0.000000,5400,6400,8600,9100,11000,34000,75000,91000,106000,107000,108000,65478,1,5400.0,9510.46954704605,1779.4585450028535,107507.27026700042,5793.417071382754
1783298456,2000,,Aggregated,252.000000,0.000000,5400,6400,8600,9100,10000,34000,75000,91000,106000,107000,108000,65712,1,5400.0,9496.264139467463,1779.4585450028535,107507.27026700042,5792.884298149501
1783298457,2000,,Aggregated,246.900000,0.000000,5400,6400,8600,9100,10000,33000,75000,91000,106000,107000,108000,65984,1,5400.0,9479.231496987033,1779.4585450028535,107507.27026700042,5790.521732541222
1783298458,2000,,Aggregated,246.400000,0.000000,5400,6400,8600,9100,10000,33000,75000,91000,106000,107000,108000,66238,1,5400.0,9463.14673865755,1779.4585450028535,107507.27026700042,5789.66759262055
1783298459,2000,,Aggregated,246.700000,0.000000,5400,6400,8600,9100,10000,33000,74000,91000,106000,107000,108000,66478,1,5400.0,9449.003433698346,1779.4585450028535,107507.27026700042,5787.175516712296
1783298460,2000,,Aggregated,252.100000,0.000000,5400,6400,8600,9100,10000,33000,74000,90000,106000,107000,108000,66739,1,5400.0,9434.595705627808,1779.4585450028535,107507.27026700042,5787.442574806335
1783298461,2000,,Aggregated,250.600000,0.000000,5400,6400,8600,9100,10000,33000,74000,90000,106000,107000,108000,66978,1,5400.0,9420.817555230013,1779.4585450028535,107507.27026700042,5785.657559198543
1783298463,2000,,Aggregated,252.700000,0.000000,5400,6400,8600,9100,10000,33000,74000,89000,106000,107000,108000,67150,1,5400.0,9411.827929442663,1779.4585450028535,107507.27026700042,5786.784735666419
1783298464,2000,,Aggregated,250.500000,0.000000,5400,6400,8600,9100,10000,32000,74000,89000,106000,107000,108000,67729,1,5400.0,9385.975768411592,1779.4585450028535,107507.27026700042,5787.06241048886
1783298465,2000,,Aggregated,229.000000,0.000000,5400,6400,8600,9100,10000,32000,74000,89000,106000,107000,108000,67980,1,5400.0,9373.358433311687,1779.4585450028535,107507.27026700042,5787.141056192998
1783298466,2000,,Aggregated,246.100000,0.000000,5400,6400,8600,9100,10000,31000,74000,89000,106000,107000,108000,68292,1,5400.0,9360.251889444557,1779.4585450028535,107507.27026700042,5801.896576465765
1783298467,2000,,Aggregated,251.800000,0.000000,5400,6400,8600,9100,10000,31000,74000,88000,106000,107000,108000,68470,1,5400.0,9348.126801017874,1779.4585450028535,107507.27026700042,5792.36240689353
1783298468,2000,,Aggregated,247.300000,0.000000,5400,6400,8600,9100,10000,31000,74000,88000,106000,107000,108000,68713,1,5400.0,9334.833143070626,1779.4585450028535,107507.27026700042,5791.243563808886
1783298469,2000,,Aggregated,250.800000,0.000000,5400,6400,8600,9100,10000,31000,74000,88000,106000,107000,108000,68950,1,5400.0,9322.37065611724,1779.4585450028535,107507.27026700042,5790.999811457578
1783298470,2000,,Aggregated,240.800000,0.000000,5400,6400,8600,9100,10000,31000,74000,88000,106000,107000,108000,69183,1,5400.0,9308.823340377754,1779.4585450028535,107507.27026700042,5787.562406949684
1783298471,2000,,Aggregated,243.100000,0.000000,5400,6400,8600,9100,10000,31000,74000,88000,106000,107000,108000,69413,1,5400.0,9296.052192507153,1779.4585450028535,107507.27026700042,5783.406566493308
1783298472,2000,,Aggregated,243.500000,0.000000,5400,6400,8600,9100,10000,31000,74000,88000,106000,107000,108000,69641,1,5400.0,9284.97941464038,1779.4585450028535,107507.27026700042,5782.362114271765
1783298473,2000,,Aggregated,240.000000,0.000000,5400,6400,8600,9100,10000,30000,74000,88000,106000,107000,108000,69940,1,5400.0,9271.33676942906,1779.4585450028535,107507.27026700042,5782.867929653989
1783298474,2000,,Aggregated,242.100000,0.000000,5400,6400,8600,9100,10000,30000,74000,88000,106000,107000,108000,70170,1,5400.0,9260.773440991648,1779.4585450028535,107507.27026700042,5784.544947983469
1783298475,2000,,Aggregated,264.400000,0.000000,5400,6400,8600,9100,10000,30000,74000,88000,106000,107000,108000,70407,1,5400.0,9250.032772539063,1779.4585450028535,107507.27026700042,5785.317312199071
1783298477,2000,,Aggregated,243.700000,0.000000,5400,6400,8600,9100,10000,30000,73000,88000,106000,107000,108000,70600,1,5400.0,9241.368467215967,1779.4585450028535,107507.27026700042,5786.2906515580735
1783298478,2000,,Aggregated,244.600000,0.000000,5400,6400,8500,9100,10000,29000,73000,88000,106000,107000,108000,71218,1,5400.0,9217.561079023139,1779.4585450028535,107507.27026700042,5788.710705158808
1783298479,2000,,Aggregated,221.800000,0.000000,5400,6300,8500,9100,10000,29000,73000,88000,106000,107000,108000,71472,1,5400.0,9205.224326090944,1779.4585450028535,107507.27026700042,5787.472436758451
1783298480,2000,,Aggregated,240.800000,0.000000,5400,6400,8500,9100,10000,27000,73000,88000,106000,107000,108000,71819,1,5400.0,9190.570892696767,1779.4585450028535,107507.27026700042,5802.860385134853
1783298481,2000,,Aggregated,250.000000,0.000000,5400,6300,8500,9000,10000,25000,73000,88000,106000,107000,108000,72027,1,5400.0,9176.429064842543,1779.4585450028535,107507.27026700042,5793.422105599289
1783298482,2000,,Aggregated,250.500000,0.000000,5400,6300,8500,9000,10000,25000,73000,88000,106000,107000,108000,72252,1,5400.0,9164.230546696368,1779.4585450028535,107507.27026700042,5793.109796268615
1783298483,2000,,Aggregated,259.900000,0.000000,5400,6300,8500,9000,10000,25000,73000,88000,106000,107000,108000,72497,1,5400.0,9150.57864713543,1779.4585450028535,107507.27026700042,5791.616204808475
1783298484,2000,,Aggregated,257.700000,0.000000,5400,6300,8500,9000,10000,24000,73000,88000,106000,107000,108000,72722,1,5400.0,9137.989442289856,1779.4585450028535,107507.27026700042,5788.122356370837
1783298485,2000,,Aggregated,256.300000,0.000000,5400,6300,8500,9000,10000,24000,73000,88000,106000,107000,108000,72961,1,5400.0,9124.818472228726,1779.4585450028535,107507.27026700042,5785.442592617974
1783298486,2000,,Aggregated,251.800000,0.000000,5400,6300,8500,9000,10000,24000,73000,88000,106000,107000,108000,73218,1,5400.0,9112.200867714346,1779.4585450028535,107507.27026700042,5782.887377420853
1783298487,2000,,Aggregated,250.400000,0.000000,5400,6300,8500,9000,10000,24000,73000,87000,106000,107000,108000,73459,1,5400.0,9101.216024789748,1779.4585450028535,107507.27026700042,5782.539906614574
1783298488,2000,,Aggregated,250.300000,0.000000,5400,6300,8500,9000,10000,24000,72000,87000,106000,107000,108000,73727,1,5400.0,9089.85232180968,1779.4585450028535,107507.27026700042,5785.469651552348
1783298489,2000,,Aggregated,268.200000,0.000000,5400,6300,8500,9000,10000,23000,72000,87000,106000,107000,108000,73960,1,5400.0,9079.88081614927,1779.4585450028535,107507.27026700042,5786.159640346133
1783298491,2000,,Aggregated,247.900000,0.000000,5400,6300,8500,9000,10000,23000,72000,87000,106000,107000,108000,74132,1,5400.0,9072.793294689212,1779.4585450028535,107507.27026700042,5787.421302541413
1783298492,2000,,Aggregated,248.400000,0.000000,5400,6300,8500,9000,10000,23000,72000,87000,106000,107000,108000,74734,1,5400.0,9052.330784848493,1779.4585450028535,107507.27026700042,5789.186407792972
1783298493,2000,,Aggregated,224.200000,0.000000,5400,6300,8500,9000,10000,23000,72000,87000,106000,107000,108000,74984,1,5400.0,9041.837606618852,1779.4585450028535,107507.27026700042,5789.944748212952
1783298494,2000,,Aggregated,226.200000,0.000000,5400,6300,8500,9000,10000,22000,72000,87000,106000,107000,108000,75304,1,5400.0,9030.34975356489,1779.4585450028535,107507.27026700042,5804.991142568788
1783298495,2000,,Aggregated,246.700000,0.000000,5400,6300,8500,9000,10000,22000,72000,87000,106000,107000,108000,75466,1,5400.0,9020.226824988857,1779.4585450028535,107507.27026700042,5797.116463042959
1783298496,2000,,Aggregated,247.600000,0.000000,5400,6300,8500,9000,10000,22000,72000,87000,106000,107000,108000,75671,1,5400.0,9010.232292492277,1779.4585450028535,107507.27026700042,5795.282961768709
1783298497,2000,,Aggregated,255.100000,0.000000,5400,6300,8400,9000,10000,21000,72000,87000,106000,107000,108000,75917,1,5400.0,8999.3533765775,1779.4585450028535,107507.27026700042,5796.142787517947
1783298498,2000,,Aggregated,247.200000,0.000000,5400,6300,8400,9000,10000,21000,72000,87000,106000,107000,108000,76167,1,5400.0,8987.171490212382,1779.4585450028535,107507.27026700042,5792.240353433902
1783298499,2000,,Aggregated,246.100000,0.000000,5300,6300,8400,9000,10000,21000,71000,87000,106000,107000,108000,76461,1,5300.0,8973.913099079484,1779.4585450028535,107507.27026700042,5791.791357685617
1783298500,2000,,Aggregated,244.200000,0.000000,5300,6300,8400,9000,10000,21000,71000,87000,106000,107000,108000,76706,1,5300.0,8963.746938852435,1779.4585450028535,107507.27026700042,5792.4815268688235
1783298501,2000,,Aggregated,245.000000,0.000000,5300,6300,8400,9000,10000,21000,71000,87000,106000,107000,108000,76965,1,5300.0,8953.43938767259,1779.4585450028535,107507.27026700042,5792.923900474241
1783298502,2000,,Aggregated,245.500000,0.000000,5300,6300,8400,9000,10000,21000,71000,87000,106000,107000,108000,77204,1,5300.0,8943.846669615908,1779.4585450028535,107507.27026700042,5792.288806279467
1783298503,2000,,Aggregated,263.300000,0.000000,5300,6300,8400,9000,10000,20000,71000,87000,106000,107000,108000,77475,1,5300.0,8933.45175363938,1779.4585450028535,107507.27026700042,5794.833675379155
1783298505,2000,,Aggregated,266.700000,0.000000,5300,6300,8400,9000,10000,20000,71000,87000,106000,107000,108000,77578,1,5300.0,8929.194708548566,1779.4585450028535,107507.27026700042,5794.830970120395
1783298506,2000,,Aggregated,249.600000,0.000000,5300,6300,8400,8900,10000,20000,71000,87000,106000,107000,108000,78270,1,5300.0,8904.90731391375,1779.4585450028535,107507.27026700042,5791.225386482688
1783298507,2000,,Aggregated,222.300000,0.000000,5300,6300,8400,8900,10000,19000,71000,87000,106000,107000,108000,78546,1,5300.0,8893.35839622029,1779.4585450028535,107507.27026700042,5793.0278435566415
1783298508,2000,,Aggregated,239.100000,0.000000,5300,6300,8400,8900,10000,18000,71000,87000,106000,107000,108000,78839,1,5300.0,8881.425244163982,1779.4585450028535,107507.27026700042,5804.317051205621
1783298509,2000,,Aggregated,260.300000,0.000000,5300,6300,8400,8900,10000,18000,71000,87000,106000,107000,108000,79023,1,5300.0,8870.553587047863,1779.4585450028535,107507.27026700042,5796.545410829758
1783298510,2000,,Aggregated,270.900000,0.000000,5300,6200,8400,8900,10000,18000,71000,87000,106000,107000,108000,79271,1,5300.0,8859.052876171741,1779.4585450028535,107507.27026700042,5797.647273277744
1783298511,2000,,Aggregated,264.400000,0.000000,5300,6200,8400,8900,10000,17000,71000,87000,106000,107000,108000,79516,1,5300.0,8846.961514387976,1779.4585450028535,107507.27026700042,5797.248101011117
1783298512,2000,,Aggregated,256.000000,0.000000,5300,6200,8400,8900,10000,17000,71000,87000,106000,107000,108000,79743,1,5300.0,8835.89853030067,1779.4585450028535,107507.27026700042,5794.131209008941
1783298513,2000,,Aggregated,258.800000,0.000000,5300,6200,8400,8900,10000,17000,71000,87000,106000,107000,108000,79967,1,5300.0,8825.448300802145,1779.4585450028535,107507.27026700042,5789.593019620594
1783298514,2000,,Aggregated,254.400000,0.000000,5300,6200,8400,8900,10000,16000,71000,86000,106000,107000,108000,80186,1,5300.0,8816.915179609798,1779.4585450028535,107507.27026700042,5787.964270570923
1783298515,2000,,Aggregated,255.000000,0.000000,5300,6200,8400,8900,10000,16000,71000,86000,106000,107000,108000,80476,1,5300.0,8807.4510990643,1779.4585450028535,107507.27026700042,5790.433172622894
1783298516,2000,,Aggregated,248.800000,0.000000,5300,6200,8300,8900,10000,16000,71000,86000,106000,107000,108000,80716,1,5300.0,8798.827624805597,1779.4585450028535,107507.27026700042,5789.08579463799
1783298517,2000,,Aggregated,267.400000,0.000000,5300,6200,8300,8900,10000,16000,71000,86000,106000,107000,108000,80980,1,5300.0,8789.613268938749,1779.4585450028535,107507.27026700042,5789.1595949617185
1783298518,2000,,Aggregated,264.500000,0.000000,5300,6200,8300,8900,10000,15000,71000,86000,106000,107000,108000,81257,1,5300.0,8780.497491073578,1779.4585450028535,107507.27026700042,5791.967067452651
1783298520,2000,,Aggregated,243.000000,0.000000,5300,6200,8300,8900,10000,15000,71000,86000,106000,107000,108000,81266,1,5300.0,8780.16210734136,1779.4585450028535,107507.27026700042,5791.640550783845
1783298521,2000,,Aggregated,237.800000,0.000000,5300,6200,8300,8900,10000,14000,71000,86000,106000,107000,108000,81822,1,5300.0,8763.280350492041,1779.4585450028535,107507.27026700042,5793.716506563027
1783298522,2000,,Aggregated,219.300000,0.000000,5300,6200,8300,8900,10000,14000,71000,86000,106000,107000,108000,82072,1,5300.0,8754.220713120838,1779.4585450028535,107507.27026700042,5794.796593235208
1783298523,2000,,Aggregated,246.500000,0.000000,5300,6200,8300,8900,10000,14000,71000,86000,106000,107000,108000,82393,1,5300.0,8743.60625956535,1779.4585450028535,107507.27026700042,5803.845666500795
1783298524,2000,,Aggregated,249.300000,0.000000,5300,6200,8300,8900,10000,14000,71000,86000,106000,107000,108000,82563,1,5300.0,8734.623162732545,1779.4585450028535,107507.27026700042,5796.758208882914
1783298525,2000,,Aggregated,258.100000,0.000000,5300,6200,8300,8900,10000,14000,71000,86000,106000,107000,108000,82793,1,5300.0,8725.510974878393,1779.4585450028535,107507.27026700042,5795.866752020098
1783298526,2000,,Aggregated,253.300000,0.000000,5300,6200,8300,8900,10000,14000,71000,86000,106000,107000,108000,83043,1,5300.0,8716.309171674187,1779.4585450028535,107507.27026700042,5796.606914490083
1783298527,2000,,Aggregated,253.100000,0.000000,5300,6200,8300,8900,10000,14000,71000,86000,106000,107000,108000,83265,1,5300.0,8707.78146853132,1779.4585450028535,107507.27026700042,5796.016081186573
1783298528,2000,,Aggregated,248.400000,0.000000,5300,6200,8300,8900,10000,14000,71000,86000,106000,107000,108000,83541,1,5300.0,8697.150487543287,1779.4585450028535,107507.27026700042,5794.16372798985
1783298529,2000,,Aggregated,248.200000,0.000000,5300,6200,8300,8900,10000,14000,71000,86000,106000,107000,108000,83726,1,5300.0,8690.832957173125,1779.4585450028535,107507.27026700042,5792.775792465901
1783298530,2000,,Aggregated,247.400000,0.000000,5300,6200,8300,8900,10000,13000,70000,86000,106000,107000,108000,83981,1,5300.0,8683.370960399894,1779.4585450028535,107507.27026700042,5794.305557209369
1783298531,2000,,Aggregated,244.800000,0.000000,5300,6200,8300,8900,10000,13000,70000,86000,106000,107000,108000,84273,1,5300.0,8674.210989484493,1779.4585450028535,107507.27026700042,5794.166850592716
1783298532,2000,,Aggregated,269.600000,0.000000,5300,6200,8300,8900,10000,13000,70000,86000,106000,107000,108000,84519,1,5300.0,8666.58509149623,1779.4585450028535,107507.27026700042,5794.419941078338
1783298533,2000,,Aggregated,243.400000,0.000000,5300,6200,8300,8900,10000,13000,69000,86000,106000,107000,108000,84787,1,5300.0,8657.59558531621,1779.4585450028535,107507.27026700042,5792.6352270984935
1783298534,2000,,Aggregated,243.400000,0.000000,5300,6200,8300,8900,10000,13000,69000,86000,106000,107000,108000,84884,1,5300.0,8654.306707837759,1779.4585450028535,107507.27026700042,5792.228181989539
1783298535,2000,,Aggregated,238.800000,0.000000,5300,6200,8300,8900,10000,13000,69000,86000,106000,107000,108000,85434,1,5300.0,8638.078877872826,1779.4585450028535,107507.27026700042,5792.285284547136
1783298536,2000,,Aggregated,232.500000,0.000000,5300,6200,8300,8900,10000,13000,69000,86000,106000,107000,108000,85680,1,5300.0,8628.773424202192,1779.4585450028535,107507.27026700042,5790.443639122315
1783298537,2000,,Aggregated,255.000000,0.000000,5300,6200,8300,8900,10000,13000,68000,86000,106000,107000,108000,85975,1,5300.0,8620.277788537463,1779.4585450028535,107507.27026700042,5800.731991858098
1783298538,2000,,Aggregated,255.000000,0.000000,5300,6200,8300,8800,10000,13000,68000,86000,106000,107000,108000,86153,1,5300.0,8611.604701210777,1779.4585450028535,107507.27026700042,5792.908662495793
1783298539,2000,,Aggregated,256.100000,0.000000,5300,6200,8300,8800,10000,13000,68000,86000,106000,107000,108000,86385,1,5300.0,8603.063712679279,1779.4585450028535,107507.27026700042,5791.482699542745
1783298540,2000,,Aggregated,256.600000,0.000000,5300,6200,8300,8800,10000,13000,68000,85000,106000,107000,108000,86610,1,5300.0,8594.861937717664,1779.4585450028535,107507.27026700042,5790.362129084401
1783298541,2000,,Aggregated,254.800000,0.000000,5300,6200,8300,8800,10000,13000,68000,85000,106000,107000,108000,86840,1,5300.0,8587.371339722647,1779.4585450028535,107507.27026700042,5789.775310916628
1783298542,2000,,Aggregated,255.100000,0.000000,5300,6200,8300,8800,10000,13000,67000,85000,106000,107000,108000,87061,1,5300.0,8580.25443991009,1779.4585450028535,107507.27026700042,5787.804504887378
1783298543,2000,,Aggregated,248.600000,0.000000,5300,6200,8300,8800,10000,13000,66000,85000,106000,107000,108000,87337,1,5300.0,8572.462128309358,1779.4585450028535,107507.27026700042,5789.536393510196
1783298544,2000,,Aggregated,245.100000,0.000000,5300,6200,8300,8800,9900,13000,66000,85000,106000,107000,108000,87613,1,5300.0,8564.686509245337,1779.4585450028535,107507.27026700042,5789.580690080239
1783298545,2000,,Aggregated,245.600000,0.000000,5300,6200,8300,8800,9900,13000,66000,85000,106000,107000,108000,87877,1,5300.0,8556.843888793132,1779.4585450028535,107507.27026700042,5789.273632463557
1783298546,2000,,Aggregated,260.600000,0.000000,5300,6100,8300,8800,9900,13000,65000,85000,106000,107000,108000,88134,1,5300.0,8549.617467913402,1779.4585450028535,107507.27026700042,5790.001202714049
1783298547,2000,,Aggregated,242.500000,0.000000,5300,6100,8300,8800,9900,13000,65000,85000,106000,107000,108000,88378,1,5300.0,8542.70235488698,1779.4585450028535,107507.27026700042,5791.096505917762
1783298548,2000,,Aggregated,244.300000,0.000000,5300,6100,8300,8800,9900,12000,65000,85000,106000,107000,108000,88671,1,5300.0,8532.997520669873,1779.4585450028535,107507.27026700042,5791.029716592798
1783298549,2000,,Aggregated,244.300000,0.000000,5300,6100,8300,8800,9900,12000,65000,85000,106000,107000,108000,88691,1,5300.0,8532.211471889357,1779.4585450028535,107507.27026700042,5790.272564296264
1783298550,2000,,Aggregated,246.300000,0.000000,5300,6100,8300,8800,9900,12000,65000,85000,106000,107000,108000,89256,1,5300.0,8514.998712756878,1779.4585450028535,107507.27026700042,5789.942199964148
1783298551,2000,,Aggregated,243.100000,0.000000,5300,6100,8200,8800,9900,12000,65000,85000,106000,107000,108000,89501,1,5300.0,8506.995943579996,1779.4585450028535,107507.27026700042,5789.894146434118
1783298552,2000,,Aggregated,254.700000,0.000000,5300,6100,8200,8800,9900,12000,65000,85000,106000,107000,108000,89800,1,5300.0,8498.563984642695,1779.4585450028535,107507.27026700042,5798.329988864142
1783298553,2000,,Aggregated,260.300000,0.000000,5300,6100,8200,8800,9900,12000,65000,85000,106000,107000,108000,89980,1,5300.0,8490.252366231942,1779.4585450028535,107507.27026700042,5790.9913425205605
1783298554,2000,,Aggregated,260.200000,0.000000,5300,6100,8200,8800,9900,12000,65000,85000,106000,107000,108000,90274,1,5300.0,8480.222225793957,1779.4585450028535,107507.27026700042,5791.220163059131
1783298555,2000,,Aggregated,264.200000,0.000000,5300,6100,8200,8800,9900,12000,64000,85000,106000,107000,108000,90511,1,5300.0,8472.273999537469,1779.4585450028535,107507.27026700042,5791.610246268409
1783298556,2000,,Aggregated,256.800000,0.000000,5300,6100,8200,8800,9900,12000,64000,85000,106000,107000,108000,90751,1,5300.0,8463.672441278455,1779.4585450028535,107507.27026700042,5789.238675055923
1783298557,2000,,Aggregated,259.300000,0.000000,5300,6100,8200,8800,9900,12000,64000,85000,106000,107000,108000,91010,1,5300.0,8455.35412450664,1779.4585450028535,107507.27026700042,5789.942346994836
1783298558,2000,,Aggregated,256.600000,0.000000,5300,6100,8200,8800,9900,12000,64000,85000,106000,107000,108000,91236,1,5300.0,8447.60021888415,1779.4585450028535,107507.27026700042,5786.614910780832
1783298559,2000,,Aggregated,256.100000,0.000000,5300,6100,8200,8800,9900,12000,64000,85000,106000,107000,108000,91500,1,5300.0,8440.357832704585,1779.4585450028535,107507.27026700042,5788.616918032787
1783298560,2000,,Aggregated,254.300000,0.000000,5300,6100,8200,8800,9900,12000,64000,85000,106000,107000,108000,91750,1,5300.0,8432.704537228768,1779.4585450028535,107507.27026700042,5788.234920980926
1783298561,2000,,Aggregated,263.200000,0.000000,5300,6100,8200,8800,9900,12000,64000,85000,106000,107000,108000,91993,1,5300.0,8425.490047826968,1779.4585450028535,107507.27026700042,5787.753372539215
1783298562,2000,,Aggregated,252.000000,0.000000,5300,6100,8200,8800,9900,12000,64000,85000,106000,107000,108000,92232,1,5300.0,8418.818961842946,1779.4585450028535,107507.27026700042,5787.360558157689
1783298563,2000,,Aggregated,248.500000,0.000000,5300,6100,8200,8800,9900,12000,64000,85000,106000,107000,108000,92531,1,5300.0,8410.84379077454,1779.4585450028535,107507.27026700042,5790.010947682398
1783298565,2000,,Aggregated,243.300000,0.000000,5300,6100,8200,8800,9900,12000,64000,85000,106000,107000,108000,92648,1,5300.0,8407.331610828529,1779.4585450028535,107507.27026700042,5790.197403074
1783298566,2000,,Aggregated,256.600000,0.000000,5300,6100,8200,8800,9900,12000,64000,85000,106000,107000,108000,93140,1,5300.0,8395.011715839908,1779.4585450028535,107507.27026700042,5791.8025660296325
1783298567,2000,,Aggregated,229.600000,0.000000,5300,6100,8200,8800,9900,12000,64000,85000,106000,107000,108000,93433,1,5300.0,8386.403690973526,1779.4585450028535,107507.27026700042,5792.027474232873
1783298568,2000,,Aggregated,251.900000,0.000000,5300,6100,8200,8800,9800,12000,63000,85000,106000,107000,108000,93724,1,5300.0,8379.279622000036,1779.4585450028535,107507.27026700042,5801.672837266869
1783298569,2000,,Aggregated,256.500000,0.000000,5300,6100,8200,8800,9800,12000,63000,85000,106000,107000,108000,93914,1,5300.0,8371.367694436321,1779.4585450028535,107507.27026700042,5794.034276039781
1783298570,2000,,Aggregated,260.400000,0.000000,5300,6100,8200,8800,9800,12000,63000,85000,106000,107000,108000,94146,1,5300.0,8363.963989578855,1779.4585450028535,107507.27026700042,5792.799609117753
1783298571,2000,,Aggregated,257.000000,0.000000,5300,6100,8200,8800,9800,12000,63000,85000,106000,107000,108000,94374,1,5300.0,8357.367109260256,1779.4585450028535,107507.27026700042,5793.748150973785
1783298572,2000,,Aggregated,253.300000,0.000000,5300,6100,8200,8800,9800,12000,63000,85000,106000,107000,108000,94625,1,5300.0,8350.299195774098,1779.4585450028535,107507.27026700042,5793.336179656539
1783298573,2000,,Aggregated,251.400000,0.000000,5300,6100,8200,8800,9800,12000,63000,85000,106000,107000,108000,94884,1,5300.0,8342.368254758885,1779.4585450028535,107507.27026700042,5791.301157202479
1783298574,2000,,Aggregated,252.600000,0.000000,5300,6100,8200,8800,9800,12000,63000,85000,106000,107000,108000,95163,1,5300.0,8334.509350236413,1779.4585450028535,107507.27026700042,5791.915082542585
1783298575,2000,,Aggregated,254.000000,0.000000,5300,6100,8200,8700,9800,12000,63000,85000,106000,107000,108000,95414,1,5300.0,8328.341680140038,1779.4585450028535,107507.27026700042,5793.833032888256
1783298576,2000,,Aggregated,250.100000,0.000000,5300,6100,8200,8700,9800,12000,63000,85000,106000,107000,108000,95658,1,5300.0,8322.054890510066,1779.4585450028535,107507.27026700042,5795.52483848711
1783298577,2000,,Aggregated,272.200000,0.000000,5300,6100,8200,8700,9800,12000,63000,85000,106000,107000,108000,95912,1,5300.0,8315.454132201483,1779.4585450028535,107507.27026700042,5795.959733922762
1783298578,2000,,Aggregated,251.400000,0.000000,5300,6100,8200,8700,9800,12000,63000,85000,106000,107000,108000,96184,1,5300.0,8308.258870466529,1779.4585450028535,107507.27026700042,5796.367389586626
1783298579,2000,,Aggregated,247.800000,0.000000,5300,6100,8200,8700,9800,12000,63000,85000,106000,107000,108000,96443,1,5300.0,8301.20884388759,1779.4585450028535,107507.27026700042,5795.659996059849
1783298580,2000,,Aggregated,247.800000,0.000000,5300,6100,8200,8700,9800,12000,62000,85000,106000,107000,108000,96504,1,5300.0,8299.530070655906,1779.4585450028535,107507.27026700042,5795.291780651579
1783298581,2000,,Aggregated,250.900000,0.000000,5300,6100,8200,8700,9800,12000,62000,84000,106000,107000,108000,97012,1,5300.0,8288.662265336901,1779.4585450028535,107507.27026700042,5795.303611924298
1783298582,2000,,Aggregated,239.100000,0.000000,5300,6100,8200,8700,9800,12000,62000,84000,106000,107000,108000,97281,1,5300.0,8281.232511619344,1779.4585450028535,107507.27026700042,5793.735344003454
1783298583,2000,,Aggregated,252.600000,0.000000,5300,6100,8200,8700,9800,12000,62000,84000,106000,107000,108000,97616,1,5300.0,8274.810262712146,1779.4585450028535,107507.27026700042,5805.115175790854
1783298584,2000,,Aggregated,254.200000,0.000000,5300,6100,8100,8700,9800,12000,62000,84000,106000,107000,108000,97800,1,5300.0,8267.94926695208,1779.4585450028535,107507.27026700042,5798.165010224949
1783298585,2000,,Aggregated,253.100000,0.000000,5300,6100,8100,8700,9800,12000,62000,84000,106000,107000,108000,98025,1,5300.0,8261.733664474486,1779.4585450028535,107507.27026700042,5796.981800561081
1783298586,2000,,Aggregated,257.400000,0.000000,5300,6100,8100,8700,9800,12000,62000,84000,106000,107000,108000,98266,1,5300.0,8255.66447163415,1779.4585450028535,107507.27026700042,5797.225866525553
1783298587,2000,,Aggregated,249.700000,0.000000,5300,6100,8100,8700,9800,12000,62000,84000,106000,107000,108000,98482,1,5300.0,8249.587319434086,1779.4585450028535,107507.27026700042,5795.675605694441
1783298588,2000,,Aggregated,249.700000,0.000000,5300,6100,8100,8700,9800,12000,62000,84000,106000,107000,108000,98730,1,5300.0,8242.799345628255,1779.4585450028535,107507.27026700042,5794.112306289881
1783298589,2000,,Aggregated,246.100000,0.000000,5300,6100,8100,8700,9800,12000,62000,84000,106000,107000,108000,98960,1,5300.0,8237.156766013413,1779.4585450028535,107507.27026700042,5793.9397837510105
1783298590,2000,,Aggregated,241.400000,0.000000,5300,6100,8100,8700,9800,12000,62000,84000,106000,107000,108000,99242,1,5300.0,8231.27751018513,1779.4585450028535,107507.27026700042,5795.981378851696
1783298591,2000,,Aggregated,241.200000,0.000000,5300,6100,8100,8700,9800,12000,62000,84000,106000,107000,108000,99464,1,5300.0,8226.835539184109,1779.4585450028535,107507.27026700042,5796.184770369179
1783298592,2000,,Aggregated,256.200000,0.000000,5300,6100,8100,8700,9800,12000,62000,84000,106000,107000,108000,99700,1,5300.0,8221.867361429899,1779.4585450028535,107507.27026700042,5794.624483450351
1783298593,2000,,Aggregated,245.000000,0.000000,5300,6100,8100,8700,9800,12000,61000,84000,106000,107000,108000,99960,1,5300.0,8216.184261370292,1779.4585450028535,107507.27026700042,5793.682352941177
1783298594,2000,,Aggregated,241.100000,0.000000,5300,6100,8100,8700,9800,12000,61000,84000,106000,107000,108000,100194,1,5300.0,8211.830101892516,1779.4585450028535,107507.27026700042,5794.293770086033
1783298595,2000,,Aggregated,239.300000,0.000000,5300,6100,8100,8700,9800,12000,61000,84000,106000,107000,108000,100422,1,5300.0,8207.373270365959,1779.4585450028535,107507.27026700042,5795.085240285993
1783298597,2000,,Aggregated,239.300000,0.000000,5300,6100,8100,8700,9800,12000,61000,84000,106000,107000,108000,100482,1,5300.0,8206.123987993076,1779.4585450028535,107507.27026700042,5795.0224219263155
1783298598,2000,,Aggregated,235.900000,0.000000,5300,6100,8100,8700,9800,12000,61000,84000,106000,107000,108000,101092,1,5300.0,8196.261472364378,1779.4585450028535,107507.27026700042,5793.249159181735
1783298599,2000,,Aggregated,214.500000,0.000000,5300,6100,8100,8700,9800,12000,61000,84000,106000,107000,108000,101341,1,5300.0,8191.0014403562545,1779.4585450028535,107507.27026700042,5793.022675915967
1783298600,2000,,Aggregated,243.900000,0.000000,5300,6100,8100,8700,9800,12000,61000,84000,106000,107000,108000,101692,1,5300.0,8185.627054646689,1779.4585450028535,107507.27026700042,5807.340862604728
1783298601,2000,,Aggregated,243.600000,0.000000,5300,6100,8100,8700,9800,12000,61000,84000,106000,107000,108000,101898,1,5300.0,8178.192542549503,1779.4585450028535,107507.27026700042,5800.754548666313
1783298602,2000,,Aggregated,242.200000,0.000000,5300,6100,8100,8700,9700,12000,60000,84000,106000,107000,108000,102148,1,5300.0,8171.494130005674,1779.4585450028535,107507.27026700042,5800.3882210126485
1783298603,2000,,Aggregated,250.500000,0.000000,5300,6100,8100,8700,9700,12000,60000,84000,106000,107000,108000,102377,1,5300.0,8164.826966336708,1779.4585450028535,107507.27026700042,5797.3613897652795
1783298604,2000,,Aggregated,253.600000,0.000000,5300,6100,8100,8700,9700,12000,60000,84000,106000,107000,108000,102598,1,5300.0,8158.235911473925,1779.4585450028535,107507.27026700042,5794.831010351079
1783298605,2000,,Aggregated,252.300000,0.000000,5300,6000,8100,8700,9700,11000,60000,84000,106000,107000,108000,102870,1,5300.0,8151.038826696221,1779.4585450028535,107507.27026700042,5793.550403421795
1783298606,2000,,Aggregated,246.900000,0.000000,5300,6000,8100,8700,9700,11000,60000,84000,106000,107000,108000,103131,1,5300.0,8143.993154070863,1779.4585450028535,107507.27026700042,5790.933763853739
1783298607,2000,,Aggregated,248.600000,0.000000,5300,6000,8100,8700,9700,11000,60000,84000,106000,107000,108000,103349,1,5300.0,8138.432938737407,1779.4585450028535,107507.27026700042,5789.386660732082
1783298608,2000,,Aggregated,255.000000,0.000000,5300,6000,8100,8700,9700,11000,60000,84000,106000,107000,108000,103592,1,5300.0,8133.582361644215,1779.4585450028535,107507.27026700042,5790.478714572554
1783298609,2000,,Aggregated,278.400000,0.000000,5300,6000,8100,8700,9700,11000,60000,84000,106000,107000,108000,103840,1,5300.0,8128.544059222561,1779.4585450028535,107507.27026700042,5790.62905431433
1783298610,2000,,Aggregated,250.700000,0.000000,5300,6000,8100,8700,9700,11000,60000,84000,106000,107000,108000,104078,1,5300.0,8123.630435671539,1779.4585450028535,107507.27026700042,5790.086194969158
1783298611,2000,,Aggregated,250.000000,0.000000,5300,6000,8100,8700,9700,11000,60000,84000,106000,107000,108000,104319,1,5300.0,8118.438960782402,1779.4585450028535,107507.27026700042,5788.349485712095
1783298612,2000,,Aggregated,248.800000,0.000000,5300,6000,8100,8700,9700,11000,60000,84000,106000,107000,108000,104561,1,5300.0,8113.889321565881,1779.4585450028535,107507.27026700042,5788.962404720689
1783298614,2000,,Aggregated,248.800000,0.000000,5300,6000,8100,8700,9700,11000,60000,84000,106000,107000,108000,104635,1,5300.0,8112.457632919529,1779.4585450028535,107507.27026700042,5788.511138720313
1783298615,2000,,Aggregated,234.500000,0.000000,5300,6000,8100,8700,9700,11000,59000,83000,106000,107000,108000,105318,1,5300.0,8105.018492683914,1779.4585450028535,107507.27026700042,5789.656981712527
1783298616,2000,,Aggregated,212.700000,0.000000,5300,6000,8100,8700,9700,11000,59000,83000,106000,107000,108000,105583,1,5300.0,8100.303107954914,1779.4585450028535,107507.27026700042,5790.97958004603
1783298617,2000,,Aggregated,237.700000,0.000000,5300,6100,8100,8700,9700,11000,59000,83000,106000,107000,108000,105909,1,5300.0,8095.464843781064,1779.4585450028535,107507.27026700042,5800.159495415876
1783298618,2000,,Aggregated,241.100000,0.000000,5300,6000,8100,8700,9700,11000,59000,83000,105000,107000,108000,106094,1,5300.0,8089.077347180059,1779.4585450028535,107507.27026700042,5793.337521443248
1783298619,2000,,Aggregated,241.000000,0.000000,5300,6000,8100,8700,9700,11000,59000,83000,105000,107000,108000,106361,1,5300.0,8082.215666014683,1779.4585450028535,107507.27026700042,5792.733144667688
1783298620,2000,,Aggregated,246.400000,0.000000,5300,6000,8100,8700,9700,11000,59000,83000,105000,107000,108000,106588,1,5300.0,8075.8130545338145,1779.4585450028535,107507.27026700042,5791.169756445379
1783298621,2000,,Aggregated,242.300000,0.000000,5300,6000,8100,8700,9700,11000,59000,83000,105000,107000,108000,106796,1,5300.0,8070.0117511491835,1779.4585450028535,107507.27026700042,5789.689098842653
1783298622,2000,,Aggregated,247.400000,0.000000,5300,6000,8100,8700,9700,11000,59000,83000,105000,107000,108000,107049,1,5300.0,8063.563437872445,1779.4585450028535,107507.27026700042,5786.890125082906
1783298623,2000,,Aggregated,245.400000,0.000000,5300,6000,8100,8700,9700,11000,59000,83000,105000,107000,108000,107265,1,5300.0,8058.942875803417,1779.4585450028535,107507.27026700042,5785.661837505244
1783298624,2000,,Aggregated,240.900000,0.000000,5300,6000,8100,8700,9700,11000,59000,83000,105000,107000,108000,107512,1,5300.0,8054.604318847341,1779.4585450028535,107507.27026700042,5786.184518937421
1783298625,2000,,Aggregated,245.600000,0.000000,5300,6000,8100,8700,9700,11000,59000,83000,105000,107000,108000,107728,1,5300.0,8051.076992672765,1779.4585450028535,107507.27026700042,5785.802771795634
1783298626,2000,,Aggregated,268.400000,0.000000,5300,6000,8100,8700,9700,11000,59000,83000,105000,107000,108000,107977,1,5300.0,8047.068252443631,1779.4585450028535,107507.27026700042,5785.557692841994
1783298627,2000,,Aggregated,242.700000,0.000000,5300,6000,8100,8700,9700,11000,59000,83000,105000,107000,108000,108224,1,5300.0,8043.381604275509,1779.4585450028535,107507.27026700042,5785.568746303962
1783298628,2000,,Aggregated,233.600000,0.000000,5300,6000,8100,8700,9700,11000,58000,83000,105000,107000,108000,108443,1,5300.0,8040.029925945972,1779.4585450028535,107507.27026700042,5785.158304362661
1783298631,2000,,Aggregated,234.600000,0.000000,5300,6000,8100,8700,9700,11000,58000,83000,105000,107000,108000,108694,1,5300.0,8036.686789171089,1779.4585450028535,107507.27026700042,5786.837580731227
1783298632,2000,,Aggregated,224.400000,0.000000,5300,6000,8100,8700,9700,11000,58000,83000,105000,107000,108000,109417,1,5300.0,8030.355590050734,1779.4585450028535,107507.27026700042,5786.495206412166
1783298633,2000,,Aggregated,203.600000,0.000000,5300,6000,8100,8700,9700,11000,58000,83000,105000,107000,108000,109688,1,5300.0,8025.283810984602,1779.4585450028535,107507.27026700042,5786.200878856393
1783298634,2000,,Aggregated,207.400000,0.000000,5300,6100,8100,8700,9700,11000,58000,83000,105000,107000,108000,110049,1,5300.0,8019.135698262728,1779.4585450028535,107507.27026700042,5797.945533353324
1783298635,2000,,Aggregated,242.600000,0.000000,5300,6000,8100,8700,9700,11000,58000,83000,105000,107000,108000,110243,1,5300.0,8012.1257501577575,1779.4585450028535,107507.27026700042,5792.178151900801
1783298636,2000,,Aggregated,260.000000,0.000000,5300,6000,8000,8700,9700,11000,57000,83000,105000,107000,108000,110479,1,5300.0,8006.166032382378,1779.4585450028535,107507.27026700042,5794.101132341893
1783298638,2000,,Aggregated,256.400000,0.000000,5300,6000,8000,8700,9700,11000,57000,83000,105000,107000,108000,110839,1,5300.0,7994.991719390833,1779.4585450028535,107507.27026700042,5788.474047943413
1783298639,2000,,Aggregated,245.700000,0.000000,5300,6000,8000,8700,9700,11000,57000,83000,105000,107000,108000,111015,1,5300.0,7989.883432470356,1779.4585450028535,107507.27026700042,5785.618700175652
1783298640,2000,,Aggregated,251.500000,0.000000,5300,6000,8000,8700,9700,11000,57000,83000,105000,107000,108000,111240,1,5300.0,7984.568178078915,1779.4585450028535,107507.27026700042,5783.6782722042435
1783298641,2000,,Aggregated,248.300000,0.000000,5300,6000,8000,8700,9700,11000,57000,83000,105000,107000,108000,111490,1,5300.0,7979.952996418842,1779.4585450028535,107507.27026700042,5783.553574311597
1783298642,2000,,Aggregated,250.200000,0.000000,5300,6000,8000,8700,9700,11000,57000,83000,105000,107000,108000,111734,1,5300.0,7975.516094634744,1779.4585450028535,107507.27026700042,5783.14265129683
1783298643,2000,,Aggregated,273.900000,0.000000,5300,6000,8000,8700,9700,11000,57000,83000,105000,107000,108000,111967,1,5300.0,7971.757686762197,1779.4585450028535,107507.27026700042,5783.290755311833
1783298644,2000,,Aggregated,272.500000,0.000000,5300,6000,8000,8700,9700,11000,57000,82000,105000,107000,108000,112196,1,5300.0,7968.587000283012,1779.4585450028535,107507.27026700042,5784.436432671397
1783298645,2000,,Aggregated,240.200000,0.000000,5300,6000,8000,8700,9700,11000,57000,82000,105000,107000,108000,112486,1,5300.0,7964.171111840162,1779.4585450028535,107507.27026700042,5785.560327507423
1783298646,2000,,Aggregated,221.400000,0.000000,5300,6000,8000,8700,9700,11000,57000,82000,105000,107000,108000,112743,1,5300.0,7960.238541188279,1779.4585450028535,107507.27026700042,5786.290918283175
1783298648,2000,,Aggregated,221.400000,0.000000,5300,6000,8000,8700,9700,11000,56000,82000,105000,107000,108000,112850,1,5300.0,7958.569665908655,1779.4585450028535,107507.27026700042,5786.276694727514
1783298649,2000,,Aggregated,237.100000,0.000000,5300,6000,8000,8700,9700,11000,56000,82000,105000,107000,108000,113562,1,5300.0,7951.075777870746,1779.4585450028535,107507.27026700042,5789.574091685599
1783298650,2000,,Aggregated,206.800000,0.000000,5300,6000,8000,8700,9700,11000,56000,82000,105000,107000,108000,113809,1,5300.0,7946.356637910542,1779.4585450028535,107507.27026700042,5790.015332706552
1783298651,2000,,Aggregated,242.400000,0.000000,5300,6000,8000,8700,9700,11000,56000,82000,105000,107000,108000,114137,1,5300.0,7940.309795952844,1779.4585450028535,107507.27026700042,5798.74103927736
1783298652,2000,,Aggregated,250.000000,0.000000,5300,6000,8000,8700,9700,11000,55000,82000,105000,107000,108000,114346,1,5300.0,7933.213146660164,1779.4585450028535,107507.27026700042,5792.180609728368
1783298653,2000,,Aggregated,260.600000,0.000000,5300,6000,8000,8700,9700,11000,55000,82000,105000,107000,108000,114594,1,5300.0,7927.768375005097,1779.4585450028535,107507.27026700042,5794.405125922824
1783298654,2000,,Aggregated,256.700000,0.000000,5300,6000,8000,8700,9700,11000,55000,81000,105000,107000,108000,114818,1,5300.0,7921.706288113469,1779.4585450028535,107507.27026700042,5791.552700796043
1783298655,2000,,Aggregated,257.300000,0.000000,5300,6000,8000,8700,9700,11000,55000,81000,105000,107000,108000,115024,1,5300.0,7916.079845241268,1779.4585450028535,107507.27026700042,5788.948236889692
1783298656,2000,,Aggregated,259.700000,0.000000,5300,6000,8000,8700,9700,11000,55000,81000,105000,107000,108000,115273,1,5300.0,7909.951969311156,1779.4585450028535,107507.27026700042,5785.7147120314385
1783298657,2000,,Aggregated,250.800000,0.000000,5300,6000,8000,8700,9700,11000,55000,81000,105000,107000,108000,115516,1,5300.0,7904.974778229343,1779.4585450028535,107507.27026700042,5784.23358668929
1783298658,2000,,Aggregated,246.300000,0.000000,5300,6000,8000,8600,9700,11000,55000,81000,105000,107000,108000,115762,1,5300.0,7900.636053366369,1779.4585450028535,107507.27026700042,5784.129342962285
