Timestamp,User Count,Type,Name,Requests/s,Failures/s,50%,66%,75%,80%,90%,95%,98%,99%,99.9%,99.99%,100%,Total Request Count,Total Failure Count,Total Median Response Time,Total Average Response Time,Total Min Response Time,Total Max Response Time,Total Average Content Size
1783296857,0,,Aggregated,0.000000,0.000000,N/A,N/A,N/A,N/A,N/A,N/A,N/A,N/A,N/A,N/A,N/A,0,0,0,0.0,0,0,0
1783296858,50,,Aggregated,0.000000,0.000000,N/A,N/A,N/A,N/A,N/A,N/A,N/A,N/A,N/A,N/A,N/A,0,0,0,0.0,0,0,0
1783296859,100,,Aggregated,0.000000,0.000000,N/A,N/A,N/A,N/A,N/A,N/A,N/A,N/A,N/A,N/A,N/A,0,0,0,0.0,0,0,0
1783296860,150,,Aggregated,0.000000,0.000000,2700,2700,2700,2700,2700,2800,2800,2800,2800,2800,2800,13,0,2700.0,2686.72460599695,2595.9139309998136,2751.07221599319,655.0
1783296861,200,,Aggregated,0.000000,0.000000,2700,2700,2700,2700,2700,2800,2800,2800,2800,2800,2800,13,0,2700.0,2686.72460599695,2595.9139309998136,2751.07221599319,655.0
1783296862,250,,Aggregated,0.000000,0.000000,2700,2700,2700,2700,2700,2800,2800,2800,2800,2800,2800,13,0,2700.0,2686.72460599695,2595.9139309998136,2751.07221599319,655.0
1783296863,300,,Aggregated,0.000000,0.000000,5100,5200,5400,5400,5400,5400,5400,5400,5400,5400,5400,42,0,5100.0,4452.967952451824,2595.9139309998136,5378.753249999136,655.0
1783296864,350,,Aggregated,0.000000,0.000000,5100,5200,5400,5400,5400,5400,5400,5400,5400,5400,5400,42,0,5100.0,4452.967952451824,2595.9139309998136,5378.753249999136,655.0
1783296865,400,,Aggregated,0.000000,0.000000,5100,5200,5400,5400,5400,5400,5400,5400,5400,5400,5400,42,0,5100.0,4452.967952451824,2595.9139309998136,5378.753249999136,655.0
1783296866,450,,Aggregated,0.000000,0.000000,5100,5200,5400,5400,5400,5400,5400,5400,5400,5400,5400,42,0,5100.0,4452.967952451824,2595.9139309998136,5378.753249999136,655.0
1783296867,500,,Aggregated,5.250000,0.000000,5400,6900,8800,8800,8900,8900,9600,9700,9700,9700,9700,75,0,5400.0,6191.064104506125,2595.9139309998136,9654.601685993839,672.3866666666667
1783296868,500,,Aggregated,5.250000,0.000000,5400,6900,8800,8800,8900,8900,9600,9700,9700,9700,9700,75,0,5400.0,6191.064104506125,2595.9139309998136,9654.601685993839,672.3866666666667
1783296869,500,,Aggregated,4.200000,0.000000,8700,8900,9200,11000,11000,12000,12000,12000,12000,12000,12000,100,0,6900.0,7333.630103219766,2595.9139309998136,11786.895383993397,676.19
1783296870,500,,Aggregated,7.500000,0.000000,8900,10000,10000,11000,11000,11000,12000,12000,12000,12000,12000,132,0,8800.0,8124.973719515047,2595.9139309998136,11786.895383993397,671.0530303030303
1783296871,500,,Aggregated,7.500000,0.000000,8900,10000,10000,11000,11000,11000,12000,12000,12000,12000,12000,132,0,8800.0,8124.973719515047,2595.9139309998136,11786.895383993397,671.0530303030303
1783296872,500,,Aggregated,7.500000,0.000000,8900,10000,10000,11000,11000,11000,12000,12000,12000,12000,12000,132,0,8800.0,8124.973719515047,2595.9139309998136,11786.895383993397,671.0530303030303
1783296873,500,,Aggregated,11.900000,0.000000,8900,10000,11000,11000,13000,13000,13000,14000,14000,14000,14000,206,0,8900.0,8563.360610596912,2595.9139309998136,14259.120451999479,759.0194174757281
1783296874,500,,Aggregated,11.900000,0.000000,8900,10000,11000,11000,13000,13000,13000,14000,14000,14000,14000,231,0,8900.0,8572.72423527251,2595.9139309998136,14259.120451999479,796.5108225108225
1783296875,500,,Aggregated,11.900000,0.000000,8900,10000,11000,11000,13000,13000,13000,14000,14000,14000,14000,231,0,8900.0,8572.72423527251,2595.9139309998136,14259.120451999479,796.5108225108225
1783296876,500,,Aggregated,11.900000,0.000000,8900,10000,11000,11000,13000,13000,13000,14000,14000,14000,14000,231,0,8900.0,8572.72423527251,2595.9139309998136,14259.120451999479,796.5108225108225
1783296877,500,,Aggregated,11.900000,0.000000,8900,10000,11000,11000,13000,13000,13000,14000,14000,14000,14000,231,0,8900.0,8572.72423527251,2595.9139309998136,14259.120451999479,796.5108225108225
1783296878,500,,Aggregated,18.900000,0.000000,9200,10000,11000,11000,13000,13000,17000,18000,18000,18000,18000,238,0,9200.0,8824.347990583838,2595.9139309998136,17553.722153999843,792.3487394957983
1783296879,500,,Aggregated,18.900000,0.000000,10000,11000,13000,16000,18000,18000,19000,19000,19000,19000,19000,312,0,10000.0,10614.357731115464,2595.9139309998136,19234.278410003753,765.5192307692307
1783296880,500,,Aggregated,15.900000,0.000000,10000,11000,13000,16000,17000,18000,19000,19000,19000,19000,19000,362,0,10000.0,10514.934781754191,2595.9139309998136,19440.772057001595,941.121546961326
1783296881,500,,Aggregated,19.900000,0.000000,10000,11000,13000,16000,17000,18000,19000,19000,21000,21000,21000,363,0,10000.0,10543.589494278294,2595.9139309998136,20916.595428003347,940.3333333333334
1783296882,500,,Aggregated,20.600000,0.000000,10000,12000,16000,17000,18000,21000,21000,22000,22000,22000,22000,393,0,10000.0,11275.919550656366,2595.9139309998136,21986.074287997326,926.6819338422392
1783296883,500,,Aggregated,23.000000,0.000000,10000,13000,17000,18000,21000,21000,23000,23000,24000,24000,24000,456,0,10000.0,12025.601200721494,2595.9139309998136,23655.36931400129,976.7785087719299
1783296884,500,,Aggregated,23.700000,0.000000,11000,13000,17000,18000,21000,22000,23000,24000,24000,24000,24000,502,0,11000.0,12407.281210031808,2595.9139309998136,24201.862286994583,964.2988047808765
1783296885,500,,Aggregated,24.500000,0.000000,11000,13000,17000,18000,21000,22000,23000,24000,24000,24000,24000,540,0,11000.0,12336.32208783887,2595.9139309998136,24201.862286994583,1062.0833333333333
1783296886,500,,Aggregated,26.800000,0.000000,11000,13000,17000,18000,21000,22000,23000,24000,24000,24000,24000,584,0,11000.0,12304.659963075295,2595.9139309998136,24201.862286994583,1042.5291095890411
1783296887,500,,Aggregated,28.500000,0.000000,10000,13000,17000,18000,21000,23000,24000,24000,24000,24000,24000,650,0,10000.0,12271.737270969177,2595.9139309998136,24201.862286994583,1057.2969230769231
1783296888,500,,Aggregated,31.700000,0.000000,10000,12000,17000,18000,22000,23000,24000,24000,24000,24000,24000,700,0,10000.0,12112.789003458529,2595.9139309998136,24255.68717099668,1138.0042857142857
1783296889,500,,Aggregated,35.800000,0.000000,10000,11000,17000,18000,21000,23000,24000,24000,24000,24000,24000,751,0,10000.0,11751.614419644386,2595.9139309998136,24255.68717099668,1330.8921438082557
1783296890,500,,Aggregated,43.400000,0.000000,9800,11000,14000,17000,21000,23000,24000,24000,24000,24000,24000,841,0,9800.0,11139.254313769225,2595.9139309998136,24255.68717099668,1374.6230677764565
1783296891,500,,Aggregated,45.800000,0.000000,8800,11000,12000,16000,21000,22000,23000,24000,24000,24000,24000,950,0,8800.0,10479.753618007193,2595.9139309998136,24255.68717099668,1640.5378947368422
1783296892,500,,Aggregated,48.200000,0.000000,8200,10000,12000,16000,21000,23000,24000,24000,27000,27000,27000,1026,0,8100.0,10259.409200296152,2595.9139309998136,27371.317037992412,1708.8898635477583
1783296893,500,,Aggregated,52.600000,0.000000,8000,10000,12000,16000,21000,23000,27000,28000,30000,30000,30000,1106,0,8000.0,10278.894120436573,2491.8537310004467,29992.22033600381,1752.7748643761302
1783296894,500,,Aggregated,63.200000,0.000000,7300,10000,11000,16000,22000,26000,28000,29000,31000,31000,31000,1315,0,7300.0,9961.07826757097,2323.458519997075,30552.769493995584,2262.635741444867
1783296895,500,,Aggregated,60.800000,0.000000,7200,10000,11000,16000,22000,26000,28000,30000,32000,32000,32000,1351,0,7200.0,9891.920198988008,1929.6317940024892,32048.754684990854,2383.4330125832716
1783296896,500,,Aggregated,74.600000,0.000000,6500,9600,11000,15000,23000,29000,31000,32000,32000,33000,33000,1683,0,6500.0,9625.171169711683,827.9453099967213,32725.505162001355,2795.180629827689
1783296897,500,,Aggregated,80.800000,0.000000,5800,8000,10000,12000,23000,30000,31000,32000,32000,33000,33000,1975,0,5800.0,8687.539529086938,343.8999929931015,32725.505162001355,3401.3316455696204
1783296898,500,,Aggregated,95.000000,0.000000,4700,7100,9900,11000,21000,28000,31000,32000,32000,33000,33000,2312,0,4700.0,7625.429112125714,268.8438040058827,32725.505162001355,4173.961505190311
1783296899,500,,Aggregated,124.200000,0.000000,4100,6300,8500,10000,21000,28000,31000,32000,32000,33000,33000,2588,0,4100.0,6946.084081416342,268.8438040058827,32725.505162001355,4671.883307573416
1783296900,500,,Aggregated,141.200000,0.000000,3500,5900,7600,9900,19000,27000,31000,32000,32000,33000,33000,2835,0,3500.0,6458.011685766654,259.4952040089993,32725.505162001355,5206.88253968254
1783296901,500,,Aggregated,165.400000,0.000000,2900,5400,7200,8900,18000,25000,30000,31000,32000,33000,33000,3078,0,2900.0,6048.544155164529,106.70296399621293,32725.505162001355,5684.578947368421
1783296902,500,,Aggregated,185.200000,0.000000,2700,4800,6600,8100,17000,24000,30000,31000,32000,33000,33000,3318,0,2700.0,5693.617438060402,15.105258004041389,32725.505162001355,6017.856540084388
1783296903,500,,Aggregated,202.600000,0.000000,2400,4500,6300,7700,16000,23000,30000,31000,32000,33000,33000,3526,0,2400.0,5422.281260076446,15.105258004041389,32725.505162001355,6157.657402155417
1783296904,500,,Aggregated,215.300000,0.000000,2200,4300,6000,7300,13000,23000,30000,31000,32000,33000,33000,3748,0,2200.0,5149.390810670623,10.972235002554953,32725.505162001355,6236.717716115261
1783296905,500,,Aggregated,236.200000,0.000000,1900,3800,5700,6900,12000,23000,30000,31000,32000,33000,33000,4005,0,1900.0,4844.373334830616,10.972235002554953,32725.505162001355,6221.940823970038
1783296906,500,,Aggregated,237.800000,0.000000,1800,3400,5400,6500,11000,22000,30000,31000,32000,33000,33000,4218,0,1800.0,4603.063192186014,3.5183970030630007,32725.505162001355,6232.874585111427
1783296907,500,,Aggregated,250.800000,0.000000,1600,3000,5000,6200,11000,22000,30000,31000,32000,33000,33000,4456,0,1600.0,4359.716905814301,3.2667789928382263,32725.505162001355,6212.334380610413
1783296908,500,,Aggregated,257.600000,0.000000,1500,2900,4700,6100,11000,21000,30000,31000,32000,33000,33000,4643,0,1500.0,4186.100085951891,3.0008280009496957,32725.505162001355,6194.783114365712
1783296909,500,,Aggregated,245.800000,0.000000,1300,2700,4400,5800,11000,21000,30000,31000,32000,33000,33000,4877,0,1300.0,3994.211670959562,3.0008280009496957,32725.505162001355,6106.645888866106
1783296910,500,,Aggregated,241.800000,0.000000,1200,2500,4300,5600,10000,21000,29000,31000,32000,33000,33000,5088,0,1200.0,3830.4909307185153,3.0008280009496957,32725.505162001355,6116.663915094339
1783296911,500,,Aggregated,231.100000,0.000000,1100,2300,3900,5300,10000,20000,28000,31000,32000,33000,33000,5316,0,1100.0,3668.529053114901,2.7872270002262667,32725.505162001355,6082.280285929271
1783296912,500,,Aggregated,227.200000,0.000000,1000,2200,3600,5000,10000,19000,28000,31000,32000,33000,33000,5549,0,1000.0,3517.2296511648437,2.7872270002262667,32725.505162001355,6050.055325283835
1783296913,500,,Aggregated,223.800000,0.000000,970,2000,3400,4700,9900,19000,28000,31000,32000,33000,33000,5780,0,970.0,3379.988800790616,2.7872270002262667,32725.505162001355,6031.542214532872
1783296914,500,,Aggregated,221.400000,0.000000,900,1900,3000,4500,9300,18000,28000,31000,32000,33000,33000,5993,0,900.0,3260.7747051386373,2.7872270002262667,32725.505162001355,6022.874520273653
1783296915,500,,Aggregated,219.400000,0.000000,810,1800,2900,4400,8800,18000,28000,30000,32000,33000,33000,6215,0,810.0,3145.6180286833173,2.7872270002262667,32725.505162001355,6000.844247787611
1783296916,500,,Aggregated,222.900000,0.000000,710,1600,2800,4100,8600,17000,28000,30000,32000,33000,33000,6443,0,710.0,3036.0357734104746,2.7872270002262667,32725.505162001355,5983.9427285426045
1783296917,500,,Aggregated,221.400000,0.000000,630,1500,2700,3800,8100,17000,27000,30000,32000,33000,33000,6663,0,630.0,2936.877121918327,2.7872270002262667,32725.505162001355,5972.61924058232
1783296918,500,,Aggregated,219.100000,0.000000,560,1400,2600,3700,7800,17000,27000,30000,32000,33000,33000,6874,0,560.0,2848.698362235206,2.7872270002262667,32725.505162001355,5985.373436136165
1783296919,500,,Aggregated,220.800000,0.000000,460,1300,2400,3500,7600,15000,27000,30000,32000,33000,33000,7113,0,460.0,2755.4883442873725,2.7872270002262667,32725.505162001355,5964.94685786588
1783296920,500,,Aggregated,221.300000,0.000000,390,1300,2300,3200,7500,14000,27000,30000,32000,33000,33000,7332,0,390.0,2675.4564152187822,2.7872270002262667,32725.505162001355,6000.219039825422
1783296921,500,,Aggregated,222.800000,0.000000,340,1200,2200,3000,7300,13000,26000,30000,32000,33000,33000,7542,0,340.0,2602.4334790822163,2.7872270002262667,32725.505162001355,6002.68814638027
1783296922,500,,Aggregated,222.600000,0.000000,270,1100,2100,2900,7200,13000,24000,30000,32000,33000,33000,7771,0,270.0,2527.394322820241,2.7872270002262667,32725.505162001355,5978.050830009008
1783296923,500,,Aggregated,222.800000,0.000000,240,1100,1900,2800,6900,12000,24000,30000,32000,33000,33000,7987,0,240.0,2462.6752212818324,2.7872270002262667,32725.505162001355,5963.84950544635
1783296924,500,,Aggregated,221.700000,0.000000,200,1000,1900,2700,6700,11000,24000,30000,32000,33000,33000,8218,0,200.0,2396.0792480343184,2.7872270002262667,32725.505162001355,5965.491847164761
1783296926,500,,Aggregated,221.200000,0.000000,220,990,1800,2700,6500,11000,24000,30000,32000,33000,33000,8438,0,220.0,2344.0102703968955,2.7872270002262667,32725.505162001355,5980.778739037687
1783296927,500,,Aggregated,217.200000,0.000000,230,940,1700,2500,6400,11000,23000,30000,32000,33000,33000,8686,0,230.0,2288.851252762021,2.7872270002262667,32725.505162001355,5986.330531890399
1783296928,500,,Aggregated,211.300000,0.000000,220,900,1600,2400,6200,11000,23000,30000,32000,33000,33000,8886,0,220.0,2240.2177596296306,2.7872270002262667,32725.505162001355,5995.178257933829
1783296929,500,,Aggregated,212.700000,0.000000,200,830,1500,2300,6100,11000,23000,30000,32000,33000,33000,9132,0,200.0,2181.812106583211,2.7872270002262667,32725.505162001355,5967.489378011389
1783296930,500,,Aggregated,214.000000,0.000000,180,780,1400,2200,6000,11000,23000,30000,32000,33000,33000,9348,0,180.0,2132.2913637005768,2.7872270002262667,32725.505162001355,5954.833333333333
1783296931,500,,Aggregated,214.000000,0.000000,160,720,1400,2200,5900,11000,23000,30000,32000,33000,33000,9578,0,160.0,2082.4995338755602,2.7872270002262667,32725.505162001355,5942.7734391313425
1783296932,500,,Aggregated,211.800000,0.000000,160,680,1300,2000,5800,10000,23000,30000,32000,33000,33000,9788,0,160.0,2039.6062782397958,2.7872270002262667,32725.505162001355,5953.797404985697
1783296933,500,,Aggregated,212.000000,0.000000,150,630,1300,1900,5700,10000,23000,29000,32000,32000,33000,10024,0,150.0,1993.5067841646965,2.7872270002262667,32725.505162001355,5940.029130087789
1783296934,500,,Aggregated,213.100000,0.000000,140,590,1200,1900,5500,10000,22000,29000,32000,32000,33000,10249,0,140.0,1950.847089844648,2.7872270002262667,32725.505162001355,5942.778807688555
1783296935,500,,Aggregated,213.200000,0.000000,130,550,1200,1800,5400,10000,22000,28000,32000,32000,33000,10472,0,130.0,1910.1663877347073,2.7872270002262667,32725.505162001355,5920.494652406417
1783296936,500,,Aggregated,214.400000,0.000000,130,510,1100,1700,5100,10000,22000,28000,32000,32000,33000,10709,0,130.0,1868.835647790633,2.7872270002262667,32725.505162001355,5939.961994583995
1783296937,500,,Aggregated,217.400000,0.000000,120,480,1100,1600,5100,10000,22000,28000,32000,32000,33000,10896,0,120.0,1837.5322506125926,2.7872270002262667,32725.505162001355,5945.8900513950075
1783296938,500,,Aggregated,225.400000,0.000000,130,440,1000,1600,5000,10000,22000,28000,32000,32000,33000,11136,0,130.0,1802.4912776011768,2.7872270002262667,32725.505162001355,5955.6204202586205
1783296939,500,,Aggregated,225.000000,0.000000,120,410,1000,1500,4800,9900,21000,28000,32000,32000,33000,11394,0,120.0,1764.7538887370436,2.7872270002262667,32725.505162001355,5953.8220115850445
1783296940,500,,Aggregated,220.000000,0.000000,120,380,980,1500,4700,9800,21000,28000,32000,32000,33000,11607,0,120.0,1733.0311383892438,2.7872270002262667,32725.505162001355,5941.997587662618
1783296941,500,,Aggregated,223.000000,0.000000,120,350,940,1400,4600,9600,21000,28000,32000,32000,33000,11818,0,120.0,1702.8435719422032,2.7872270002262667,32725.505162001355,5952.078608901676
1783296942,500,,Aggregated,224.500000,0.000000,110,330,910,1400,4500,9200,21000,28000,32000,32000,33000,12050,0,110.0,1671.3339589480465,2.7872270002262667,32725.505162001355,5951.671369294606
1783296943,500,,Aggregated,223.700000,0.000000,110,310,860,1300,4400,8900,21000,28000,32000,32000,33000,12267,0,110.0,1642.6743902389946,2.7872270002262667,32725.505162001355,5941.245618325589
1783296944,500,,Aggregated,225.400000,0.000000,110,290,820,1300,4400,8800,21000,28000,32000,32000,33000,12495,0,110.0,1613.5405885955784,2.7872270002262667,32725.505162001355,5935.934133653462
1783296945,500,,Aggregated,224.300000,0.000000,100,270,780,1200,4300,8700,21000,28000,32000,32000,33000,12733,0,100.0,1584.0540088387554,2.7872270002262667,32725.505162001355,5931.223592240634
1783296946,500,,Aggregated,221.700000,0.000000,100,260,730,1200,4100,8500,21000,28000,32000,32000,33000,12960,0,100.0,1557.0490812443652,2.7872270002262667,32725.505162001355,5929.755787037037
1783296947,500,,Aggregated,224.300000,0.000000,100,250,700,1200,4000,8200,20000,27000,32000,32000,33000,13161,0,100.0,1535.8626668382385,2.7872270002262667,32725.505162001355,5934.913304460148
1783296948,500,,Aggregated,223.500000,0.000000,100,240,660,1100,3800,8000,20000,27000,32000,32000,33000,13388,0,100.0,1512.0094215363056,2.7872270002262667,32725.505162001355,5930.619659396474
1783296949,500,,Aggregated,215.700000,0.000000,100,230,630,1100,3800,7900,20000,27000,32000,32000,33000,13622,0,100.0,1488.0149921450784,2.7872270002262667,32725.505162001355,5928.876009396565
1783296950,500,,Aggregated,224.300000,0.000000,100,220,610,1100,3700,7700,19000,27000,32000,32000,33000,13846,0,100.0,1464.5953064671605,2.7872270002262667,32725.505162001355,5931.364220713564
1783296951,500,,Aggregated,223.200000,0.000000,98,210,580,1000,3600,7700,19000,27000,32000,32000,33000,14075,0,98,1441.4570394056339,2.7872270002262667,32725.505162001355,5943.960355239787
1783296952,500,,Aggregated,220.800000,0.000000,97,200,550,1000,3400,7600,19000,27000,32000,32000,33000,14311,0,97,1418.996887610815,2.7872270002262667,32725.505162001355,5930.3221298302005
1783296953,500,,Aggregated,223.100000,0.000000,95,200,520,970,3300,7600,18000,27000,32000,32000,33000,14520,0,95,1399.4240372693819,2.7872270002262667,32725.505162001355,5932.297520661157
1783296954,500,,Aggregated,223.900000,0.000000,95,190,490,940,3200,7400,18000,27000,32000,32000,33000,14768,0,95,1377.5755343454339,2.7872270002262667,32725.505162001355,5915.187026002167
1783296955,500,,Aggregated,222.400000,0.000000,94,190,470,920,3000,7300,18000,26000,32000,32000,33000,14980,0,94,1359.1284410869494,2.7872270002262667,32725.505162001355,5921.551535380508
1783296956,500,,Aggregated,225.400000,0.000000,94,190,450,890,3000,7200,18000,26000,32000,32000,33000,15167,0,94,1344.3031191180578,2.7872270002262667,32725.505162001355,5924.026109316279
1783296957,500,,Aggregated,223.200000,0.000000,96,190,420,850,2900,7200,18000,25000,32000,32000,33000,15411,0,96,1325.5212953966225,2.7872270002262667,32725.505162001355,5913.513659074687
1783296958,500,,Aggregated,220.400000,0.000000,94,180,400,820,2900,7200,18000,24000,32000,32000,33000,15632,0,94,1307.7661547125922,2.7872270002262667,32725.505162001355,5916.7402123848515
1783296959,500,,Aggregated,226.300000,0.000000,93,180,380,790,2800,7000,17000,24000,32000,32000,33000,15846,0,93,1290.701921853866,2.7872270002262667,32725.505162001355,5908.364950145147
1783296960,500,,Aggregated,222.200000,0.000000,92,170,370,760,2800,6900,17000,24000,32000,32000,33000,16075,0,92,1273.1959383652488,2.7872270002262667,32725.505162001355,5913.676080870918
1783296961,500,,Aggregated,221.500000,0.000000,90,170,350,720,2700,6800,17000,24000,32000,32000,33000,16311,0,90,1255.4088826549928,2.7872270002262667,32725.505162001355,5921.295444791858
1783296962,500,,Aggregated,222.500000,0.000000,88,160,340,690,2700,6700,17000,24000,32000,32000,33000,16537,0,88,1238.9385814277427,2.7872270002262667,32725.505162001355,5921.437866602165
1783296963,500,,Aggregated,221.500000,0.000000,87,160,320,660,2700,6500,17000,24000,32000,32000,33000,16761,0,87,1223.0018296183148,2.7872270002262667,32725.505162001355,5911.296104051071
1783296964,500,,Aggregated,220.400000,0.000000,86,160,310,640,2600,6500,17000,24000,32000,32000,33000,16970,0,86,1208.7457647958454,2.7872270002262667,32725.505162001355,5910.483087802004
1783296965,500,,Aggregated,222.100000,0.000000,86,150,300,610,2600,6500,17000,24000,32000,32000,33000,17190,0,86,1194.2954442158518,2.7872270002262667,32725.505162001355,5901.300988947062
1783296966,500,,Aggregated,219.700000,0.000000,86,150,290,600,2500,6400,16000,23000,32000,32000,33000,17427,0,86,1179.0873098294267,2.7872270002262667,32725.505162001355,5900.914156194411
1783296967,500,,Aggregated,219.300000,0.000000,85,150,280,580,2500,6300,16000,23000,32000,32000,33000,17593,0,85,1168.424902492835,2.7872270002262667,32725.505162001355,5895.027454101063
1783296968,500,,Aggregated,222.600000,0.000000,86,150,280,550,2400,6200,15000,23000,32000,32000,33000,17820,0,86,1156.09536105553,2.7872270002262667,32725.505162001355,5898.877384960719
1783296969,500,,Aggregated,221.500000,0.000000,87,150,280,530,2300,6100,15000,23000,32000,32000,33000,18057,0,87,1143.4637971638958,2.7872270002262667,32725.505162001355,5893.436395857562
1783296970,500,,Aggregated,217.600000,0.000000,86,150,270,510,2300,6100,14000,23000,32000,32000,33000,18282,0,86,1129.984121861858,2.7872270002262667,32725.505162001355,5892.3162673668085
1783296971,500,,Aggregated,216.600000,0.000000,85,150,270,490,2300,6100,13000,23000,32000,32000,33000,18494,0,85,1117.3576070495017,2.7872270002262667,32725.505162001355,5895.703417324537
1783296972,500,,Aggregated,219.800000,0.000000,85,150,260,470,2200,6000,13000,23000,32000,32000,33000,18723,0,85,1105.1032422827816,2.7872270002262667,32725.505162001355,5893.4057042140685
1783296973,500,,Aggregated,218.200000,0.000000,86,150,250,460,2200,5900,13000,23000,32000,32000,33000,18964,0,86,1092.7902126289557,2.7872270002262667,32725.505162001355,5898.03042607045
1783296974,500,,Aggregated,215.900000,0.000000,85,150,250,440,2200,5900,13000,23000,32000,32000,33000,19171,0,85,1081.609398446273,2.7872270002262667,32725.505162001355,5886.848521203901
1783296975,500,,Aggregated,217.600000,0.000000,84,150,240,420,2100,5800,13000,23000,32000,32000,33000,19389,0,84,1070.201968775357,2.7872270002262667,32725.505162001355,5887.66305637217
1783296976,500,,Aggregated,220.700000,0.000000,84,140,240,410,2000,5800,12000,23000,32000,32000,33000,19622,0,84,1058.367927042065,2.7872270002262667,32725.505162001355,5883.979308938946
1783296977,500,,Aggregated,218.000000,0.000000,83,140,230,400,2000,5800,12000,23000,32000,32000,33000,19834,0,83,1047.5851857350328,2.7872270002262667,32725.505162001355,5885.594232126651
1783296978,500,,Aggregated,217.800000,0.000000,83,140,230,380,1900,5700,12000,23000,32000,32000,33000,19990,0,83,1040.0771427157383,2.7872270002262667,32725.505162001355,5886.8620310155075
1783296979,500,,Aggregated,218.200000,0.000000,85,140,240,390,1900,5600,12000,22000,32000,32000,33000,20223,0,85,1031.9214529631997,2.7872270002262667,32725.505162001355,5885.459724076546
1783296980,500,,Aggregated,221.100000,0.000000,86,150,240,400,1900,5500,11000,22000,32000,32000,33000,20484,0,86,1022.0121487834825,2.7872270002262667,32725.505162001355,5879.981497754345
1783296981,500,,Aggregated,215.900000,0.000000,85,140,240,380,1800,5500,11000,22000,32000,32000,33000,20687,0,85,1012.45607149779,2.7872270002262667,32725.505162001355,5882.672451297916
1783296982,500,,Aggregated,213.000000,0.000000,84,140,230,370,1800,5400,11000,22000,32000,32000,33000,20897,0,84,1002.6552971533608,2.7872270002262667,32725.505162001355,5880.415657749916
1783296983,500,,Aggregated,217.800000,0.000000,83,140,230,360,1800,5400,11000,22000,32000,32000,33000,21136,0,83,992.1253391349275,2.7872270002262667,32725.505162001355,5885.818650643452
1783296984,500,,Aggregated,217.800000,0.000000,82,140,230,360,1700,5200,11000,22000,32000,32000,33000,21353,0,82,982.4315216812549,2.7872270002262667,32725.505162001355,5884.813234674285
1783296985,500,,Aggregated,215.000000,0.000000,82,140,220,350,1700,5100,11000,22000,32000,32000,33000,21588,0,82,972.5198375916698,2.7872270002262667,32725.505162001355,5878.029090235316
1783296986,500,,Aggregated,214.300000,0.000000,81,140,220,340,1600,5100,11000,22000,32000,32000,33000,21827,0,81,962.3488585239314,2.7872270002262667,32725.505162001355,5876.639849727402
1783296987,500,,Aggregated,216.900000,0.000000,80,140,210,330,1600,5000,11000,22000,32000,32000,33000,22065,0,80,952.6426317566202,2.734745998168364,32725.505162001355,5866.9176070700205
1783296988,500,,Aggregated,216.900000,0.000000,79,130,210,320,1600,5000,11000,22000,32000,32000,33000,22297,0,79,943.0841680438116,2.734745998168364,32725.505162001355,5869.999820603669
1783296989,500,,Aggregated,218.300000,0.000000,78,130,210,320,1500,4900,11000,22000,32000,32000,33000,22498,0,78,934.9475947582048,2.734745998168364,32725.505162001355,5870.5920526269
1783296990,500,,Aggregated,220.700000,0.000000,79,130,210,320,1500,4800,11000,21000,32000,32000,33000,22658,0,79,930.24771982179,2.734745998168364,32725.505162001355,5868.098684791244
1783296991,500,,Aggregated,227.800000,0.000000,80,140,220,330,1500,4700,11000,21000,32000,32000,33000,22930,0,80,922.4707079968208,2.734745998168364,32725.505162001355,5857.716005233318
1783296992,500,,Aggregated,221.700000,0.000000,79,130,210,320,1500,4700,11000,21000,32000,32000,33000,23135,0,79,914.5302183568685,2.734745998168364,32725.505162001355,5860.345277717744
1783296993,500,,Aggregated,217.500000,0.000000,80,130,210,310,1400,4700,11000,21000,32000,32000,33000,23354,0,80,907.05624060286,2.734745998168364,32725.505162001355,5858.064571379635
1783296994,500,,Aggregated,221.100000,0.000000,79,130,210,310,1400,4600,11000,21000,32000,32000,33000,23573,0,79,899.1741571395381,2.734745998168364,32725.505162001355,5858.225597081407
1783296995,500,,Aggregated,221.100000,0.000000,80,130,210,300,1400,4600,11000,21000,32000,32000,33000,23794,0,80,892.1076161065523,2.734745998168364,32725.505162001355,5852.1909725140795
1783296996,500,,Aggregated,220.200000,0.000000,80,130,200,300,1400,4500,11000,21000,32000,32000,33000,24040,0,80,884.1016009371616,2.734745998168364,32725.505162001355,5849.852911813644
1783296997,500,,Aggregated,220.200000,0.000000,80,130,200,290,1300,4400,11000,21000,32000,32000,33000,24257,0,80,876.6064694907177,2.734745998168364,32725.505162001355,5847.0018551346
1783296998,500,,Aggregated,218.900000,0.000000,79,130,200,290,1300,4400,10000,21000,32000,32000,33000,24512,0,79,867.910515725091,2.734745998168364,32725.505162001355,5841.559481070496
1783296999,500,,Aggregated,220.500000,0.000000,78,130,200,280,1300,4400,10000,21000,32000,32000,33000,24731,0,78,860.4520282974171,2.734745998168364,32725.505162001355,5839.536856576766
1783297000,500,,Aggregated,218.200000,0.000000,77,130,190,280,1300,4400,10000,21000,32000,32000,33000,24947,0,77,853.2600610698863,2.734745998168364,32725.505162001355,5835.489076842907
1783297001,500,,Aggregated,219.800000,0.000000,76,130,190,270,1300,4300,10000,21000,32000,32000,33000,25177,0,76,845.8510267984041,2.734745998168364,32725.505162001355,5836.947531477142
1783297002,500,,Aggregated,225.600000,0.000000,76,130,190,270,1200,4300,10000,21000,32000,32000,33000,25358,0,76,840.468078452576,2.734745998168364,32725.505162001355,5837.63613060967
1783297003,500,,Aggregated,226.300000,0.000000,77,130,190,270,1200,4200,10000,21000,32000,32000,33000,25588,0,77,835.2765118598729,2.734745998168364,32725.505162001355,5843.007698921369
1783297004,500,,Aggregated,224.200000,0.000000,77,130,190,270,1200,4100,10000,21000,32000,32000,33000,25846,0,77,828.2957109653889,2.734745998168364,32725.505162001355,5847.725218602492
1783297006,500,,Aggregated,220.800000,0.000000,78,130,190,270,1200,4100,10000,21000,32000,32000,33000,26069,0,78,822.2649296775257,2.734745998168364,32725.505162001355,5848.3410947869115
1783297007,500,,Aggregated,223.500000,0.000000,77,130,190,270,1200,4000,10000,20000,32000,32000,33000,26276,0,77,815.957814228593,2.734745998168364,32725.505162001355,5843.982074897244
1783297008,500,,Aggregated,222.100000,0.000000,76,130,190,260,1100,3900,10000,20000,32000,32000,33000,26522,0,76,808.747597665311,2.734745998168364,32725.505162001355,5840.646557574843
1783297009,500,,Aggregated,218.600000,0.000000,76,130,190,260,1100,3800,10000,20000,32000,32000,33000,26743,0,76,802.5159303943302,2.734745998168364,32725.505162001355,5839.9430505178925
1783297010,500,,Aggregated,221.200000,0.000000,75,120,180,260,1100,3800,10000,20000,32000,32000,33000,26966,0,75,796.1919447248567,2.734745998168364,32725.505162001355,5838.805162055923
1783297011,500,,Aggregated,218.800000,0.000000,75,120,180,250,1100,3800,10000,20000,32000,32000,33000,27194,0,75,790.1324576445772,2.734745998168364,32725.505162001355,5844.842906523498
1783297012,500,,Aggregated,218.400000,0.000000,74,120,180,250,1100,3700,10000,20000,32000,32000,33000,27413,0,74,784.2838299843359,2.734745998168364,32725.505162001355,5838.665450698573
1783297013,500,,Aggregated,218.700000,0.000000,73,120,180,250,1100,3700,10000,19000,32000,32000,33000,27649,0,73,777.8833328639244,2.734745998168364,32725.505162001355,5834.742341495172
1783297014,500,,Aggregated,218.500000,0.000000,73,120,180,240,1000,3600,10000,19000,32000,32000,33000,27873,0,73,772.243737649076,2.734745998168364,32725.505162001355,5838.2540092562695
1783297015,500,,Aggregated,224.600000,0.000000,73,120,170,240,1000,3600,9900,19000,32000,32000,33000,28087,0,73,766.5807359124018,2.734745998168364,32725.505162001355,5838.964645565564
1783297016,500,,Aggregated,223.600000,0.000000,72,120,170,240,1000,3600,9900,19000,32000,32000,33000,28310,0,72,760.8515666624364,2.734745998168364,32725.505162001355,5840.269056870364
1783297017,500,,Aggregated,221.400000,0.000000,72,120,170,240,1000,3500,9900,19000,32000,32000,33000,28438,0,72,758.0556220602572,2.734745998168364,32725.505162001355,5834.803045221183
1783297018,500,,Aggregated,222.300000,0.000000,73,120,180,250,1000,3400,9900,19000,32000,32000,33000,28689,0,73,755.310208856095,2.734745998168364,32725.505162001355,5828.173759977692
1783297019,500,,Aggregated,214.300000,0.000000,74,120,180,250,990,3400,9800,18000,32000,32000,33000,28943,0,74,750.7925987359447,2.734745998168364,32725.505162001355,5825.580900390422
1783297020,500,,Aggregated,214.700000,0.000000,73,120,180,250,970,3300,9700,18000,31000,32000,33000,29152,0,73,745.5948586728352,2.734745998168364,32725.505162001355,5824.337163830955
1783297021,500,,Aggregated,218.400000,0.000000,73,120,180,240,960,3200,9600,18000,31000,32000,33000,29375,0,73,740.2822009124928,2.734745998168364,32725.505162001355,5824.038468085107
1783297022,500,,Aggregated,217.300000,0.000000,73,120,180,240,950,3200,9600,18000,31000,32000,33000,29612,0,73,735.0304375370289,2.734745998168364,32725.505162001355,5829.039105767932
1783297023,500,,Aggregated,216.200000,0.000000,72,120,170,240,930,3100,9500,18000,31000,32000,33000,29847,0,72,729.5312044866309,2.734745998168364,32725.505162001355,5830.488122759406
1783297024,500,,Aggregated,218.200000,0.000000,72,120,170,240,920,3000,9200,18000,31000,32000,33000,30059,0,72,724.6388655388878,2.734745998168364,32725.505162001355,5835.820952127483
1783297025,500,,Aggregated,217.900000,0.000000,71,120,170,230,910,3000,9200,18000,31000,32000,33000,30271,0,71,719.7863896119593,2.734745998168364,32725.505162001355,5837.061246737801
1783297026,500,,Aggregated,216.500000,0.000000,71,120,170,230,890,3000,9000,18000,31000,32000,33000,30527,0,71,714.4308660039088,2.734745998168364,32725.505162001355,5835.843056965965
1783297027,500,,Aggregated,217.300000,0.000000,71,120,170,230,870,2900,8900,18000,31000,32000,33000,30751,0,71,709.5293053532654,2.734745998168364,32725.505162001355,5833.89577574713
1783297028,500,,Aggregated,218.700000,0.000000,70,120,170,230,850,2900,8900,18000,31000,32000,33000,30984,0,70,704.5469114717038,2.734745998168364,32725.505162001355,5831.897301833204
1783297029,500,,Aggregated,228.900000,0.000000,70,120,170,220,840,2900,8800,18000,31000,32000,33000,31205,0,70,699.8607710296543,2.734745998168364,32725.505162001355,5829.904983175773
1783297030,500,,Aggregated,226.900000,0.000000,69,110,160,220,830,2900,8800,18000,31000,32000,33000,31428,0,69,695.2714415699505,2.734745998168364,32725.505162001355,5829.708890161639
1783297031,500,,Aggregated,222.800000,0.000000,70,120,170,230,810,2800,8800,17000,31000,32000,33000,31665,0,70,692.2305577585788,2.734745998168364,32725.505162001355,5828.367187746723
1783297032,500,,Aggregated,226.900000,0.000000,71,120,170,230,800,2800,8600,17000,31000,32000,33000,31912,0,71,688.3115361463542,2.734745998168364,32725.505162001355,5823.673539734269
1783297033,500,,Aggregated,219.900000,0.000000,70,120,170,230,780,2800,8600,17000,31000,32000,33000,32139,0,70,683.6653426175159,2.734745998168364,32725.505162001355,5828.827468185071
1783297034,500,,Aggregated,221.100000,0.000000,69,120,160,220,770,2800,8500,17000,31000,32000,33000,32362,0,69,679.1748522924861,2.734745998168364,32725.505162001355,5829.828564365614
1783297035,500,,Aggregated,219.300000,0.000000,69,110,160,220,760,2700,8400,17000,31000,32000,33000,32580,0,69,674.8522465039789,2.734745998168364,32725.505162001355,5824.758133824432
1783297036,500,,Aggregated,221.200000,0.000000,68,110,160,220,750,2700,8200,17000,31000,32000,33000,32808,0,68,670.4709968801404,2.734745998168364,32725.505162001355,5826.845495001219
1783297037,500,,Aggregated,222.100000,0.000000,68,110,160,220,730,2700,8100,17000,31000,32000,33000,33039,0,68,665.9671463968803,2.734745998168364,32725.505162001355,5827.03190169194
1783297038,500,,Aggregated,220.400000,0.000000,68,110,160,210,720,2700,8100,17000,31000,32000,33000,33267,0,68,661.7665304452651,2.734745998168364,32725.505162001355,5825.581296780593
1783297039,500,,Aggregated,219.400000,0.000000,67,110,160,210,710,2700,8000,17000,31000,32000,33000,33491,0,67,657.705594608452,2.734745998168364,32725.505162001355,5834.530829177988
1783297040,500,,Aggregated,219.500000,0.000000,67,110,160,210,700,2700,8000,17000,31000,32000,33000,33720,0,67,653.7539571776605,2.734745998168364,32725.505162001355,5828.478618030842
1783297041,500,,Aggregated,221.500000,0.000000,67,110,160,210,690,2600,8000,17000,31000,32000,33000,33956,0,67,649.4163497427494,2.734745998168364,32725.505162001355,5830.449081163859
1783297042,500,,Aggregated,218.100000,0.000000,66,110,160,210,670,2600,7900,17000,31000,32000,33000,34186,0,66,645.3380894155149,2.734745998168364,32725.505162001355,5824.903615515123
1783297043,500,,Aggregated,227.000000,0.000000,66,110,150,200,660,2500,7800,16000,31000,32000,33000,34409,0,66,641.4024851056633,2.734745998168364,32725.505162001355,5821.14725798483
1783297044,500,,Aggregated,224.900000,0.000000,66,110,150,200,650,2500,7700,16000,31000,32000,33000,34621,0,66,637.7891172255495,2.734745998168364,32725.505162001355,5819.540047947778
1783297045,500,,Aggregated,226.400000,0.000000,66,110,150,200,650,2500,7700,16000,31000,32000,33000,34724,0,66,636.2074337441458,2.734745998168364,32725.505162001355,5825.431344315171
1783297046,500,,Aggregated,224.400000,0.000000,66,110,160,210,670,2500,7700,16000,31000,32000,33000,34978,0,66,635.3327378753693,2.734745998168364,32725.505162001355,5827.6416032934985
1783297047,500,,Aggregated,224.000000,0.000000,67,110,160,220,670,2500,7700,16000,31000,32000,33000,35218,0,67,633.4968759015477,2.734745998168364,32725.505162001355,5825.050996649441
1783297048,500,,Aggregated,211.500000,0.000000,67,110,160,210,660,2400,7600,15000,31000,32000,33000,35420,0,67,630.1044574540281,2.734745998168364,32725.505162001355,5819.316403162055
1783297049,500,,Aggregated,214.700000,0.000000,67,110,160,210,650,2400,7600,15000,31000,32000,33000,35668,0,67,626.1054027998669,2.734745998168364,32725.505162001355,5823.117388135023
1783297050,500,,Aggregated,216.400000,0.000000,66,110,160,210,650,2400,7600,15000,31000,32000,33000,35913,0,66,622.151766768879,2.734745998168364,32725.505162001355,5822.875810987664
1783297051,500,,Aggregated,212.700000,0.000000,66,110,160,210,640,2300,7600,15000,31000,32000,33000,36143,0,66,618.408458358018,2.734745998168364,32725.505162001355,5826.667930166284
1783297052,500,,Aggregated,215.800000,0.000000,65,110,150,210,630,2300,7600,14000,31000,32000,33000,36346,0,65,615.0827731324149,2.734745998168364,32725.505162001355,5823.877675672701
1783297053,500,,Aggregated,216.600000,0.000000,66,110,150,210,630,2300,7600,14000,31000,32000,33000,36580,0,66,612.0332523108987,2.734745998168364,32725.505162001355,5818.568206670312
1783297054,500,,Aggregated,216.000000,0.000000,65,110,150,200,620,2300,7400,13000,31000,32000,33000,36793,0,65,608.774918996649,2.734745998168364,32725.505162001355,5813.815916070992
1783297055,500,,Aggregated,214.000000,0.000000,65,110,150,200,610,2300,7300,13000,31000,32000,33000,37022,0,65,605.3918976298866,2.734745998168364,32725.505162001355,5807.215871643887
1783297056,500,,Aggregated,215.800000,0.000000,65,110,150,200,610,2200,7300,13000,31000,32000,33000,37253,0,65,601.8382130316078,2.734745998168364,32725.505162001355,5802.021394250128
1783297057,500,,Aggregated,215.600000,0.000000,64,110,150,200,600,2200,7300,13000,31000,32000,33000,37490,0,64,598.3050832469036,2.734745998168364,32725.505162001355,5797.769378500933
1783297058,500,,Aggregated,229.100000,0.000000,64,110,150,200,600,2200,7300,13000,31000,32000,33000,37713,0,64,595.013281695553,2.734745998168364,32725.505162001355,5795.324874711638
1783297059,500,,Aggregated,225.700000,0.000000,64,110,150,200,590,2200,7200,13000,31000,32000,33000,37946,0,64,591.5142037319185,2.734745998168364,32725.505162001355,5791.905760818005
1783297060,500,,Aggregated,225.000000,0.000000,64,110,150,200,590,2200,7200,13000,31000,32000,33000,38075,0,64,590.0903440148994,2.734745998168364,32725.505162001355,5795.093893630991
1783297061,500,,Aggregated,226.700000,0.000000,64,110,150,200,600,2200,7200,13000,31000,32000,33000,38320,0,64,589.2377972577851,2.734745998168364,32725.505162001355,5797.900704592902
1783297062,500,,Aggregated,225.200000,0.000000,65,110,150,200,590,2100,7200,13000,31000,32000,33000,38545,0,65,587.1586543834029,2.734745998168364,32725.505162001355,5796.675314567388
1783297063,500,,Aggregated,214.200000,0.000000,65,110,150,200,590,2100,7200,13000,31000,32000,33000,38777,0,65,583.8492142272279,2.734745998168364,32725.505162001355,5798.283467003636
1783297064,500,,Aggregated,216.300000,0.000000,64,110,150,200,580,2100,7200,12000,31000,32000,33000,39002,0,64,580.6589824070096,2.734745998168364,32725.505162001355,5799.941900415363
1783297066,500,,Aggregated,218.300000,0.000000,65,110,150,200,580,2000,7100,12000,31000,32000,33000,39269,0,65,578.290385273754,2.734745998168364,32725.505162001355,5800.412029845425
1783297067,500,,Aggregated,215.200000,0.000000,65,110,150,200,570,2000,7100,12000,31000,32000,33000,39512,0,65,575.0930208945655,2.734745998168364,32725.505162001355,5800.584050415064
1783297068,500,,Aggregated,214.000000,0.000000,64,110,150,200,560,2000,6900,12000,31000,32000,33000,39716,0,64,572.3391948099027,2.734745998168364,32725.505162001355,5801.006924161547
1783297069,500,,Aggregated,217.100000,0.000000,64,110,150,200,560,1900,6900,12000,31000,32000,33000,39950,0,64,569.3486305853111,2.734745998168364,32725.505162001355,5801.267234042553
1783297070,500,,Aggregated,215.000000,0.000000,64,110,150,200,560,1900,6900,12000,31000,32000,33000,40172,0,64,566.6220761784085,2.734745998168364,32725.505162001355,5801.6852783032955
1783297071,500,,Aggregated,215.600000,0.000000,64,110,150,200,550,1900,6900,12000,31000,32000,33000,40402,0,64,563.6153169364898,2.734745998168364,32725.505162001355,5805.08826295728
1783297072,500,,Aggregated,213.500000,0.000000,63,110,150,200,550,1900,6900,12000,31000,32000,33000,40605,0,63,560.9766655211159,2.734745998168364,32725.505162001355,5805.772146287403
1783297073,500,,Aggregated,224.100000,0.000000,63,110,150,190,540,1900,6800,11000,31000,32000,33000,40858,0,63,557.9187869037142,2.734745998168364,32725.505162001355,5806.653262518968
1783297074,500,,Aggregated,219.500000,0.000000,63,110,150,190,530,1900,6700,11000,31000,32000,33000,41066,0,63,555.3304554500736,2.734745998168364,32725.505162001355,5809.044391954415
1783297075,500,,Aggregated,220.000000,0.000000,64,110,150,190,530,1900,6700,11000,31000,32000,33000,41195,0,64,554.551265010116,2.734745998168364,32725.505162001355,5808.918169680786
1783297076,500,,Aggregated,219.300000,0.000000,64,110,150,200,550,1800,6600,11000,31000,32000,33000,41446,0,64,553.9035666011372,2.734745998168364,32725.505162001355,5807.815422477441
1783297077,500,,Aggregated,213.800000,0.000000,64,110,150,200,550,1800,6600,11000,31000,32000,33000,41702,0,64,551.40558591724,2.734745998168364,32725.505162001355,5810.430554889454
1783297078,500,,Aggregated,216.100000,0.000000,64,110,150,200,540,1800,6500,11000,31000,32000,33000,41904,0,64,548.8652916620334,2.734745998168364,32725.505162001355,5809.41795532646
1783297079,500,,Aggregated,216.600000,0.000000,63,110,150,200,530,1800,6500,11000,31000,32000,33000,42143,0,63,545.952687205843,2.734745998168364,32725.505162001355,5807.965664523171
1783297080,500,,Aggregated,215.600000,0.000000,64,110,150,200,530,1800,6500,11000,31000,32000,33000,42378,0,64,543.496077315941,2.734745998168364,32725.505162001355,5805.998560573883
1783297081,500,,Aggregated,217.100000,0.000000,63,110,150,200,520,1700,6500,11000,31000,32000,33000,42598,0,63,540.8371723985645,2.734745998168364,32725.505162001355,5806.277125686652
1783297082,500,,Aggregated,217.800000,0.000000,63,110,150,190,520,1700,6500,11000,31000,32000,33000,42827,0,63,538.2828733726863,2.734745998168364,32725.505162001355,5806.877437130782
1783297083,500,,Aggregated,217.100000,0.000000,63,110,150,190,520,1700,6500,11000,31000,32000,33000,43059,0,63,535.604888741332,2.734745998168364,32725.505162001355,5806.418495552613
1783297084,500,,Aggregated,220.600000,0.000000,62,110,150,190,510,1700,6400,11000,31000,32000,33000,43295,0,62,532.9310233854984,2.734745998168364,32725.505162001355,5806.627047003118
1783297085,500,,Aggregated,219.600000,0.000000,62,100,150,190,510,1700,6400,11000,31000,32000,33000,43512,0,62,530.4350787060608,2.734745998168364,32725.505162001355,5804.079725133297
1783297086,500,,Aggregated,221.400000,0.000000,62,100,150,190,510,1600,6300,11000,31000,32000,33000,43726,0,62,528.0842706881048,2.734745998168364,32725.505162001355,5807.182019850889
1783297087,500,,Aggregated,229.100000,0.000000,62,100,150,190,500,1600,6300,11000,31000,32000,33000,43964,0,62,525.661753283687,2.734745998168364,32725.505162001355,5806.124852151761
1783297088,500,,Aggregated,228.500000,0.000000,62,100,140,190,500,1600,6200,11000,31000,32000,33000,44179,0,62,523.3137499791749,2.734745998168364,32725.505162001355,5806.6290318929805
1783297089,500,,Aggregated,225.300000,0.000000,62,100,140,190,490,1600,6200,11000,31000,32000,33000,44421,0,62,521.0076439530859,2.734745998168364,32725.505162001355,5810.16782602823
1783297090,500,,Aggregated,225.700000,0.000000,62,100,140,190,490,1600,6200,11000,31000,32000,33000,44592,0,62,519.6529939725324,2.734745998168364,32725.505162001355,5810.891662181557
1783297091,500,,Aggregated,223.600000,0.000000,62,100,140,190,490,1600,6100,11000,31000,32000,33000,44837,0,62,517.1306117560094,2.734745998168364,32725.505162001355,5810.664629658541
1783297092,500,,Aggregated,219.100000,0.000000,62,100,140,190,480,1500,6100,11000,31000,32000,33000,45065,0,62,514.6933612352202,2.734745998168364,32725.505162001355,5812.10953067791
1783297093,500,,Aggregated,222.300000,0.000000,61,100,140,180,480,1500,6100,11000,31000,32000,33000,45291,0,61,512.3344695254708,2.734745998168364,32725.505162001355,5806.785233269303
1783297094,500,,Aggregated,222.000000,0.000000,61,100,140,180,480,1500,6100,11000,31000,32000,33000,45517,0,61,509.9209791040965,2.734745998168364,32725.505162001355,5806.8335127534765
1783297095,500,,Aggregated,221.200000,0.000000,61,100,140,180,470,1500,6100,11000,31000,32000,33000,45738,0,61,507.7033156348165,2.734745998168364,32725.505162001355,5812.169618260527
1783297096,500,,Aggregated,221.200000,0.000000,61,100,140,180,470,1500,6100,11000,31000,32000,33000,45952,0,61,505.6461693957667,2.734745998168364,32725.505162001355,5818.448707346796
1783297097,500,,Aggregated,221.700000,0.000000,61,100,140,180,470,1500,6100,11000,31000,32000,33000,46193,0,61,503.3682444810092,2.734745998168364,32725.505162001355,5815.944775182387
1783297098,500,,Aggregated,219.800000,0.000000,61,100,140,180,460,1500,6100,11000,31000,32000,33000,46403,0,61,501.33242964113094,2.734745998168364,32725.505162001355,5811.295584337219
1783297099,500,,Aggregated,221.200000,0.000000,61,100,140,180,460,1400,6000,11000,31000,32000,33000,46652,0,61,499.07325991623816,2.734745998168364,32725.505162001355,5812.647453485381
1783297100,500,,Aggregated,221.100000,0.000000,60,100,140,180,460,1400,6000,11000,31000,32000,33000,46865,0,60,496.9515929255387,2.734745998168364,32725.505162001355,5810.348276965753
1783297101,500,,Aggregated,222.000000,0.000000,61,100,140,180,460,1400,6000,11000,31000,32000,33000,47099,0,61,496.03630430330406,2.734745998168364,32725.505162001355,5813.012378182127
1783297102,500,,Aggregated,229.400000,0.000000,61,100,140,180,460,1400,5900,11000,31000,32000,33000,47351,0,61,494.4141647316478,2.734745998168364,32725.505162001355,5814.589786910519
1783297103,500,,Aggregated,215.200000,0.000000,61,100,140,180,460,1400,5900,11000,31000,32000,33000,47566,0,61,492.3399707267449,2.734745998168364,32725.505162001355,5814.604171046546
1783297104,500,,Aggregated,217.300000,0.000000,61,100,140,180,460,1400,5900,11000,31000,32000,33000,47810,0,61,490.06340533136336,2.734745998168364,32725.505162001355,5813.493076762184
1783297105,500,,Aggregated,219.100000,0.000000,61,100,140,180,450,1400,5900,11000,31000,32000,33000,47957,0,61,489.0896914573342,2.734745998168364,32725.505162001355,5815.493025001564
1783297106,500,,Aggregated,217.300000,0.000000,61,100,140,180,460,1400,5900,11000,31000,32000,33000,48214,0,61,487.84255965877827,2.734745998168364,32725.505162001355,5813.569233002862
1783297107,500,,Aggregated,218.900000,0.000000,61,100,140,180,450,1300,5800,11000,31000,32000,33000,48448,0,61,485.8651209883891,2.734745998168364,32725.505162001355,5812.479978533685
1783297108,500,,Aggregated,215.200000,0.000000,61,100,140,180,450,1300,5800,11000,31000,32000,33000,48690,0,61,483.60288846232083,2.734745998168364,32725.505162001355,5811.179523516123
1783297109,500,,Aggregated,214.800000,0.000000,61,100,140,180,440,1300,5800,10000,31000,32000,33000,48908,0,61,481.7035617833742,2.734745998168364,32725.505162001355,5813.467612660505
1783297110,500,,Aggregated,218.500000,0.000000,61,100,140,180,440,1300,5800,10000,31000,32000,33000,49145,0,61,479.67427417436977,2.734745998168364,32725.505162001355,5813.7829484179465
1783297111,500,,Aggregated,218.200000,0.000000,60,100,140,180,440,1300,5800,10000,31000,32000,33000,49363,0,60,477.6766089087674,2.734745998168364,32725.505162001355,5812.5827846767825
1783297112,500,,Aggregated,216.500000,0.000000,60,100,140,180,440,1300,5800,10000,31000,32000,33000,49588,0,60,475.69304860019764,2.734745998168364,32725.505162001355,5808.809490199242
1783297113,500,,Aggregated,227.900000,0.000000,60,100,140,180,440,1300,5700,10000,31000,32000,33000,49820,0,60,473.7308966280108,2.734745998168364,32725.505162001355,5802.434102769972
1783297114,500,,Aggregated,224.200000,0.000000,60,100,140,180,430,1300,5700,10000,31000,32000,33000,50042,0,60,471.80762930958696,2.734745998168364,32725.505162001355,5801.039267015707
1783297115,500,,Aggregated,222.800000,0.000000,60,100,140,170,430,1300,5700,10000,31000,32000,33000,50243,0,60,470.0412308564055,2.734745998168364,32725.505162001355,5801.875923014151
1783297116,500,,Aggregated,224.000000,0.000000,60,100,140,170,430,1300,5700,10000,31000,32000,33000,50482,0,60,468.2656842689948,2.734745998168364,32725.505162001355,5797.934392456717
1783297117,500,,Aggregated,222.900000,0.000000,59,100,140,170,430,1200,5600,10000,31000,32000,33000,50729,0,59,466.2459141695735,2.734745998168364,32725.505162001355,5797.896193498787
1783297118,500,,Aggregated,225.200000,0.000000,59,100,140,170,420,1200,5600,10000,31000,32000,33000,50949,0,59,464.33948341510836,2.734745998168364,32725.505162001355,5800.096783057567
1783297119,500,,Aggregated,225.300000,0.000000,59,100,140,170,420,1200,5500,10000,31000,32000,33000,51170,0,59,462.4287710441742,2.734745998168364,32725.505162001355,5796.995016611296
1783297120,500,,Aggregated,224.900000,0.000000,59,100,140,170,420,1200,5500,10000,31000,32000,33000,51398,0,59,460.63246591728137,2.734745998168364,32725.505162001355,5799.027432974046
1783297121,500,,Aggregated,224.600000,0.000000,58,99,130,170,420,1200,5500,10000,31000,32000,33000,51611,0,58,458.92191040562017,2.734745998168364,32725.505162001355,5795.901241983298
1783297122,500,,Aggregated,224.500000,0.000000,59,100,140,170,420,1200,5400,10000,31000,32000,33000,51779,0,59,457.98178331171925,2.734745998168364,32725.505162001355,5795.160412522451
1783297123,500,,Aggregated,222.800000,0.000000,59,100,140,170,420,1200,5400,10000,31000,32000,33000,52027,0,59,457.0304641904862,2.734745998168364,32725.505162001355,5794.9701885559425
1783297124,500,,Aggregated,223.000000,0.000000,59,100,140,170,410,1200,5400,10000,31000,32000,33000,52264,0,59,455.23021177071195,2.734745998168364,32725.505162001355,5796.167419256085
1783297126,500,,Aggregated,217.700000,0.000000,59,100,140,170,410,1200,5400,10000,31000,32000,33000,52491,0,59,453.4309480795456,2.724918012972921,32725.505162001355,5797.197614829209
1783297127,500,,Aggregated,219.800000,0.000000,59,100,140,170,410,1200,5400,10000,31000,32000,33000,52700,0,59,451.9147603169699,2.724918012972921,32725.505162001355,5798.6076091081595
1783297128,500,,Aggregated,222.900000,0.000000,59,99,130,170,410,1200,5300,10000,31000,32000,33000,52946,0,59,449.9826537460497,2.724918012972921,32725.505162001355,5799.673667510294
1783297129,500,,Aggregated,220.000000,0.000000,58,99,130,170,410,1100,5300,10000,31000,32000,33000,53180,0,58,448.12067270008066,2.724918012972921,32725.505162001355,5797.181760060173
1783297130,500,,Aggregated,220.500000,0.000000,58,98,130,170,410,1100,5200,10000,31000,32000,33000,53401,0,58,446.37711101519267,2.724918012972921,32725.505162001355,5797.313627085635
1783297131,500,,Aggregated,221.000000,0.000000,58,98,130,170,400,1100,5100,10000,31000,32000,33000,53640,0,58,444.6642673404229,2.724918012972921,32725.505162001355,5796.832140193886
1783297132,500,,Aggregated,221.200000,0.000000,58,98,130,170,400,1100,5100,10000,31000,32000,33000,53863,0,58,442.9532756690375,2.724918012972921,32725.505162001355,5794.052930583146
1783297133,500,,Aggregated,223.300000,0.000000,57,98,130,170,400,1100,5100,10000,31000,32000,33000,54103,0,57,441.1874149590299,2.724918012972921,32725.505162001355,5793.694249856755
1783297134,500,,Aggregated,223.200000,0.000000,57,97,130,170,400,1100,5100,10000,31000,32000,33000,54333,0,57,439.47444994320614,2.724918012972921,32725.505162001355,5794.244345057332
1783297135,500,,Aggregated,230.400000,0.000000,57,97,130,160,390,1100,5100,10000,31000,32000,33000,54566,0,57,437.8107841708819,2.724918012972921,32725.505162001355,5793.104204083129
1783297136,500,,Aggregated,228.900000,0.000000,57,97,130,160,390,1100,5100,10000,31000,32000,33000,54795,0,57,436.0727267104907,2.724918012972921,32725.505162001355,5792.32267542659
1783297137,500,,Aggregated,228.600000,0.000000,56,96,130,160,390,1100,5000,10000,31000,32000,33000,55000,0,56,434.5392055118591,2.724918012972921,32725.505162001355,5796.073618181818
1783297138,500,,Aggregated,228.000000,0.000000,56,96,130,160,390,1100,5000,10000,31000,32000,33000,55225,0,56,432.8882031812629,2.724918012972921,32725.505162001355,5797.74786781349
1783297139,500,,Aggregated,228.000000,0.000000,56,96,130,160,380,1100,5000,10000,31000,32000,33000,55460,0,56,431.2553638791792,2.724918012972921,32725.505162001355,5794.579480706816
1783297140,500,,Aggregated,226.100000,0.000000,56,96,130,160,380,1100,5000,10000,31000,32000,33000,55601,0,56,430.34280958368043,2.724918012972921,32725.505162001355,5797.37157605079
1783297141,500,,Aggregated,226.600000,0.000000,56,97,130,160,390,1100,4900,9900,31000,32000,33000,55846,0,56,429.93803111510357,2.724918012972921,32725.505162001355,5795.3270959424135
1783297142,500,,Aggregated,218.000000,0.000000,57,97,130,160,390,1100,4900,9900,31000,32000,33000,56085,0,57,428.6798751437621,2.724918012972921,32725.505162001355,5797.162235891949
1783297143,500,,Aggregated,218.800000,0.000000,56,97,130,160,390,1000,4900,9900,31000,32000,33000,56300,0,56,427.25153553230905,2.724918012972921,32725.505162001355,5796.953907637655
1783297144,500,,Aggregated,221.100000,0.000000,57,97,130,160,380,1000,4800,9900,31000,32000,33000,56517,0,57,425.99328634056934,2.724918012972921,32725.505162001355,5798.051028893961
1783297145,500,,Aggregated,218.200000,0.000000,56,96,130,160,380,1000,4800,9900,31000,32000,33000,56748,0,56,424.44872032522693,2.724918012972921,32725.505162001355,5797.653573694227
1783297146,500,,Aggregated,216.700000,0.000000,56,96,130,160,380,1000,4800,9900,31000,32000,33000,56969,0,56,422.9073570719478,2.724918012972921,32725.505162001355,5793.872614930928
1783297147,500,,Aggregated,216.000000,0.000000,56,96,130,160,380,1000,4700,9900,31000,32000,33000,57194,0,56,421.5330283688978,2.724918012972921,32725.505162001355,5793.959069133126
1783297148,500,,Aggregated,216.300000,0.000000,56,96,130,160,380,1000,4700,9900,31000,32000,33000,57438,0,56,419.8602759650158,2.724918012972921,32725.505162001355,5792.204585814269
1783297149,500,,Aggregated,217.100000,0.000000,56,95,130,160,380,1000,4700,9900,31000,32000,33000,57647,0,56,418.495569283145,2.724918012972921,32725.505162001355,5791.926223394105
1783297150,500,,Aggregated,219.300000,0.000000,55,95,130,160,370,1000,4700,9800,31000,32000,33000,57866,0,55,417.02617741707445,2.724918012972921,32725.505162001355,5791.093232640929
1783297151,500,,Aggregated,216.200000,0.000000,55,95,130,160,370,1000,4700,9800,31000,32000,33000,58108,0,55,415.48380718552545,2.724918012972921,32725.505162001355,5788.111740207889
1783297152,500,,Aggregated,224.300000,0.000000,55,94,130,160,370,1000,4700,9700,31000,32000,33000,58338,0,55,414.00029770226104,2.724918012972921,32725.505162001355,5789.168895059824
1783297153,500,,Aggregated,223.400000,0.000000,55,94,130,160,370,990,4600,9700,31000,32000,33000,58577,0,55,412.5579940994679,2.724918012972921,32725.505162001355,5788.027058401762
1783297154,500,,Aggregated,222.100000,0.000000,55,94,130,160,370,980,4600,9600,31000,32000,33000,58809,0,55,411.0298693476781,2.724918012972921,32725.505162001355,5784.53610841878
1783297155,500,,Aggregated,225.500000,0.000000,55,94,130,160,360,980,4600,9600,31000,32000,33000,59013,0,55,409.72835763585357,2.724918012972921,32725.505162001355,5784.053683086778
1783297156,500,,Aggregated,226.000000,0.000000,54,93,130,160,360,970,4600,9600,31000,32000,33000,59250,0,54,408.27735539268724,2.724918012972921,32725.505162001355,5785.93188185654
1783297157,500,,Aggregated,225.800000,0.000000,54,93,130,160,360,970,4600,9500,31000,32000,33000,59434,0,54,407.1560695191426,2.724918012972921,32725.505162001355,5785.202678601474
1783297158,500,,Aggregated,225.600000,0.000000,55,94,130,160,370,960,4600,9500,31000,32000,33000,59632,0,55,407.07490150376634,2.724918012972921,32725.505162001355,5787.521347598605
1783297159,500,,Aggregated,228.100000,0.000000,55,95,130,160,380,980,4500,9400,31000,32000,33000,59888,0,55,407.94268681003877,2.724918012972921,32725.505162001355,5787.774762890729
1783297160,500,,Aggregated,213.400000,0.000000,55,95,130,160,380,970,4500,9200,30000,32000,33000,60124,0,55,406.8373347275566,2.724918012972921,32725.505162001355,5786.0194764154085
1783297161,500,,Aggregated,214.400000,0.000000,55,95,130,160,380,970,4500,9200,30000,32000,33000,60347,0,55,405.5238573550895,2.724918012972921,32725.505162001355,5786.786799675212
1783297162,500,,Aggregated,218.400000,0.000000,55,94,130,160,380,960,4400,9200,30000,32000,33000,60586,0,55,404.0474221119343,2.724918012972921,32725.505162001355,5787.725134519526
1783297163,500,,Aggregated,215.600000,0.000000,55,94,130,160,370,960,4400,9200,30000,32000,33000,60785,0,55,402.8474470545642,2.724918012972921,32725.505162001355,5790.217997861315
1783297164,500,,Aggregated,217.000000,0.000000,55,94,130,160,370,950,4400,9000,30000,32000,33000,61023,0,55,401.6129172997991,2.724918012972921,32725.505162001355,5789.413040984547
1783297165,500,,Aggregated,212.600000,0.000000,55,94,130,160,370,940,4400,8900,30000,32000,33000,61255,0,55,400.3654104896522,2.724918012972921,32725.505162001355,5786.858999265366
1783297166,500,,Aggregated,214.300000,0.000000,55,94,130,160,370,940,4400,8900,30000,32000,33000,61486,0,55,399.13822404569373,2.724918012972921,32725.505162001355,5784.713463227401
1783297167,500,,Aggregated,215.900000,0.000000,55,94,130,160,370,930,4400,8900,30000,32000,33000,61709,0,55,398.01895230921804,2.724918012972921,32725.505162001355,5783.938193780486
1783297168,500,,Aggregated,214.900000,0.000000,55,94,130,160,360,930,4400,8900,30000,32000,33000,61933,0,55,396.766032891389,2.724918012972921,32725.505162001355,5781.709314904817
1783297169,500,,Aggregated,212.700000,0.000000,55,94,130,160,360,920,4400,8800,30000,32000,33000,62160,0,55,395.3971078324548,2.724918012972921,32725.505162001355,5779.9604407979405
1783297170,500,,Aggregated,226.700000,0.000000,54,93,130,160,360,920,4400,8800,30000,32000,33000,62380,0,54,394.11125066467497,2.724918012972921,32725.505162001355,5780.793747996153
1783297171,500,,Aggregated,226.200000,0.000000,54,93,130,160,360,920,4400,8800,30000,32000,33000,62596,0,54,392.8477635581874,2.724918012972921,32725.505162001355,5779.740846060451
1783297172,500,,Aggregated,223.800000,0.000000,54,93,130,150,360,910,4400,8800,30000,32000,33000,62849,0,54,391.4328684858676,2.724918012972921,32725.505162001355,5781.697783576509
1783297174,500,,Aggregated,222.900000,0.000000,54,93,120,150,360,910,4300,8800,30000,32000,33000,63049,0,54,390.35213456640525,2.724918012972921,32725.505162001355,5782.486209138924
1783297175,500,,Aggregated,226.600000,0.000000,54,93,130,160,360,900,4300,8800,30000,32000,33000,63298,0,54,390.12467097755547,2.724918012972921,32725.505162001355,5784.8133432335935
1783297176,500,,Aggregated,215.900000,0.000000,55,94,130,160,370,900,4300,8700,30000,32000,33000,63553,0,55,389.79763580903034,2.724918012972921,32725.505162001355,5783.452818907054
1783297177,500,,Aggregated,214.800000,0.000000,54,94,130,160,360,890,4300,8700,30000,32000,33000,63769,0,54,388.56179831766707,2.724918012972921,32725.505162001355,5784.500838965641
1783297178,500,,Aggregated,219.400000,0.000000,54,93,130,160,360,890,4200,8600,30000,32000,33000,64016,0,54,387.1943857239793,2.724918012972921,32725.505162001355,5787.771994501375
1783297179,500,,Aggregated,219.200000,0.000000,54,93,130,160,360,880,4200,8600,30000,32000,33000,64231,0,54,385.9851407823537,2.724918012972921,32725.505162001355,5784.667247902104
1783297180,500,,Aggregated,218.900000,0.000000,54,93,130,160,360,870,4100,8600,30000,32000,33000,64461,0,54,384.72791724105065,2.724918012972921,32725.505162001355,5787.942368253673
1783297181,500,,Aggregated,219.900000,0.000000,54,93,130,150,360,870,4100,8500,30000,32000,33000,64688,0,54,383.5694714309834,2.724918012972921,32725.505162001355,5792.0719453376205
1783297182,500,,Aggregated,218.900000,0.000000,53,92,120,150,360,860,4100,8400,30000,32000,33000,64934,0,53,382.24882761470775,2.724918012972921,32725.505162001355,5789.575415036807
1783297183,500,,Aggregated,219.600000,0.000000,53,92,120,150,360,860,4100,8400,30000,32000,33000,65147,0,53,381.07353209058823,2.724918012972921,32725.505162001355,5788.487958002671
1783297184,500,,Aggregated,221.700000,0.000000,53,92,120,150,350,850,4100,8300,30000,32000,33000,65371,0,53,379.87367170091534,2.724918012972921,32725.505162001355,5787.851386700525
1783297185,500,,Aggregated,220.300000,0.000000,53,91,120,150,350,850,4000,8200,30000,32000,33000,65613,0,53,378.5757326177326,2.724918012972921,32725.505162001355,5785.042095316477
1783297186,500,,Aggregated,227.900000,0.000000,52,91,120,150,350,840,4000,8200,30000,32000,33000,65840,0,52,377.3578840915892,2.724918012972921,32725.505162001355,5780.300045565006
1783297187,500,,Aggregated,229.800000,0.000000,52,91,120,150,350,840,3900,8100,30000,32000,33000,66071,0,52,376.17709556269983,2.724918012972921,32725.505162001355,5778.623844046556
1783297188,500,,Aggregated,225.700000,0.000000,52,91,120,150,350,840,3900,8100,30000,32000,33000,66304,0,52,375.115733376314,2.724918012972921,32725.505162001355,5780.814083614865
1783297189,500,,Aggregated,228.700000,0.000000,52,91,120,150,350,830,3900,8100,30000,32000,33000,66507,0,52,374.0561553161193,2.724918012972921,32725.505162001355,5781.357706707565
1783297190,500,,Aggregated,226.500000,0.000000,52,90,120,150,350,830,3800,8100,30000,32000,33000,66746,0,52,372.8593655272114,2.724918012972921,32725.505162001355,5783.194738261469
1783297191,500,,Aggregated,225.600000,0.000000,52,90,120,150,350,820,3800,8000,30000,32000,33000,66970,0,52,371.75557190651534,2.724918012972921,32725.505162001355,5780.754561744065
1783297192,500,,Aggregated,227.500000,0.000000,52,90,120,150,350,820,3800,8000,30000,32000,33000,67128,0,52,371.2716387723192,2.724918012972921,32725.505162001355,5780.2099421999765
1783297193,500,,Aggregated,226.600000,0.000000,52,91,120,150,350,810,3800,8000,30000,32000,33000,67351,0,52,371.0013895134044,2.724918012972921,32725.505162001355,5783.744740241422
1783297194,500,,Aggregated,216.100000,0.000000,53,91,120,150,350,810,3800,8000,30000,32000,33000,67588,0,53,370.24156158432544,2.724918012972921,32725.505162001355,5782.940033733799
1783297195,500,,Aggregated,218.100000,0.000000,53,91,120,150,350,800,3800,8000,30000,32000,33000,67809,0,53,369.1671162607242,2.724918012972921,32725.505162001355,5778.040156911325
1783297196,500,,Aggregated,220.400000,0.000000,52,91,120,150,350,800,3800,8000,30000,32000,33000,68050,0,52,368.0071639108214,2.724918012972921,32725.505162001355,5781.0671124173405
1783297197,500,,Aggregated,217.600000,0.000000,52,91,120,150,340,790,3800,7900,30000,32000,33000,68267,0,52,366.9672093845844,2.724918012972921,32725.505162001355,5779.1214935473945
1783297198,500,,Aggregated,219.100000,0.000000,52,91,120,150,340,790,3800,7800,30000,32000,33000,68481,0,52,365.8889094560732,2.724918012972921,32725.505162001355,5776.388049239935
1783297199,500,,Aggregated,216.500000,0.000000,52,90,120,150,340,790,3700,7800,30000,32000,33000,68716,0,52,364.7711821180417,2.724918012972921,32725.505162001355,5775.438966179638
1783297200,500,,Aggregated,216.900000,0.000000,52,90,120,150,340,780,3700,7800,30000,32000,33000,68927,0,52,363.7336804175039,2.724918012972921,32725.505162001355,5776.245752752912
1783297201,500,,Aggregated,218.100000,0.000000,52,90,120,150,340,780,3700,7800,30000,32000,33000,69180,0,52,362.58536806266704,2.724918012972921,32725.505162001355,5778.921538016768
1783297202,500,,Aggregated,216.800000,0.000000,51,90,120,150,340,770,3600,7700,30000,32000,33000,69410,0,51,361.4526095540585,2.724918012972921,32725.505162001355,5775.514248667339
1783297203,500,,Aggregated,217.300000,0.000000,51,89,120,150,340,770,3600,7700,30000,32000,33000,69636,0,51,360.4132555010359,2.724918012972921,32725.505162001355,5773.836147969441
1783297204,500,,Aggregated,228.100000,0.000000,51,89,120,150,330,770,3600,7700,30000,32000,33000,69881,0,51,359.3767934500522,2.724918012972921,32725.505162001355,5773.836407607218
1783297205,500,,Aggregated,226.500000,0.000000,51,89,120,150,330,760,3600,7700,30000,32000,33000,70101,0,51,358.34112470380086,2.724918012972921,32725.505162001355,5774.595269682315
1783297206,500,,Aggregated,227.000000,0.000000,51,89,120,150,330,760,3600,7700,30000,32000,33000,70318,0,51,357.4193084223104,2.724918012972921,32725.505162001355,5774.467718080719
1783297207,500,,Aggregated,227.100000,0.000000,51,89,120,150,330,760,3600,7700,30000,32000,33000,70534,0,51,356.4314750923248,2.724918012972921,32725.505162001355,5771.63906768367
1783297208,500,,Aggregated,226.000000,0.000000,51,89,120,150,330,750,3600,7700,30000,32000,33000,70780,0,51,355.42840800624504,2.724918012972921,32725.505162001355,5772.283130827917
1783297209,500,,Aggregated,226.100000,0.000000,51,89,120,150,330,750,3600,7600,30000,32000,33000,70939,0,51,354.7403531447153,2.724918012972921,32725.505162001355,5774.121498752449
1783297210,500,,Aggregated,226.800000,0.000000,51,89,120,150,330,750,3500,7600,30000,32000,33000,71190,0,51,354.6823511730411,2.724918012972921,32725.505162001355,5775.509102402023
1783297211,500,,Aggregated,226.400000,0.000000,51,90,120,150,330,750,3400,7600,30000,32000,33000,71437,0,51,354.0805940912662,2.724918012972921,32725.505162001355,5776.646709688257
1783297212,500,,Aggregated,218.800000,0.000000,51,89,120,150,330,740,3400,7600,30000,32000,33000,71645,0,51,353.11807529362505,2.724918012972921,32725.505162001355,5776.251908716588
1783297213,500,,Aggregated,223.500000,0.000000,51,89,120,150,330,740,3400,7600,30000,32000,33000,71878,0,51,352.10060191775864,2.724918012972921,32725.505162001355,5776.820404017919
1783297214,500,,Aggregated,219.800000,0.000000,51,89,120,150,330,730,3400,7600,30000,32000,33000,72099,0,51,351.1141067937097,2.724918012972921,32725.505162001355,5778.589481130113
1783297215,500,,Aggregated,220.100000,0.000000,51,89,120,150,330,730,3400,7600,30000,32000,33000,72322,0,51,350.10500801423774,2.724918012972921,32725.505162001355,5774.685918531014
1783297216,500,,Aggregated,218.900000,0.000000,51,89,120,150,330,730,3300,7600,30000,32000,33000,72553,0,51,349.1383862525696,2.724918012972921,32725.505162001355,5774.694430278555
1783297217,500,,Aggregated,218.400000,0.000000,50,88,120,150,330,720,3300,7600,30000,32000,33000,72776,0,50,348.1780394927688,2.724918012972921,32725.505162001355,5776.615505111576
1783297218,500,,Aggregated,219.800000,0.000000,50,88,120,150,330,720,3300,7600,30000,32000,33000,73000,0,50,347.20797419177603,2.724918012972921,32725.505162001355,5775.5723424657535
1783297219,500,,Aggregated,218.600000,0.000000,50,88,120,140,320,720,3200,7500,30000,32000,33000,73214,0,50,346.29966968882576,2.724918012972921,32725.505162001355,5773.7845767203
1783297220,500,,Aggregated,218.900000,0.000000,50,88,120,140,320,710,3200,7500,30000,32000,33000,73456,0,50,345.3344671376978,2.724918012972921,32725.505162001355,5773.100168808538
1783297221,500,,Aggregated,219.800000,0.000000,50,88,120,140,320,710,3200,7400,30000,32000,33000,73695,0,50,344.3500673114825,2.724918012972921,32725.505162001355,5770.372942533415
1783297222,500,,Aggregated,225.800000,0.000000,50,87,120,140,320,710,3200,7400,30000,32000,33000,73905,0,50,343.46738986977545,2.724918012972921,32725.505162001355,5774.3890941073
1783297223,500,,Aggregated,221.300000,0.000000,50,87,120,140,320,700,3100,7300,30000,32000,33000,74128,0,50,342.5433529437972,2.724918012972921,32725.505162001355,5775.513921864882
1783297224,500,,Aggregated,223.600000,0.000000,49,87,120,140,320,700,3100,7300,30000,32000,33000,74349,0,49,341.59730803335344,2.724918012972921,32725.505162001355,5773.626262626262
1783297225,500,,Aggregated,223.900000,0.000000,49,87,120,140,320,700,3100,7300,30000,32000,33000,74584,0,49,340.6043762755651,2.724918012972921,32725.505162001355,5776.7183980478385
1783297227,500,,Aggregated,224.300000,0.000000,49,87,120,140,320,700,3100,7300,30000,32000,33000,74719,0,49,340.51475402585373,2.724918012972921,32725.505162001355,5779.198557261206
1783297228,500,,Aggregated,214.500000,0.000000,50,88,120,150,330,720,3000,7300,30000,32000,33000,75027,0,50,341.57659141818,2.724918012972921,32725.505162001355,5780.467684966745
1783297229,500,,Aggregated,207.000000,0.000000,50,88,120,150,330,720,3000,7300,30000,32000,33000,75266,0,50,341.23706902833675,2.724918012972921,32725.505162001355,5781.821898333909
1783297230,500,,Aggregated,210.700000,0.000000,50,88,120,150,330,720,3000,7200,30000,32000,33000,75504,0,50,340.2743002666861,2.724918012972921,32725.505162001355,5782.258330684467
1783297231,500,,Aggregated,212.300000,0.000000,50,88,120,150,330,720,3000,7200,30000,32000,33000,75726,0,50,339.4268185672002,2.724918012972921,32725.505162001355,5780.878007553549
1783297232,500,,Aggregated,212.900000,0.000000,50,87,120,140,330,710,3000,7200,30000,32000,33000,75943,0,50,338.5503281273307,2.724918012972921,32725.505162001355,5781.6004503377535
1783297233,500,,Aggregated,212.200000,0.000000,49,87,120,140,330,710,3000,7200,30000,32000,33000,76164,0,49,337.6548327921049,2.724918012972921,32725.505162001355,5782.510766241269
1783297234,500,,Aggregated,211.200000,0.000000,49,87,120,140,330,710,3000,7200,30000,32000,33000,76415,0,49,336.74389166316564,2.724918012972921,32725.505162001355,5781.882104298894
1783297235,500,,Aggregated,210.500000,0.000000,49,87,120,140,330,710,2900,7200,30000,32000,33000,76639,0,49,335.88344755005767,2.724918012972921,32725.505162001355,5782.954266104724
1783297236,500,,Aggregated,213.500000,0.000000,49,87,120,140,320,700,2900,7200,30000,32000,33000,76872,0,49,335.0010077833408,2.724918012972921,32725.505162001355,5781.568776667707
1783297237,500,,Aggregated,212.700000,0.000000,49,87,120,140,320,700,2900,7200,30000,32000,33000,77087,0,49,334.1646749370045,2.724918012972921,32725.505162001355,5780.982279761827
1783297238,500,,Aggregated,223.400000,0.000000,49,86,120,140,320,700,2900,7200,30000,32000,33000,77310,0,49,333.3522508954589,2.724918012972921,32725.505162001355,5782.803867546242
1783297239,500,,Aggregated,232.000000,0.000000,49,86,120,140,320,690,2900,7200,30000,32000,33000,77548,0,49,332.42561935415176,2.718913005082868,32725.505162001355,5783.609712694073
1783297240,500,,Aggregated,225.700000,0.000000,49,86,120,140,320,690,2900,7200,30000,32000,33000,77781,0,49,331.5309313604191,2.718913005082868,32725.505162001355,5783.048238001568
1783297241,500,,Aggregated,223.300000,0.000000,49,86,120,140,320,690,2900,7200,30000,32000,33000,77993,0,49,330.72673464038826,2.718913005082868,32725.505162001355,5785.828741040863
1783297242,500,,Aggregated,226.800000,0.000000,49,86,120,140,320,690,2900,7200,30000,32000,33000,78229,0,49,329.84227099407894,2.718913005082868,32725.505162001355,5785.246647662631
1783297243,500,,Aggregated,226.600000,0.000000,48,85,110,140,320,690,2900,7100,30000,32000,33000,78447,0,48,329.02636024270953,2.718913005082868,32725.505162001355,5785.426173085013
1783297244,500,,Aggregated,226.600000,0.000000,48,85,110,140,310,680,2900,7100,30000,32000,33000,78687,0,48,328.1373728675778,2.718913005082868,32725.505162001355,5785.972930725533
1783297245,500,,Aggregated,226.600000,0.000000,48,85,110,140,310,680,2900,7100,30000,32000,33000,78817,0,48,327.6474064270645,2.718913005082868,32725.505162001355,5786.3178375223615
1783297246,500,,Aggregated,225.500000,0.000000,49,86,120,140,320,690,2900,7100,30000,32000,33000,79082,0,49,327.954678505297,2.718913005082868,32725.505162001355,5787.020510356339
1783297247,500,,Aggregated,224.300000,0.000000,49,86,120,140,330,690,2800,7000,30000,32000,33000,79321,0,49,328.18180154473447,2.718913005082868,32725.505162001355,5786.593588078819
1783297248,500,,Aggregated,209.100000,0.000000,49,86,120,140,330,690,2800,6900,30000,32000,33000,79534,0,49,327.4345275823543,2.718913005082868,32725.505162001355,5785.855156285363
1783297249,500,,Aggregated,214.000000,0.000000,49,86,120,140,320,690,2800,6900,30000,32000,33000,79756,0,49,326.85424301114585,2.718913005082868,32725.505162001355,5785.248232107929
1783297250,500,,Aggregated,217.200000,0.000000,49,87,120,140,320,690,2800,6900,30000,32000,33000,80004,0,49,326.2289494023699,2.718913005082868,32725.505162001355,5785.642942852857
1783297251,500,,Aggregated,214.900000,0.000000,49,87,120,140,320,680,2800,6900,30000,32000,33000,80211,0,49,325.4527322147102,2.718913005082868,32725.505162001355,5785.7038186782365
1783297252,500,,Aggregated,213.600000,0.000000,49,86,120,140,320,680,2800,6900,30000,32000,33000,80441,0,49,324.6425581046514,2.718913005082868,32725.505162001355,5783.995313335239
1783297253,500,,Aggregated,215.700000,0.000000,49,86,120,140,320,680,2800,6900,30000,32000,33000,80674,0,49,323.84952839248245,2.718913005082868,32725.505162001355,5785.67923990381
1783297254,500,,Aggregated,214.500000,0.000000,49,86,120,140,320,680,2800,6900,30000,32000,33000,80902,0,49,323.1182972483752,2.718913005082868,32725.505162001355,5785.931855825566
1783297255,500,,Aggregated,215.200000,0.000000,49,86,120,140,320,670,2700,6900,30000,32000,33000,81128,0,49,322.44650457357767,2.718913005082868,32725.505162001355,5786.189638595799
1783297256,500,,Aggregated,214.600000,0.000000,49,86,120,140,320,670,2700,6800,30000,32000,33000,81351,0,49,321.73084923128596,2.718913005082868,32725.505162001355,5786.564565893474
1783297257,500,,Aggregated,215.100000,0.000000,49,86,120,140,310,670,2700,6800,30000,32000,33000,81572,0,49,320.97137135078555,2.718913005082868,32725.505162001355,5784.599372333644
1783297258,500,,Aggregated,229.600000,0.000000,49,86,120,140,310,670,2700,6700,30000,32000,33000,81816,0,49,320.45106297793933,2.718913005082868,32725.505162001355,5783.478194974088
1783297259,500,,Aggregated,224.500000,0.000000,49,86,120,140,310,670,2700,6700,30000,32000,33000,82044,0,49,319.6415842415681,2.718913005082868,32725.505162001355,5781.785749110233
1783297260,500,,Aggregated,222.700000,0.000000,49,86,120,140,310,660,2700,6700,30000,32000,33000,82260,0,49,318.8784101543687,2.718913005082868,32725.505162001355,5780.821772428884
1783297261,500,,Aggregated,227.900000,0.000000,49,86,120,140,310,660,2700,6700,30000,32000,33000,82485,0,49,318.16497230270255,2.718913005082868,32725.505162001355,5782.347917803237
1783297262,500,,Aggregated,225.300000,0.000000,49,86,110,140,310,660,2700,6600,30000,32000,33000,82722,0,49,317.3499056927103,2.718913005082868,32725.505162001355,5780.403085031793
1783297263,500,,Aggregated,223.800000,0.000000,49,86,110,140,310,660,2700,6600,30000,32000,33000,82808,0,49,317.13176037155057,2.718913005082868,32725.505162001355,5781.101379093808
1783297264,500,,Aggregated,225.100000,0.000000,49,86,120,140,310,660,2700,6600,30000,32000,33000,83028,0,49,317.3392489203437,2.718913005082868,32725.505162001355,5783.096268728622
1783297265,500,,Aggregated,225.000000,0.000000,49,87,120,140,320,670,2700,6600,30000,32000,33000,83287,0,49,318.05061279897694,2.718913005082868,32725.505162001355,5781.609662972613
1783297266,500,,Aggregated,211.700000,0.000000,49,87,120,140,320,670,2700,6600,30000,32000,33000,83504,0,49,317.5626368157147,2.718913005082868,32725.505162001355,5780.715582487066
1783297267,500,,Aggregated,211.000000,0.000000,49,87,120,140,320,670,2700,6500,30000,32000,33000,83726,0,49,316.81695609133965,2.718913005082868,32725.505162001355,5778.063194228794
1783297268,500,,Aggregated,213.300000,0.000000,49,87,120,140,320,670,2700,6500,30000,32000,33000,83937,0,49,316.26667884175583,2.718913005082868,32725.505162001355,5776.921965283486
1783297269,500,,Aggregated,211.400000,0.000000,50,87,120,140,320,670,2700,6500,30000,32000,33000,84179,0,50,315.71284761129925,2.718913005082868,32725.505162001355,5777.384026895069
1783297270,500,,Aggregated,211.900000,0.000000,50,87,120,140,320,660,2700,6500,30000,32000,33000,84400,0,50,314.9686468924478,2.718913005082868,32725.505162001355,5775.758625592417
1783297271,500,,Aggregated,209.200000,0.000000,49,87,120,140,320,660,2600,6500,30000,32000,33000,84624,0,49,314.2525008888085,2.718913005082868,32725.505162001355,5777.447851673284
1783297272,500,,Aggregated,211.700000,0.000000,49,87,120,140,320,660,2600,6500,30000,32000,33000,84850,0,49,313.53242703962883,2.718913005082868,32725.505162001355,5777.23824395993
1783297273,500,,Aggregated,212.000000,0.000000,49,86,120,140,310,660,2600,6500,30000,32000,33000,85087,0,49,312.781013132951,2.718913005082868,32725.505162001355,5776.785078801697
1783297274,500,,Aggregated,210.700000,0.000000,49,86,120,140,310,660,2600,6500,30000,32000,33000,85292,0,49,312.08877581030384,2.718913005082868,32725.505162001355,5775.957065140928
1783297275,500,,Aggregated,210.900000,0.000000,49,86,120,140,310,660,2600,6500,30000,32000,33000,85532,0,49,311.5197421304354,2.718913005082868,32725.505162001355,5773.8428658279945
1783297276,500,,Aggregated,224.900000,0.000000,49,86,120,140,310,660,2600,6500,30000,32000,33000,85745,0,49,310.8674999097485,2.718913005082868,32725.505162001355,5775.739028514782
1783297277,500,,Aggregated,224.100000,0.000000,49,86,120,140,310,650,2500,6500,30000,32000,33000,85982,0,49,310.2119106068763,2.718913005082868,32725.505162001355,5774.198471773162
1783297278,500,,Aggregated,222.900000,0.000000,49,86,120,140,310,650,2500,6400,30000,32000,33000,86201,0,49,309.54336446754047,2.718913005082868,32725.505162001355,5774.046774399369
1783297279,500,,Aggregated,223.600000,0.000000,49,86,120,140,310,650,2500,6400,30000,32000,33000,86434,0,49,308.8818770095158,2.718913005082868,32725.505162001355,5774.390829997455
1783297280,500,,Aggregated,224.300000,0.000000,49,86,120,140,310,650,2500,6400,30000,32000,33000,86658,0,49,308.1819520210655,2.718913005082868,32725.505162001355,5772.977970874011
1783297282,500,,Aggregated,224.200000,0.000000,49,86,120,140,310,650,2500,6400,30000,32000,33000,86739,0,49,308.0000907601826,2.718913005082868,32725.505162001355,5772.670229078039
1783297283,500,,Aggregated,223.400000,0.000000,49,86,120,140,310,660,2500,6400,30000,32000,33000,87009,0,49,308.4738855378807,2.718913005082868,32725.505162001355,5773.3934995230375
1783297284,500,,Aggregated,208.300000,0.000000,50,87,120,140,320,660,2500,6400,30000,32000,33000,87266,0,50,308.9885455487177,2.718913005082868,32725.505162001355,5773.357115027617
1783297285,500,,Aggregated,212.000000,0.000000,50,87,120,140,320,660,2500,6300,30000,32000,33000,87451,0,50,308.401346750139,2.718913005082868,32725.505162001355,5773.450377925924
1783297286,500,,Aggregated,214.100000,0.000000,50,87,120,140,320,660,2500,6300,30000,32000,33000,87671,0,50,307.77931207037034,2.718913005082868,32725.505162001355,5773.765372814271
1783297287,500,,Aggregated,212.500000,0.000000,50,87,120,140,320,660,2500,6300,30000,32000,33000,87923,0,50,307.15044699719425,2.718913005082868,32725.505162001355,5774.678241188312
1783297288,500,,Aggregated,209.300000,0.000000,50,87,120,140,320,660,2500,6300,30000,32000,33000,88132,0,50,306.4937841605802,2.718913005082868,32725.505162001355,5775.580209231607
1783297289,500,,Aggregated,213.800000,0.000000,49,86,120,140,310,660,2400,6200,30000,32000,33000,88361,0,49,305.7980346396629,2.718913005082868,32725.505162001355,5775.512737519946
1783297290,500,,Aggregated,211.600000,0.000000,49,86,120,140,310,660,2400,6200,30000,32000,33000,88559,0,49,305.21753668307383,2.718913005082868,32725.505162001355,5775.661762215021
1783297291,500,,Aggregated,212.100000,0.000000,49,86,120,140,310,650,2400,6200,30000,32000,33000,88788,0,49,304.5433734670044,2.718913005082868,32725.505162001355,5774.599225120512
1783297292,500,,Aggregated,208.400000,0.000000,49,86,120,140,310,650,2400,6200,30000,32000,33000,89010,0,49,303.86711599011693,2.718913005082868,32725.505162001355,5774.042500842602
1783297293,500,,Aggregated,208.900000,0.000000,49,86,120,140,310,650,2400,6200,30000,32000,33000,89243,0,49,303.15434689298115,2.718913005082868,32725.505162001355,5771.966664052083
1783297294,500,,Aggregated,225.200000,0.000000,49,86,120,140,310,650,2400,6200,30000,32000,33000,89452,0,49,302.61430858315305,2.718913005082868,32725.505162001355,5772.4070339399905
1783297295,500,,Aggregated,221.000000,0.000000,49,86,120,140,310,650,2400,6100,30000,32000,33000,89674,0,49,302.3050238785293,2.718913005082868,32725.505162001355,5772.01861186074
1783297296,500,,Aggregated,216.700000,0.000000,50,86,120,140,310,650,2400,6100,30000,32000,33000,89906,0,50,301.85415242511186,2.718913005082868,32725.505162001355,5773.346406246525
1783297297,500,,Aggregated,220.700000,0.000000,50,87,120,140,310,650,2300,6100,30000,32000,33000,90108,0,50,301.37650944774134,2.718913005082868,32725.505162001355,5776.10039064234
1783297298,500,,Aggregated,220.700000,0.000000,50,87,120,140,310,640,2300,6100,30000,32000,33000,90252,0,50,301.22335300526436,2.718913005082868,32725.505162001355,5777.21384567655
1783297299,500,,Aggregated,216.700000,0.000000,50,87,120,140,310,660,2300,6100,30000,32000,33000,90466,0,50,301.98484347892213,2.718913005082868,32725.505162001355,5775.453507395044
1783297300,500,,Aggregated,213.400000,0.000000,50,88,120,150,320,660,2300,6100,30000,32000,33000,90717,0,50,302.1621049361325,2.718913005082868,32725.505162001355,5775.226175909697
1783297301,500,,Aggregated,208.200000,0.000000,50,88,120,150,320,660,2300,6100,30000,32000,33000,90925,0,50,301.6381053314489,2.718913005082868,32725.505162001355,5775.15771240033
1783297302,500,,Aggregated,213.300000,0.000000,50,87,120,140,320,660,2300,6100,30000,32000,33000,91136,0,50,301.03111388450037,2.718913005082868,32725.505162001355,5777.780514834972
1783297303,500,,Aggregated,212.700000,0.000000,50,87,120,140,320,660,2300,6100,30000,32000,33000,91399,0,50,300.3326494242487,2.718913005082868,32725.505162001355,5776.66431799035
1783297304,500,,Aggregated,211.000000,0.000000,50,87,120,140,320,650,2300,6100,30000,32000,33000,91602,0,50,299.72123798616695,2.718913005082868,32725.505162001355,5775.342361520491
1783297305,500,,Aggregated,212.400000,0.000000,50,87,120,140,310,650,2300,6100,30000,32000,33000,91824,0,50,299.15430059053,2.718913005082868,32725.505162001355,5773.069219376198
1783297306,500,,Aggregated,214.200000,0.000000,50,87,120,140,310,650,2300,6100,30000,32000,33000,92070,0,50,298.7142487853337,2.718913005082868,32725.505162001355,5772.127870098838
1783297307,500,,Aggregated,212.000000,0.000000,50,87,120,140,310,650,2300,6100,30000,32000,33000,92269,0,50,298.12669491498355,2.718913005082868,32725.505162001355,5771.172062122707
1783297308,500,,Aggregated,214.400000,0.000000,50,87,120,140,310,650,2300,6100,30000,32000,33000,92492,0,50,297.5902502400715,2.718913005082868,32725.505162001355,5770.8887363231415
1783297309,500,,Aggregated,214.700000,0.000000,50,87,120,140,310,650,2200,6100,30000,32000,33000,92684,0,50,297.28592387707494,2.718913005082868,32725.505162001355,5772.923158258168
1783297310,500,,Aggregated,218.500000,0.000000,51,88,120,140,310,650,2200,6100,30000,32000,33000,92917,0,51,296.86398475741714,2.718913005082868,32725.505162001355,5771.471657500781
1783297311,500,,Aggregated,220.600000,0.000000,51,88,120,140,310,640,2200,6100,30000,32000,33000,93142,0,51,296.2617746033022,2.718913005082868,32725.505162001355,5771.7084236971505
1783297312,500,,Aggregated,219.900000,0.000000,50,87,120,140,310,640,2200,6000,30000,32000,33000,93373,0,50,295.62328905167146,2.718913005082868,32725.505162001355,5771.451618776306
1783297313,500,,Aggregated,218.900000,0.000000,50,87,120,140,310,640,2200,6000,30000,32000,33000,93607,0,50,295.024110092971,2.718913005082868,32725.505162001355,5772.735318939823
1783297314,500,,Aggregated,220.800000,0.000000,50,87,120,140,310,640,2200,6000,30000,32000,33000,93814,0,50,294.42622879891877,2.718913005082868,32725.505162001355,5773.787611657109
1783297315,500,,Aggregated,218.900000,0.000000,50,87,120,140,310,640,2200,6000,30000,32000,33000,94045,0,50,293.84166382899474,2.718913005082868,32725.505162001355,5775.456100802807
1783297316,500,,Aggregated,218.200000,0.000000,50,87,120,140,310,640,2200,6000,30000,32000,33000,94283,0,50,293.1873390722277,2.718913005082868,32725.505162001355,5773.957309377088
1783297317,500,,Aggregated,220.100000,0.000000,50,87,120,140,310,640,2200,6000,30000,32000,33000,94424,0,50,292.7920595688475,2.718913005082868,32725.505162001355,5774.228405913751
1783297318,500,,Aggregated,219.400000,0.000000,50,87,120,140,310,640,2200,6000,30000,32000,33000,94651,0,50,293.16375715047747,2.718913005082868,32725.505162001355,5776.974865558736
1783297319,500,,Aggregated,218.600000,0.000000,51,88,120,150,320,660,2200,5900,30000,32000,33000,94889,0,51,294.24079068305076,2.718913005082868,32725.505162001355,5775.637565998166
1783297320,500,,Aggregated,204.700000,0.000000,51,88,120,150,320,660,2200,5900,30000,32000,33000,95124,0,51,294.1206918734717,2.718913005082868,32725.505162001355,5773.258325974518
1783297321,500,,Aggregated,207.900000,0.000000,50,88,120,150,320,660,2200,5900,30000,32000,33000,95330,0,50,293.546220347479,2.718913005082868,32725.505162001355,5774.289289835309
1783297322,500,,Aggregated,207.000000,0.000000,50,88,120,150,320,660,2200,5900,30000,32000,33000,95565,0,50,292.9073238920854,2.718913005082868,32725.505162001355,5772.916873332287
1783297323,500,,Aggregated,208.700000,0.000000,50,87,120,140,320,650,2200,5900,30000,32000,33000,95803,0,50,292.27812608481014,2.718913005082868,32725.505162001355,5773.191100487458
1783297324,500,,Aggregated,207.800000,0.000000,50,87,120,140,310,650,2200,5900,30000,32000,33000,96018,0,50,291.7225030992426,2.718913005082868,32725.505162001355,5774.532910495948
1783297325,500,,Aggregated,209.000000,0.000000,50,87,120,140,310,650,2100,5900,30000,32000,33000,96262,0,50,291.14882809431504,2.718913005082868,32725.505162001355,5774.597483950053
1783297326,500,,Aggregated,210.500000,0.000000,50,87,120,140,310,650,2100,5900,30000,32000,33000,96479,0,50,290.59383144184665,2.718913005082868,32725.505162001355,5773.995325407602
1783297327,500,,Aggregated,210.400000,0.000000,50,87,120,140,310,650,2100,5800,30000,32000,33000,96703,0,50,290.01909456547344,2.718913005082868,32725.505162001355,5773.733276113461
1783297328,500,,Aggregated,208.600000,0.000000,50,87,120,140,310,650,2100,5800,30000,32000,33000,96925,0,50,289.46039453567084,2.718913005082868,32725.505162001355,5774.056724271344
1783297329,500,,Aggregated,211.200000,0.000000,50,87,120,140,310,640,2100,5800,30000,32000,33000,97155,0,50,288.93120528144715,2.718913005082868,32725.505162001355,5772.891492975143
1783297330,500,,Aggregated,225.200000,0.000000,50,87,120,140,310,640,2100,5800,30000,32000,33000,97378,0,50,288.4120899076695,2.718913005082868,32725.505162001355,5770.840343814824
1783297331,500,,Aggregated,226.000000,0.000000,50,87,120,140,310,640,2100,5800,30000,32000,33000,97617,0,50,287.7820332553663,2.718913005082868,32725.505162001355,5770.388999866826
1783297332,500,,Aggregated,225.400000,0.000000,50,87,120,140,310,640,2100,5800,30000,32000,33000,97837,0,50,287.280644750525,2.718913005082868,32725.505162001355,5770.765375062604
1783297333,500,,Aggregated,223.800000,0.000000,50,87,120,140,310,640,2000,5800,30000,32000,33000,98061,0,50,286.74265297480287,2.718913005082868,32725.505162001355,5770.764269179388
1783297334,500,,Aggregated,226.100000,0.000000,50,87,120,140,310,640,2000,5800,30000,32000,33000,98288,0,50,286.1943398054808,2.718913005082868,32725.505162001355,5770.985410223018
1783297336,500,,Aggregated,224.900000,0.000000,50,86,120,140,310,640,2000,5800,30000,32000,33000,98395,0,50,285.90305941295026,2.718913005082868,32725.505162001355,5771.649474058641
1783297337,500,,Aggregated,223.900000,0.000000,50,87,120,140,310,640,2000,5800,30000,32000,33000,98632,0,50,286.2014256536221,2.718913005082868,32725.505162001355,5772.299476843215
1783297338,500,,Aggregated,209.600000,0.000000,50,87,120,140,310,650,2000,5800,30000,32000,33000,98880,0,50,286.72836769296237,2.718913005082868,32725.505162001355,5770.702609223301
1783297339,500,,Aggregated,210.100000,0.000000,50,87,120,140,310,650,2000,5800,29000,32000,33000,99095,0,50,286.28465700119216,2.718913005082868,32725.505162001355,5770.940854735355
1783297340,500,,Aggregated,213.000000,0.000000,50,87,120,140,310,650,2000,5700,29000,32000,33000,99322,0,50,285.7458772530886,2.718913005082868,32725.505162001355,5769.323191236584
1783297341,500,,Aggregated,211.500000,0.000000,50,87,120,140,310,640,2000,5700,29000,32000,33000,99547,0,50,285.28899163020765,2.718913005082868,32725.505162001355,5769.74271449667
1783297342,500,,Aggregated,211.400000,0.000000,50,87,120,140,310,640,1900,5700,29000,32000,33000,99778,0,50,284.74872730829776,2.718913005082868,32725.505162001355,5770.8993766160875
1783297343,500,,Aggregated,211.600000,0.000000,50,87,120,140,310,640,1900,5700,29000,32000,33000,100019,0,50,284.1650198355052,2.718913005082868,32725.505162001355,5771.064977654246
1783297344,500,,Aggregated,211.100000,0.000000,50,87,120,140,310,640,1900,5700,29000,32000,33000,100226,0,50,283.65224913118647,2.718913005082868,32725.505162001355,5771.371191108095
1783297345,500,,Aggregated,212.000000,0.000000,50,87,120,140,310,640,1900,5700,29000,32000,33000,100472,0,50,283.0842871547337,2.718913005082868,32725.505162001355,5771.954783422247
1783297346,500,,Aggregated,212.300000,0.000000,50,87,120,140,310,640,1900,5700,29000,32000,33000,100694,0,50,282.53164774497316,2.718913005082868,32725.505162001355,5774.116630583749
1783297347,500,,Aggregated,212.300000,0.000000,50,87,120,140,310,640,1900,5700,29000,32000,33000,100904,0,50,282.02213455900977,2.718913005082868,32725.505162001355,5775.877566796163
1783297348,500,,Aggregated,227.300000,0.000000,50,86,120,140,310,630,1900,5600,29000,32000,33000,101145,0,50,281.4425884015655,2.718913005082868,32725.505162001355,5775.086934598843
1783297349,500,,Aggregated,225.200000,0.000000,50,86,120,140,310,630,1900,5600,29000,32000,33000,101364,0,50,280.9331149513373,2.718913005082868,32725.505162001355,5774.873554713705
1783297350,500,,Aggregated,224.900000,0.000000,50,86,120,140,310,630,1900,5600,29000,32000,33000,101605,0,50,280.3967410757761,2.718913005082868,32725.505162001355,5775.784341321785
1783297351,500,,Aggregated,224.800000,0.000000,49,86,120,140,310,630,1900,5600,29000,32000,33000,101804,0,49,279.8823860988502,2.718913005082868,32725.505162001355,5776.248271187773
1783297352,500,,Aggregated,225.900000,0.000000,49,86,120,140,300,630,1900,5600,29000,32000,33000,102046,0,49,279.3258823888975,2.718913005082868,32725.505162001355,5776.483301648276
1783297353,500,,Aggregated,224.600000,0.000000,49,86,120,140,300,630,1900,5500,29000,32000,33000,102280,0,49,278.7553474184326,2.718913005082868,32725.505162001355,5776.037094251075
1783297354,500,,Aggregated,224.600000,0.000000,49,86,110,140,300,630,1900,5500,29000,32000,33000,102400,0,49,278.50405375746277,2.718913005082868,32725.505162001355,5776.268701171875
1783297355,500,,Aggregated,224.400000,0.000000,49,86,120,140,310,630,1900,5500,29000,32000,33000,102619,0,49,278.78328698115445,2.718913005082868,32725.505162001355,5778.053976359154
1783297356,500,,Aggregated,219.200000,0.000000,50,87,120,140,310,640,1900,5500,29000,32000,33000,102889,0,50,279.33651044264303,2.718913005082868,32725.505162001355,5776.21644685049
1783297357,500,,Aggregated,211.100000,0.000000,50,87,120,140,310,640,1900,5500,29000,32000,33000,103097,0,50,278.8918412629191,2.718913005082868,32725.505162001355,5777.13521246981
1783297358,500,,Aggregated,213.300000,0.000000,50,86,120,140,310,630,1900,5500,29000,32000,33000,103344,0,50,278.31531330915453,2.718913005082868,32725.505162001355,5776.478082907571
1783297359,500,,Aggregated,214.600000,0.000000,49,86,120,140,310,630,1800,5400,29000,32000,33000,103561,0,49,277.81207909406425,2.718913005082868,32725.505162001355,5775.6199534573825
1783297360,500,,Aggregated,215.600000,0.000000,49,86,120,140,310,630,1800,5400,29000,32000,33000,103773,0,49,277.4174585835763,2.718913005082868,32725.505162001355,5775.632235745329
1783297361,500,,Aggregated,215.200000,0.000000,50,87,120,140,310,630,1800,5400,29000,32000,33000,103993,0,50,277.26787127879163,2.718913005082868,32725.505162001355,5775.649562951353
1783297362,500,,Aggregated,212.100000,0.000000,50,87,120,140,310,630,1800,5400,28000,32000,33000,104234,0,50,276.877574344805,2.718913005082868,32725.505162001355,5776.3545580137
1783297363,500,,Aggregated,213.700000,0.000000,50,87,120,140,310,630,1800,5400,28000,32000,33000,104459,0,50,276.34377880563216,2.718913005082868,32725.505162001355,5775.757541236275
1783297364,500,,Aggregated,214.300000,0.000000,50,87,120,140,310,630,1800,5400,28000,32000,33000,104688,0,50,275.825250982963,2.718913005082868,32725.505162001355,5774.674403943145
1783297365,500,,Aggregated,212.700000,0.000000,50,86,120,140,310,630,1800,5400,28000,32000,33000,104916,0,50,275.29034366224806,2.718913005082868,32725.505162001355,5773.390112089672
1783297366,500,,Aggregated,219.600000,0.000000,49,86,120,140,310,620,1800,5400,28000,32000,33000,105146,0,49,274.7720344277808,2.718913005082868,32725.505162001355,5774.800715196013
1783297367,500,,Aggregated,226.800000,0.000000,49,86,120,140,310,620,1800,5400,28000,32000,33000,105399,0,49,274.24687997009966,2.718913005082868,32725.505162001355,5774.5893888936325
1783297368,500,,Aggregated,224.900000,0.000000,49,86,120,140,300,620,1800,5400,28000,32000,33000,105598,0,49,273.78852682845763,2.718913005082868,32725.505162001355,5774.088335006345
1783297369,500,,Aggregated,225.400000,0.000000,49,86,120,140,300,620,1800,5300,28000,32000,33000,105818,0,49,273.32366738542106,2.718913005082868,32725.505162001355,5773.745090627303
1783297370,500,,Aggregated,223.700000,0.000000,49,86,110,140,300,620,1800,5300,28000,32000,33000,106060,0,49,272.76799489131065,2.718913005082868,32725.505162001355,5772.068810107487
1783297371,500,,Aggregated,222.400000,0.000000,49,86,110,140,300,620,1800,5300,28000,32000,33000,106290,0,49,272.2554567895314,2.718913005082868,32725.505162001355,5772.453288173864
1783297372,500,,Aggregated,226.700000,0.000000,49,86,110,140,300,620,1800,5300,28000,32000,33000,106443,0,49,271.9562039100014,2.718913005082868,32725.505162001355,5772.405531599072
1783297373,500,,Aggregated,228.100000,0.000000,49,86,120,140,310,620,1700,5200,28000,32000,33000,106704,0,49,272.25282573268447,2.718913005082868,32725.505162001355,5772.778386939571
1783297374,500,,Aggregated,226.900000,0.000000,49,86,120,140,310,620,1700,5200,28000,32000,33000,106958,0,49,272.3231993456812,2.718913005082868,32725.505162001355,5772.67071186821
1783297375,500,,Aggregated,215.500000,0.000000,49,86,120,140,310,620,1700,5100,28000,32000,33000,107150,0,49,271.90252810782465,2.718913005082868,32725.505162001355,5773.2122818478765
1783297376,500,,Aggregated,217.600000,0.000000,49,86,120,140,310,620,1700,5100,28000,32000,33000,107391,0,49,271.3875079331834,2.718913005082868,32725.505162001355,5773.311646227337
1783297377,500,,Aggregated,218.400000,0.000000,49,86,120,140,310,620,1700,5100,28000,32000,33000,107624,0,49,270.88036962130735,2.718913005082868,32725.505162001355,5773.263147625065
1783297378,500,,Aggregated,215.800000,0.000000,49,86,120,140,310,620,1700,5100,28000,32000,33000,107839,0,49,270.4003094302855,2.718913005082868,32725.505162001355,5773.762265970568
1783297379,500,,Aggregated,217.700000,0.000000,49,86,120,140,310,620,1700,5100,28000,32000,33000,108073,0,49,269.9905380849293,2.718913005082868,32725.505162001355,5775.06406780602
1783297380,500,,Aggregated,217.600000,0.000000,49,86,120,140,300,620,1700,5100,28000,32000,33000,108293,0,49,269.55586799296844,2.718913005082868,32725.505162001355,5775.762616235583
1783297381,500,,Aggregated,217.500000,0.000000,49,86,110,140,300,610,1700,5100,28000,32000,33000,108533,0,49,269.06774931435183,2.718913005082868,32725.505162001355,5777.091852247703
1783297382,500,,Aggregated,216.500000,0.000000,49,86,110,140,300,610,1700,5100,28000,32000,33000,108758,0,49,268.58312149203346,2.718913005082868,32725.505162001355,5776.269515805734
1783297383,500,,Aggregated,215.700000,0.000000,49,86,110,140,300,610,1700,5100,28000,32000,33000,108969,0,49,268.1716432877573,2.718913005082868,32725.505162001355,5777.461690939625
1783297384,500,,Aggregated,216.500000,0.000000,49,86,110,140,300,610,1600,5100,28000,32000,33000,109217,0,49,267.80473892551174,2.718913005082868,32725.505162001355,5778.008460221394
1783297385,500,,Aggregated,228.500000,0.000000,49,86,110,140,300,610,1600,5100,28000,32000,33000,109440,0,49,267.37409670767113,2.718913005082868,32725.505162001355,5777.567534722222
1783297386,500,,Aggregated,224.200000,0.000000,49,85,110,140,300,610,1600,5100,28000,32000,33000,109662,0,49,266.9059579945701,2.718913005082868,32725.505162001355,5777.650617351498
1783297387,500,,Aggregated,225.100000,0.000000,49,85,110,140,300,610,1600,5000,28000,32000,33000,109896,0,49,266.4091880367943,2.718913005082868,32725.505162001355,5777.546998980854
1783297388,500,,Aggregated,226.000000,0.000000,49,85,110,140,300,610,1600,5000,28000,32000,33000,110115,0,49,265.96234682258216,2.718913005082868,32725.505162001355,5777.357390001363
1783297389,500,,Aggregated,223.800000,0.000000,49,85,110,140,300,610,1600,5000,28000,32000,33000,110340,0,49,265.5314412466964,2.718913005082868,32725.505162001355,5777.192287475077
1783297391,500,,Aggregated,224.500000,0.000000,49,85,110,140,300,600,1600,5000,28000,32000,33000,110486,0,49,265.280130612987,2.718913005082868,32725.505162001355,5775.922515069783
1783297392,500,,Aggregated,224.200000,0.000000,49,86,110,140,300,610,1600,5000,28000,32000,33000,110739,0,49,265.43209349522425,2.718913005082868,32725.505162001355,5775.214368921518
1783297393,500,,Aggregated,213.600000,0.000000,49,86,120,140,300,610,1600,5000,28000,32000,33000,110964,0,49,265.6766169997623,2.718913005082868,32725.505162001355,5775.431365127429
1783297394,500,,Aggregated,216.100000,0.000000,50,86,120,140,300,610,1600,5000,28000,32000,33000,111193,0,50,265.48005963544034,2.718913005082868,32725.505162001355,5775.285674457925
1783297395,500,,Aggregated,215.900000,0.000000,49,86,120,140,300,610,1600,5000,28000,32000,33000,111420,0,49,265.0337120300013,2.718913005082868,32725.505162001355,5774.768856578711
1783297396,500,,Aggregated,217.000000,0.000000,49,86,120,140,300,600,1600,4900,28000,32000,33000,111654,0,49,264.57743376875464,2.718913005082868,32725.505162001355,5773.359360166228
1783297397,500,,Aggregated,215.900000,0.000000,49,86,110,140,300,600,1600,4900,28000,32000,33000,111898,0,49,264.07812543835996,2.718913005082868,32725.505162001355,5773.03602387889
1783297398,500,,Aggregated,217.600000,0.000000,49,86,110,140,300,600,1600,4900,28000,32000,33000,112111,0,49,263.6492951384672,2.718913005082868,32725.505162001355,5772.259305509718
1783297399,500,,Aggregated,219.100000,0.000000,49,86,110,140,300,600,1600,4900,28000,32000,33000,112346,0,49,263.21676461258744,2.718913005082868,32725.505162001355,5771.132732807577
1783297400,500,,Aggregated,216.800000,0.000000,49,86,110,140,300,600,1600,4900,28000,32000,33000,112579,0,49,262.7398491787884,2.718913005082868,32725.505162001355,5770.690714964602
1783297401,500,,Aggregated,218.400000,0.000000,49,85,110,140,300,600,1600,4800,28000,32000,33000,112791,0,49,262.3220501820883,2.718913005082868,32725.505162001355,5771.121401530264
1783297402,500,,Aggregated,219.100000,0.000000,49,85,110,140,300,600,1500,4800,28000,32000,33000,113022,0,49,261.89439774529575,2.718913005082868,32725.505162001355,5771.69197147458
1783297403,500,,Aggregated,228.400000,0.000000,49,85,110,140,300,600,1500,4800,28000,32000,33000,113235,0,49,261.48043435784746,2.718913005082868,32725.505162001355,5771.4767342252835
1783297404,500,,Aggregated,226.900000,0.000000,49,85,110,140,300,600,1500,4800,28000,32000,33000,113473,0,49,261.04315667707596,2.718913005082868,32725.505162001355,5771.509751218351
1783297405,500,,Aggregated,225.400000,0.000000,49,85,110,140,300,600,1500,4800,28000,32000,33000,113690,0,49,260.60101505700413,2.718913005082868,32725.505162001355,5770.711003606298
1783297406,500,,Aggregated,226.300000,0.000000,49,85,110,140,300,590,1500,4800,28000,32000,33000,113909,0,49,260.13305121378284,2.718913005082868,32725.505162001355,5770.776900859458
1783297407,500,,Aggregated,224.800000,0.000000,49,85,110,140,300,590,1500,4700,28000,32000,33000,114148,0,49,259.66413534680146,2.718913005082868,32725.505162001355,5770.583321652592
1783297408,500,,Aggregated,223.600000,0.000000,49,85,110,140,290,590,1500,4700,28000,32000,33000,114377,0,49,259.25872583821644,2.718913005082868,32725.505162001355,5770.621235038513
1783297409,500,,Aggregated,223.000000,0.000000,49,85,110,140,290,590,1500,4700,28000,32000,33000,114599,0,49,258.8781158562702,2.718913005082868,32725.505162001355,5771.688147366033
1783297410,500,,Aggregated,223.000000,0.000000,49,85,110,140,290,590,1500,4700,28000,32000,33000,114768,0,49,258.5719659958585,2.718913005082868,32725.505162001355,5772.462367558902
1783297411,500,,Aggregated,224.200000,0.000000,49,85,110,140,300,590,1500,4700,28000,32000,33000,115020,0,49,258.86435751992326,2.718913005082868,32725.505162001355,5773.925995479047
1783297412,500,,Aggregated,221.300000,0.000000,49,85,110,140,300,590,1500,4700,28000,32000,33000,115260,0,49,258.8920996867657,2.718913005082868,32725.505162001355,5773.699036959917
1783297413,500,,Aggregated,214.700000,0.000000,49,85,110,140,300,590,1500,4700,28000,32000,33000,115488,0,49,258.4976233001404,2.718913005082868,32725.505162001355,5771.974542809642
1783297414,500,,Aggregated,218.800000,0.000000,49,85,110,140,300,590,1500,4700,28000,32000,33000,115708,0,49,258.06898745273963,2.718913005082868,32725.505162001355,5772.067203650568
1783297415,500,,Aggregated,218.200000,0.000000,49,85,110,140,300,590,1500,4700,28000,32000,33000,115945,0,49,257.63854777233786,2.718913005082868,32725.505162001355,5773.021389451896
1783297416,500,,Aggregated,217.600000,0.000000,49,85,110,140,300,590,1500,4700,28000,32000,33000,116170,0,49,257.2391804451293,2.718913005082868,32725.505162001355,5772.989532581561
1783297417,500,,Aggregated,219.100000,0.000000,49,85,110,140,300,590,1500,4700,28000,32000,33000,116388,0,49,256.8335510605523,2.718913005082868,32725.505162001355,5772.9227841358215
1783297418,500,,Aggregated,220.300000,0.000000,49,85,110,140,300,590,1500,4700,28000,32000,33000,116623,0,49,256.3995229624818,2.718913005082868,32725.505162001355,5772.045342685406
1783297419,500,,Aggregated,218.800000,0.000000,49,85,110,140,290,590,1500,4700,28000,32000,33000,116861,0,49,256.0241543610634,2.718913005082868,32725.505162001355,5771.024097004133
1783297420,500,,Aggregated,218.200000,0.000000,49,85,110,140,290,590,1500,4700,28000,32000,33000,117089,0,49,255.6324912542785,2.718913005082868,32725.505162001355,5770.828856681669
1783297421,500,,Aggregated,218.100000,0.000000,49,85,110,140,300,590,1500,4600,28000,32000,33000,117316,0,49,255.80130133698975,2.718913005082868,32725.505162001355,5769.462434791503
1783297422,500,,Aggregated,222.500000,0.000000,49,85,110,140,300,590,1500,4600,28000,32000,33000,117553,0,49,256.0178380195178,2.718913005082868,32725.505162001355,5769.869667299005
1783297423,500,,Aggregated,217.700000,0.000000,49,85,110,140,300,590,1500,4600,28000,32000,33000,117765,0,49,255.76058288086767,2.718913005082868,32725.505162001355,5769.3205876109205
1783297424,500,,Aggregated,216.700000,0.000000,49,86,110,140,300,590,1500,4600,28000,32000,33000,118013,0,49,255.46685286096783,2.718913005082868,32725.505162001355,5768.968300102531
1783297425,500,,Aggregated,218.900000,0.000000,49,85,110,140,300,590,1400,4600,28000,32000,33000,118234,0,49,255.0601795011546,2.718913005082868,32725.505162001355,5770.6347159023635
1783297426,500,,Aggregated,216.000000,0.000000,49,85,110,140,300,590,1400,4600,28000,32000,33000,118472,0,49,254.63598304455496,2.718913005082868,32725.505162001355,5770.783611317442
1783297428,500,,Aggregated,218.900000,0.000000,49,85,110,140,300,590,1400,4600,28000,32000,33000,118609,0,49,254.3637565572639,2.718913005082868,32725.505162001355,5770.462249913581
1783297429,500,,Aggregated,218.600000,0.000000,49,86,110,140,300,590,1400,4600,28000,32000,33000,118858,0,49,254.63275519983202,2.718913005082868,32725.505162001355,5772.057126991873
1783297430,500,,Aggregated,208.800000,0.000000,49,86,120,140,300,590,1400,4600,28000,32000,33000,119125,0,49,254.66398231475986,2.718913005082868,32725.505162001355,5772.327521511018
1783297431,500,,Aggregated,208.400000,0.000000,49,86,120,140,300,590,1400,4500,28000,32000,33000,119310,0,49,254.31589878864946,2.718913005082868,32725.505162001355,5772.504727181293
1783297432,500,,Aggregated,210.900000,0.000000,49,86,110,140,300,590,1400,4500,28000,32000,33000,119551,0,49,253.92079877771428,2.718913005082868,32725.505162001355,5771.634791846158
1783297433,500,,Aggregated,218.700000,0.000000,49,86,110,140,300,590,1400,4500,28000,32000,33000,119766,0,49,253.5332512865791,2.718913005082868,32725.505162001355,5770.541455838886
1783297434,500,,Aggregated,217.000000,0.000000,49,86,110,140,300,590,1400,4500,28000,32000,33000,120008,0,49,253.10240872918067,2.718913005082868,32725.505162001355,5772.074495033665
1783297435,500,,Aggregated,215.400000,0.000000,49,85,110,140,300,590,1400,4500,28000,32000,33000,120221,0,49,252.71104124715774,2.718913005082868,32725.505162001355,5771.565425341662
1783297436,500,,Aggregated,218.900000,0.000000,49,85,110,140,300,580,1400,4500,28000,32000,33000,120437,0,49,252.3206936846205,2.718913005082868,32725.505162001355,5771.499198751214
1783297437,500,,Aggregated,215.300000,0.000000,49,85,110,140,300,580,1400,4500,28000,32000,33000,120670,0,49,251.90460360906343,2.718913005082868,32725.505162001355,5772.51074832187
1783297438,500,,Aggregated,216.400000,0.000000,49,85,110,140,300,580,1400,4400,28000,32000,33000,120909,0,49,251.48854813118777,2.718913005082868,32725.505162001355,5771.918905954065
1783297439,500,,Aggregated,214.700000,0.000000,49,85,110,140,300,580,1400,4400,28000,32000,33000,121120,0,49,251.10080755041258,2.718913005082868,32725.505162001355,5771.287962351387
1783297440,500,,Aggregated,225.700000,0.000000,49,85,110,140,300,580,1400,4400,28000,32000,33000,121344,0,49,250.72854891646793,2.718913005082868,32725.505162001355,5770.6594969673
1783297441,500,,Aggregated,224.500000,0.000000,49,85,110,140,300,580,1400,4400,28000,32000,33000,121585,0,49,250.3404472889893,2.718913005082868,32725.505162001355,5770.644273553481
1783297442,500,,Aggregated,220.100000,0.000000,49,85,110,140,300,580,1400,4400,28000,32000,33000,121808,0,49,249.9347122266334,2.718913005082868,32725.505162001355,5770.9056548009985
1783297443,500,,Aggregated,227.200000,0.000000,49,85,110,140,300,580,1400,4400,28000,32000,33000,122026,0,49,249.56248806595127,2.718913005082868,32725.505162001355,5771.100216347336
1783297444,500,,Aggregated,224.000000,0.000000,49,85,110,140,300,580,1400,4400,28000,32000,33000,122286,0,49,249.47980203256108,2.718913005082868,32725.505162001355,5770.81881000278
1783297445,500,,Aggregated,224.400000,0.000000,49,85,110,140,300,580,1400,4400,28000,32000,33000,122528,0,49,249.11558353553303,2.718913005082868,32725.505162001355,5769.161954818491
1783297446,500,,Aggregated,220.000000,0.000000,49,85,110,140,300,580,1400,4400,28000,32000,33000,122658,0,49,248.89660245851775,2.718913005082868,32725.505162001355,5768.947463679499
1783297447,500,,Aggregated,224.800000,0.000000,49,85,110,140,300,580,1400,4400,28000,32000,33000,122889,0,49,249.1337319078191,2.718913005082868,32725.505162001355,5769.332421941753
1783297448,500,,Aggregated,223.700000,0.000000,49,85,110,140,300,580,1400,4400,28000,32000,33000,123159,0,49,249.34841567056313,2.718913005082868,32725.505162001355,5768.773723398209
1783297449,500,,Aggregated,212.100000,0.000000,49,85,110,140,300,580,1400,4400,28000,32000,33000,123368,0,49,249.04592616176723,2.718913005082868,32725.505162001355,5768.619147590947
1783297450,500,,Aggregated,214.200000,0.000000,49,85,110,140,300,580,1300,4400,28000,32000,33000,123594,0,49,248.688547530882,2.718913005082868,32725.505162001355,5768.672904833568
1783297451,500,,Aggregated,216.100000,0.000000,49,85,110,140,300,580,1300,4400,28000,32000,33000,123827,0,49,248.30023684520248,2.718913005082868,32725.505162001355,5770.190540027619
1783297452,500,,Aggregated,216.600000,0.000000,49,85,110,140,300,580,1300,4400,28000,32000,33000,124060,0,49,247.90116070886617,2.718913005082868,32725.505162001355,5769.71697565694
