Timestamp,User Count,Type,Name,Requests/s,Failures/s,50%,66%,75%,80%,90%,95%,98%,99%,99.9%,99.99%,100%,Total Request Count,Total Failure Count,Total Median Response Time,Total Average Response Time,Total Min Response Time,Total Max Response Time,Total Average Content Size
1783295054,0,,Aggregated,0.000000,0.000000,N/A,N/A,N/A,N/A,N/A,N/A,N/A,N/A,N/A,N/A,N/A,0,0,0,0.0,0,0,0
1783295055,50,,Aggregated,0.000000,0.000000,N/A,N/A,N/A,N/A,N/A,N/A,N/A,N/A,N/A,N/A,N/A,0,0,0,0.0,0,0,0
1783295056,50,,Aggregated,0.000000,0.000000,N/A,N/A,N/A,N/A,N/A,N/A,N/A,N/A,N/A,N/A,N/A,0,0,0,0.0,0,0,0
1783295057,50,,Aggregated,0.000000,0.000000,91,160,2400,2500,2700,2900,2900,2900,2900,2900,2900,36,0,88,725.5500317470352,3.070534992730245,2945.2330179919954,3227.222222222222
1783295058,50,,Aggregated,0.000000,0.000000,83,110,160,2700,3700,3800,4000,4000,4000,4000,4000,152,0,80,839.2223494468597,3.070534992730245,3976.0904040012974,4799.125
1783295059,50,,Aggregated,0.000000,0.000000,70,100,130,160,3700,4000,4200,4200,4300,4300,4300,313,0,70,642.3545892969366,3.070534992730245,4327.6663169963285,6389.376996805112
1783295060,50,,Aggregated,11.500000,0.000000,66,97,120,150,3500,4000,4200,4200,4300,4300,4300,335,0,66,601.2168852744429,3.070534992730245,4327.6663169963285,6274.050746268656
1783295061,50,,Aggregated,39.800000,0.000000,64,94,120,140,3500,4000,4100,4200,4300,4300,4300,351,0,64,574.2833699827978,3.070534992730245,4327.6663169963285,6343.0
1783295062,50,,Aggregated,52.333333,0.000000,61,91,110,140,3500,4000,4100,4200,4300,4300,4300,370,0,61,545.5414677457647,3.070534992730245,4327.6663169963285,6304.1945945945945
1783295063,50,,Aggregated,48.000000,0.000000,58,84,110,130,3000,3900,4100,4200,4300,4300,4300,401,0,58,504.3490870995534,3.070534992730245,4327.6663169963285,6224.940149625935
1783295064,50,,Aggregated,44.500000,0.000000,56,81,100,120,2900,3900,4100,4200,4300,4300,4300,422,0,56,479.84483922734194,3.070534992730245,4327.6663169963285,6134.791469194312
1783295065,50,,Aggregated,42.444444,0.000000,53,74,98,120,2700,3800,4100,4200,4300,4300,4300,445,0,53,455.78128470773703,3.070534992730245,4327.6663169963285,6126.961797752809
1783295066,50,,Aggregated,40.500000,0.000000,50,70,95,110,2600,3800,4100,4200,4300,4300,4300,467,0,50,434.81379587360186,3.070534992730245,4327.6663169963285,6308.745182012848
1783295067,50,,Aggregated,42.500000,0.000000,48,66,93,110,2400,3800,4100,4200,4300,4300,4300,492,0,47,413.31779373362724,3.070534992730245,4327.6663169963285,6340.130081300813
1783295068,50,,Aggregated,44.800000,0.000000,46,65,89,110,210,3800,4100,4200,4300,4300,4300,512,0,46,397.6342751287518,3.070534992730245,4327.6663169963285,6286.662109375
1783295069,50,,Aggregated,47.400000,0.000000,44,63,87,100,200,3800,4100,4200,4300,4300,4300,536,0,44,380.7099840389888,3.070534992730245,4327.6663169963285,6238.263059701492
1783295070,50,,Aggregated,45.000000,0.000000,43,61,83,98,180,3800,4100,4200,4300,4300,4300,560,0,43,365.1702697730538,3.070534992730245,4327.6663169963285,6269.419642857143
1783295071,50,,Aggregated,31.600000,0.000000,40,59,80,95,160,3700,4100,4200,4300,4300,4300,584,0,40,350.6600577703927,3.070534992730245,4327.6663169963285,6201.0445205479455
1783295072,50,,Aggregated,22.800000,0.000000,38,58,76,94,160,3700,4000,4200,4300,4300,4300,604,0,38,339.63218455112576,3.070534992730245,4327.6663169963285,6193.996688741722
1783295073,50,,Aggregated,22.600000,0.000000,36,57,71,91,160,3700,4000,4200,4300,4300,4300,627,0,36,327.7201389886602,3.070534992730245,4327.6663169963285,6120.875598086124
1783295074,50,,Aggregated,22.900000,0.000000,33,55,69,88,150,3700,4000,4200,4300,4300,4300,655,0,33,314.38501987620504,3.070534992730245,4327.6663169963285,6052.218320610687
1783295075,50,,Aggregated,23.000000,0.000000,31,54,67,85,150,3500,4000,4200,4300,4300,4300,677,0,31,304.68077454634715,3.070534992730245,4327.6663169963285,6050.1329394387
1783295076,50,,Aggregated,22.400000,0.000000,29,53,66,83,150,3500,4000,4200,4300,4300,4300,696,0,29,296.76674779720895,3.070534992730245,4327.6663169963285,6027.974137931034
1783295077,50,,Aggregated,23.000000,0.000000,25,52,64,81,140,3500,4000,4100,4300,4300,4300,721,0,25,286.91582195271076,3.070534992730245,4327.6663169963285,5987.44105409154
1783295078,50,,Aggregated,23.200000,0.000000,23,50,64,79,140,3500,4000,4100,4300,4300,4300,740,0,23,279.8692752660655,3.070534992730245,4327.6663169963285,5952.905405405405
1783295079,50,,Aggregated,22.400000,0.000000,19,49,62,75,130,3100,4000,4100,4300,4300,4300,767,0,19,270.53387261921586,3.070534992730245,4327.6663169963285,6008.908735332464
1783295080,50,,Aggregated,22.900000,0.000000,18,47,61,73,130,3000,4000,4100,4300,4300,4300,789,0,18,263.32861941688606,3.070534992730245,4327.6663169963285,6001.405576679341
1783295081,50,,Aggregated,23.000000,0.000000,16,46,60,70,130,3000,4000,4100,4300,4300,4300,811,0,16,256.5146963747496,3.070534992730245,4327.6663169963285,5952.335388409371
1783295082,50,,Aggregated,22.800000,0.000000,15,46,59,69,120,2900,4000,4100,4300,4300,4300,832,0,15,250.47034856006925,3.070534992730245,4327.6663169963285,5898.807692307692
1783295083,50,,Aggregated,22.900000,0.000000,15,45,58,67,120,2800,4000,4100,4300,4300,4300,861,0,15,242.54333113122294,3.070534992730245,4327.6663169963285,5919.996515679442
1783295084,50,,Aggregated,22.800000,0.000000,14,44,57,66,120,2700,4000,4100,4300,4300,4300,882,0,14,237.0630403627836,3.070534992730245,4327.6663169963285,5863.913832199546
1783295085,50,,Aggregated,22.200000,0.000000,14,43,56,66,110,2700,4000,4100,4300,4300,4300,905,0,14,231.4912124452836,3.070534992730245,4327.6663169963285,5862.283977900553
1783295086,50,,Aggregated,23.300000,0.000000,14,43,55,64,110,2600,4000,4100,4300,4300,4300,929,0,14,225.8085754467049,3.070534992730245,4327.6663169963285,5835.940796555436
1783295087,50,,Aggregated,23.000000,0.000000,14,40,54,63,110,2600,3900,4100,4300,4300,4300,957,0,14,219.546958841187,3.070534992730245,4327.6663169963285,5838.361546499477
1783295088,50,,Aggregated,22.600000,0.000000,14,39,53,61,110,2500,3900,4100,4300,4300,4300,972,0,14,216.35324160905026,3.070534992730245,4327.6663169963285,5850.867283950617
1783295089,50,,Aggregated,23.300000,0.000000,14,39,53,61,110,2400,3900,4100,4300,4300,4300,995,0,14,211.64297773167854,3.070534992730245,4327.6663169963285,5818.608040201005
1783295090,50,,Aggregated,23.300000,0.000000,14,38,52,60,110,330,3900,4100,4300,4300,4300,1016,0,14,207.63890267030152,3.070534992730245,4327.6663169963285,5795.424212598426
1783295091,50,,Aggregated,23.000000,0.000000,14,37,50,60,100,200,3900,4100,4300,4300,4300,1042,0,14,202.8746639155677,3.070534992730245,4327.6663169963285,5812.085412667946
1783295092,50,,Aggregated,22.600000,0.000000,13,36,50,59,100,200,3900,4100,4300,4300,4300,1070,0,13,197.89046027011372,3.070534992730245,4327.6663169963285,5764.344859813084
1783295093,50,,Aggregated,22.700000,0.000000,13,36,49,58,100,180,3900,4100,4300,4300,4300,1090,0,13,194.5108621504714,3.070534992730245,4327.6663169963285,5772.707339449541
1783295094,50,,Aggregated,23.100000,0.000000,13,34,49,58,99,180,3800,4100,4300,4300,4300,1106,0,13,191.87207715009015,3.070534992730245,4327.6663169963285,5842.046112115732
1783295095,50,,Aggregated,23.600000,0.000000,13,32,48,57,97,170,3800,4100,4300,4300,4300,1134,0,13,187.3667900987383,3.070534992730245,4327.6663169963285,5914.588183421517
1783295096,50,,Aggregated,23.100000,0.000000,13,31,47,57,96,170,3800,4100,4300,4300,4300,1154,0,13,184.33630653030858,3.070534992730245,4327.6663169963285,5924.147313691507
1783295097,50,,Aggregated,22.300000,0.000000,12,30,47,56,95,160,3800,4100,4300,4300,4300,1181,0,12,180.38995985096136,3.070534992730245,4327.6663169963285,5898.548687552921
1783295098,50,,Aggregated,22.800000,0.000000,12,29,46,55,94,160,3800,4000,4300,4300,4300,1205,0,12,177.17485407220502,3.070534992730245,4327.6663169963285,5914.8240663900415
1783295099,50,,Aggregated,22.500000,0.000000,12,28,46,55,93,160,3800,4000,4300,4300,4300,1226,0,12,174.44696080910143,3.070534992730245,4327.6663169963285,5894.035889070146
1783295100,50,,Aggregated,22.500000,0.000000,12,27,45,54,91,160,3800,4000,4300,4300,4300,1251,0,12,171.1864453293694,3.070534992730245,4327.6663169963285,5911.299760191847
1783295101,50,,Aggregated,23.100000,0.000000,12,25,45,53,90,160,3800,4000,4300,4300,4300,1269,0,12,168.94481380696598,3.070534992730245,4327.6663169963285,5904.270291568164
1783295102,50,,Aggregated,23.000000,0.000000,12,25,44,53,88,160,3800,4000,4300,4300,4300,1294,0,12,165.91884190804765,3.070534992730245,4327.6663169963285,5870.897217928903
1783295103,50,,Aggregated,23.400000,0.000000,11,24,44,53,88,150,3800,4000,4300,4300,4300,1313,0,11,163.73661717289835,3.070534992730245,4327.6663169963285,5840.899466869764
1783295104,50,,Aggregated,22.700000,0.000000,11,22,43,51,87,150,3800,4000,4300,4300,4300,1336,0,11,161.0930588323569,3.070534992730245,4327.6663169963285,5857.736526946108
1783295105,50,,Aggregated,22.400000,0.000000,11,20,43,50,86,150,3800,4000,4300,4300,4300,1354,0,11,159.06367047264777,3.070534992730245,4327.6663169963285,5844.649926144756
1783295106,50,,Aggregated,22.000000,0.000000,11,20,43,50,85,150,3800,4000,4300,4300,4300,1378,0,11,156.5643148113096,3.070534992730245,4327.6663169963285,5848.739477503628
1783295107,50,,Aggregated,22.800000,0.000000,10,19,43,50,84,140,3800,4000,4300,4300,4300,1404,0,10,153.90078609828268,3.070534992730245,4327.6663169963285,5872.179487179487
1783295108,50,,Aggregated,22.100000,0.000000,11,19,42,49,83,140,3800,4000,4300,4300,4300,1422,0,10,152.1271986026495,3.070534992730245,4327.6663169963285,5915.542897327708
1783295110,50,,Aggregated,22.200000,0.000000,10,18,41,49,82,140,3700,4000,4300,4300,4300,1454,0,10,149.04137707355497,3.070534992730245,4327.6663169963285,5957.329436038514
1783295111,50,,Aggregated,22.100000,0.000000,10,18,40,48,82,140,3700,4000,4300,4300,4300,1464,0,10,148.07844019872545,3.070534992730245,4327.6663169963285,5959.398907103825
1783295112,50,,Aggregated,21.600000,0.000000,10,18,40,48,80,140,3700,4000,4300,4300,4300,1494,0,10,145.4586937328679,3.070534992730245,4327.6663169963285,5955.257697456493
1783295113,50,,Aggregated,21.200000,0.000000,10,17,40,47,79,130,3700,4000,4300,4300,4300,1524,0,10,142.83696459050185,3.070534992730245,4327.6663169963285,5961.53937007874
1783295114,50,,Aggregated,21.200000,0.000000,10,17,39,47,77,130,3700,4000,4300,4300,4300,1541,0,10,141.43767041593276,3.070534992730245,4327.6663169963285,5957.270603504218
1783295115,50,,Aggregated,22.900000,0.000000,10,17,39,47,77,130,3700,4000,4300,4300,4300,1567,0,10,139.3537492603467,3.070534992730245,4327.6663169963285,5936.10657306956
1783295116,50,,Aggregated,22.800000,0.000000,10,17,39,47,76,130,3700,4000,4300,4300,4300,1590,0,10,137.57631032266025,3.070534992730245,4327.6663169963285,5920.1207547169815
1783295117,50,,Aggregated,22.800000,0.000000,10,17,38,46,75,130,3700,4000,4300,4300,4300,1612,0,10,135.89916962907228,3.070534992730245,4327.6663169963285,5893.692307692308
1783295118,50,,Aggregated,23.000000,0.000000,9,16,38,46,73,130,3700,4000,4300,4300,4300,1634,0,9,134.25067851655726,3.070534992730245,4327.6663169963285,5865.763157894737
1783295119,50,,Aggregated,23.400000,0.000000,9,16,37,46,73,130,3500,4000,4300,4300,4300,1659,0,9,132.3696257571157,3.070534992730245,4327.6663169963285,5861.775165762508
1783295121,50,,Aggregated,23.600000,0.000000,10,17,41,49,89,160,3500,4000,4300,4300,4300,1705,0,10,132.7085547267389,3.070534992730245,4327.6663169963285,5859.690322580645
1783295122,50,,Aggregated,20.500000,0.000000,10,17,40,49,88,160,3500,4000,4300,4300,4300,1722,0,10,131.57371537286565,3.070534992730245,4327.6663169963285,5847.648083623693
1783295123,50,,Aggregated,23.600000,0.000000,10,17,40,48,88,150,3500,4000,4300,4300,4300,1742,0,10,130.225696572371,3.070534992730245,4327.6663169963285,5851.273823191734
1783295124,50,,Aggregated,21.600000,0.000000,10,17,40,48,87,150,3500,4000,4300,4300,4300,1771,0,10,128.33734006441128,3.070534992730245,4327.6663169963285,5816.057594579333
1783295125,50,,Aggregated,20.500000,0.000000,10,17,40,48,86,150,3500,4000,4300,4300,4300,1787,0,10,127.37402092059514,3.070534992730245,4327.6663169963285,5802.252378287633
1783295126,50,,Aggregated,21.500000,0.000000,10,17,39,47,85,150,3500,4000,4300,4300,4300,1818,0,9,125.53529279983283,3.070534992730245,4327.6663169963285,5768.91199119912
1783295127,50,,Aggregated,21.100000,0.000000,9,17,39,47,84,140,3500,4000,4300,4300,4300,1842,0,9,124.03852589416164,3.070534992730245,4327.6663169963285,5796.400108577633
1783295128,50,,Aggregated,20.500000,0.000000,9,17,39,47,84,140,3300,4000,4300,4300,4300,1861,0,9,122.97849093768191,3.070534992730245,4327.6663169963285,5784.005373455132
1783295129,50,,Aggregated,21.400000,0.000000,9,17,39,47,83,140,3300,4000,4300,4300,4300,1888,0,9,121.4684338840432,3.070534992730245,4327.6663169963285,5794.7266949152545
1783295130,50,,Aggregated,21.100000,0.000000,9,16,38,47,82,140,3100,3900,4300,4300,4300,1913,0,9,120.06683141299736,3.070534992730245,4327.6663169963285,5817.21327757449
1783295131,50,,Aggregated,20.900000,0.000000,9,16,37,46,81,140,3100,3900,4300,4300,4300,1935,0,9,118.78867787601533,3.070534992730245,4327.6663169963285,5806.94315245478
1783295132,50,,Aggregated,23.500000,0.000000,9,16,37,46,80,140,3000,3900,4300,4300,4300,1953,0,9,117.87601761345017,3.070534992730245,4327.6663169963285,5815.346646185356
1783295133,50,,Aggregated,21.600000,0.000000,9,16,37,46,79,140,3000,3900,4300,4300,4300,1976,0,9,116.68259841350776,3.070534992730245,4327.6663169963285,5819.705465587044
1783295134,50,,Aggregated,22.900000,0.000000,9,16,36,46,77,130,3000,3900,4300,4300,4300,2000,0,9,115.44198839555611,3.070534992730245,4327.6663169963285,5836.2985
1783295135,50,,Aggregated,23.100000,0.000000,9,16,36,45,77,130,3000,3900,4300,4300,4300,2015,0,9,114.65327510180238,3.070534992730245,4327.6663169963285,5818.990570719603
1783295136,50,,Aggregated,22.300000,0.000000,9,15,36,45,76,130,3000,3900,4300,4300,4300,2042,0,9,113.30321755344148,3.070534992730245,4327.6663169963285,5816.822722820764
1783295137,50,,Aggregated,22.800000,0.000000,9,15,34,45,76,130,2900,3900,4300,4300,4300,2066,0,9,112.11103431515957,3.070534992730245,4327.6663169963285,5836.254114230397
1783295138,50,,Aggregated,22.400000,0.000000,9,15,34,45,76,130,2900,3900,4300,4300,4300,2093,0,9,111.00920277212965,3.070534992730245,4327.6663169963285,5813.100812231247
1783295139,50,,Aggregated,22.400000,0.000000,9,15,34,45,76,130,2900,3900,4300,4300,4300,2111,0,9,110.1899019716014,3.070534992730245,4327.6663169963285,5827.411653244908
1783295140,50,,Aggregated,22.300000,0.000000,9,15,34,45,75,130,2900,3900,4300,4300,4300,2136,0,9,109.08450233292206,3.070534992730245,4327.6663169963285,5847.190074906367
1783295141,50,,Aggregated,22.700000,0.000000,9,15,34,44,73,130,2800,3900,4300,4300,4300,2161,0,9,108.04029868445976,3.070534992730245,4327.6663169963285,5831.232299861175
1783295142,50,,Aggregated,21.800000,0.000000,9,15,33,44,71,130,2800,3900,4300,4300,4300,2186,0,9,106.9134869908984,3.070534992730245,4327.6663169963285,5831.152790484904
1783295143,50,,Aggregated,22.200000,0.000000,9,15,32,44,71,130,2700,3800,4300,4300,4300,2209,0,9,105.91004536672905,3.070534992730245,4327.6663169963285,5836.98325033952
1783295144,50,,Aggregated,22.300000,0.000000,9,15,32,44,71,130,2700,3800,4300,4300,4300,2231,0,9,105.06032778220647,3.070534992730245,4327.6663169963285,5835.259076647243
1783295145,50,,Aggregated,22.900000,0.000000,9,15,32,43,70,120,2700,3800,4300,4300,4300,2260,0,9,103.88710389560345,3.070534992730245,4327.6663169963285,5816.429203539823
1783295146,50,,Aggregated,23.100000,0.000000,9,15,31,43,70,120,2700,3800,4300,4300,4300,2280,0,9,103.04917201668886,3.070534992730245,4327.6663169963285,5811.993421052632
1783295147,50,,Aggregated,22.600000,0.000000,9,15,31,43,69,120,2600,3800,4300,4300,4300,2304,0,9,102.12309250262781,3.070534992730245,4327.6663169963285,5803.25
1783295148,50,,Aggregated,24.200000,0.000000,9,15,31,43,69,120,2600,3800,4300,4300,4300,2325,0,9,101.39613146540053,3.070534992730245,4327.6663169963285,5795.535053763441
1783295149,50,,Aggregated,23.100000,0.000000,9,15,31,43,69,120,2600,3800,4300,4300,4300,2347,0,9,100.59683853601513,3.070534992730245,4327.6663169963285,5803.509586706434
1783295150,50,,Aggregated,23.700000,0.000000,9,15,30,43,69,120,2600,3800,4300,4300,4300,2371,0,9,99.72259295909852,3.070534992730245,4327.6663169963285,5785.4888232813155
1783295151,50,,Aggregated,23.200000,0.000000,9,15,30,43,68,120,2600,3800,4300,4300,4300,2391,0,9,98.98647402092402,3.070534992730245,4327.6663169963285,5801.002091175241
1783295152,50,,Aggregated,23.500000,0.000000,9,15,29,43,68,120,2500,3800,4300,4300,4300,2415,0,9,98.10986034494996,3.070534992730245,4327.6663169963285,5809.384265010352
1783295153,50,,Aggregated,23.300000,0.000000,9,15,29,42,68,110,2500,3800,4300,4300,4300,2436,0,9,97.38955578245212,3.070534992730245,4327.6663169963285,5797.593185550082
1783295154,50,,Aggregated,22.900000,0.000000,8,15,28,42,67,110,2400,3800,4300,4300,4300,2462,0,8,96.46707682781054,3.070534992730245,4327.6663169963285,5817.430544272949
1783295155,50,,Aggregated,22.900000,0.000000,9,15,28,41,67,110,2400,3800,4300,4300,4300,2483,0,9,95.79117418490075,3.070534992730245,4327.6663169963285,5825.442609746275
1783295157,50,,Aggregated,22.600000,0.000000,8,14,28,41,67,110,330,3800,4300,4300,4300,2502,0,8,95.13291838135297,3.070534992730245,4327.6663169963285,5820.284172661871
1783295158,50,,Aggregated,23.100000,0.000000,8,14,28,41,67,110,330,3800,4300,4300,4300,2528,0,8,94.27963750004328,3.070534992730245,4327.6663169963285,5818.541930379747
1783295159,50,,Aggregated,22.300000,0.000000,8,14,28,40,66,110,300,3800,4300,4300,4300,2551,0,8,93.60199662568252,3.070534992730245,4327.6663169963285,5839.228145825166
1783295160,50,,Aggregated,22.100000,0.000000,8,14,27,40,66,110,300,3800,4300,4300,4300,2573,0,8,92.92198834519606,3.070534992730245,4327.6663169963285,5841.392537893509
1783295161,50,,Aggregated,22.300000,0.000000,8,14,26,40,66,110,300,3800,4300,4300,4300,2600,0,8,92.12039170815282,3.070534992730245,4327.6663169963285,5833.622307692308
1783295162,50,,Aggregated,22.500000,0.000000,8,14,25,40,66,110,270,3800,4300,4300,4300,2618,0,8,91.56248906921871,3.070534992730245,4327.6663169963285,5829.504965622613
1783295163,50,,Aggregated,22.600000,0.000000,8,14,25,40,65,110,270,3800,4300,4300,4300,2646,0,8,90.70014224309897,3.070534992730245,4327.6663169963285,5814.0313681027965
1783295164,50,,Aggregated,22.700000,0.000000,8,14,24,40,65,110,240,3800,4300,4300,4300,2667,0,8,90.10816818907625,3.070534992730245,4327.6663169963285,5833.263592050994
1783295165,50,,Aggregated,22.700000,0.000000,8,14,24,39,65,110,240,3800,4300,4300,4300,2691,0,8,89.51052442670935,3.070534992730245,4327.6663169963285,5833.8933481976965
1783295166,50,,Aggregated,22.900000,0.000000,8,14,24,39,65,110,230,3800,4300,4300,4300,2711,0,8,88.99669086288614,3.070534992730245,4327.6663169963285,5836.053116931022
1783295167,50,,Aggregated,22.900000,0.000000,8,14,24,39,65,110,230,3800,4300,4300,4300,2736,0,8,88.3637045340809,3.070534992730245,4327.6663169963285,5837.168494152047
1783295168,50,,Aggregated,22.800000,0.000000,8,14,23,39,64,110,220,3800,4300,4300,4300,2759,0,8,87.78455084858433,3.070534992730245,4327.6663169963285,5850.576295759333
1783295169,50,,Aggregated,23.200000,0.000000,8,14,23,39,64,110,220,3800,4300,4300,4300,2784,0,8,87.13653263010661,3.070534992730245,4327.6663169963285,5855.300287356322
1783295170,50,,Aggregated,23.000000,0.000000,8,14,22,39,64,100,220,3800,4300,4300,4300,2808,0,8,86.48026291711696,3.070534992730245,4327.6663169963285,5854.258547008547
1783295171,50,,Aggregated,23.200000,0.000000,8,14,22,39,63,100,220,3800,4300,4300,4300,2824,0,8,86.06725671821968,3.070534992730245,4327.6663169963285,5860.634915014164
1783295172,50,,Aggregated,23.200000,0.000000,8,14,21,39,63,100,220,3800,4300,4300,4300,2849,0,8,85.45300930545439,3.070534992730245,4327.6663169963285,5861.994383994384
1783295173,50,,Aggregated,23.300000,0.000000,8,14,21,39,62,100,220,3800,4300,4300,4300,2872,0,8,84.90257755125174,3.070534992730245,4327.6663169963285,5855.634052924791
1783295174,50,,Aggregated,23.100000,0.000000,8,14,21,39,62,100,220,3800,4300,4300,4300,2890,0,8,84.45335537171339,3.070534992730245,4327.6663169963285,5845.7076124567475
1783295175,50,,Aggregated,22.600000,0.000000,8,14,21,39,62,100,220,3700,4300,4300,4300,2919,0,8,83.78826206928163,3.070534992730245,4327.6663169963285,5831.860911270983
1783295176,50,,Aggregated,22.400000,0.000000,8,14,21,38,61,99,220,3700,4300,4300,4300,2941,0,8,83.26661975627144,3.070534992730245,4327.6663169963285,5840.127167630058
1783295177,50,,Aggregated,22.500000,0.000000,8,14,20,38,61,99,220,3700,4300,4300,4300,2967,0,8,82.66747725182803,3.070534992730245,4327.6663169963285,5826.2224469160765
1783295178,50,,Aggregated,22.600000,0.000000,8,14,20,38,61,99,220,3700,4300,4300,4300,2991,0,8,82.13786996729448,3.070534992730245,4327.6663169963285,5824.530926111668
1783295179,50,,Aggregated,23.000000,0.000000,8,14,20,38,61,99,220,3700,4200,4300,4300,3013,0,8,81.67331524498351,3.070534992730245,4327.6663169963285,5830.899103883173
1783295180,50,,Aggregated,22.800000,0.000000,8,14,20,38,61,98,220,3700,4200,4300,4300,3031,0,8,81.24441470806158,3.070534992730245,4327.6663169963285,5837.3385021445065
1783295181,50,,Aggregated,22.700000,0.000000,8,14,20,37,61,98,210,3700,4200,4300,4300,3059,0,8,80.58960260875982,3.070534992730245,4327.6663169963285,5836.619483491337
1783295182,50,,Aggregated,22.700000,0.000000,8,14,19,37,61,97,210,3700,4200,4300,4300,3080,0,8,80.13979364649069,3.070534992730245,4327.6663169963285,5854.077272727272
1783295183,50,,Aggregated,23.400000,0.000000,8,14,19,37,61,96,210,3700,4200,4300,4300,3103,0,8,79.65286627786243,3.070534992730245,4327.6663169963285,5840.343860779891
1783295184,50,,Aggregated,23.100000,0.000000,8,14,19,37,60,96,210,3700,4200,4300,4300,3123,0,8,79.20304720435087,3.070534992730245,4327.6663169963285,5843.790265770092
1783295185,50,,Aggregated,22.900000,0.000000,8,14,19,37,60,96,210,3700,4200,4300,4300,3148,0,8,78.68275869256604,3.070534992730245,4327.6663169963285,5842.412642947904
1783295186,50,,Aggregated,23.200000,0.000000,8,14,19,37,60,95,200,3700,4200,4300,4300,3170,0,8,78.27682804862737,3.070534992730245,4327.6663169963285,5835.270977917981
1783295187,50,,Aggregated,22.900000,0.000000,8,14,19,36,59,95,200,3700,4200,4300,4300,3197,0,8,77.74809404102217,3.070534992730245,4327.6663169963285,5852.88051298092
1783295188,50,,Aggregated,23.200000,0.000000,8,14,19,36,59,95,200,3700,4200,4300,4300,3218,0,8,77.32093464798045,3.070534992730245,4327.6663169963285,5874.564636420137
1783295189,50,,Aggregated,22.500000,0.000000,8,14,19,36,59,94,200,3700,4200,4300,4300,3245,0,8,76.76433811933039,3.070534992730245,4327.6663169963285,5879.95531587057
1783295190,50,,Aggregated,23.100000,0.000000,8,14,19,36,59,94,200,3700,4200,4300,4300,3260,0,8,76.46387477829072,3.070534992730245,4327.6663169963285,5876.464110429448
1783295191,50,,Aggregated,23.200000,0.000000,8,14,19,36,58,94,200,3700,4200,4300,4300,3289,0,8,75.95290017398443,3.070534992730245,4327.6663169963285,5869.442991790818
1783295192,50,,Aggregated,23.100000,0.000000,8,14,19,36,58,94,200,3500,4200,4300,4300,3310,0,8,75.53297082151535,3.070534992730245,4327.6663169963285,5860.660422960725
1783295193,50,,Aggregated,22.600000,0.000000,8,14,19,36,58,94,200,3500,4200,4300,4300,3331,0,8,75.20192728136783,3.070534992730245,4327.6663169963285,5864.3041128790155
1783295194,50,,Aggregated,22.800000,0.000000,8,14,19,36,58,94,180,3500,4200,4300,4300,3352,0,8,74.84198610508992,3.070534992730245,4327.6663169963285,5861.570107398568
1783295195,50,,Aggregated,22.600000,0.000000,8,14,19,36,58,94,180,3500,4200,4300,4300,3373,0,8,74.49783558917312,3.070534992730245,4327.6663169963285,5837.99911058405
1783295196,50,,Aggregated,22.600000,0.000000,8,14,19,36,58,93,180,3500,4200,4300,4300,3400,0,8,73.98726447067234,3.070534992730245,4327.6663169963285,5842.27794117647
1783295197,50,,Aggregated,22.500000,0.000000,8,14,19,36,58,93,180,3500,4200,4300,4300,3421,0,8,73.61905836283952,3.070534992730245,4327.6663169963285,5842.693949137679
1783295198,50,,Aggregated,22.800000,0.000000,8,14,19,36,58,93,180,3500,4200,4300,4300,3440,0,8,73.26891845878826,3.070534992730245,4327.6663169963285,5834.344186046512
1783295199,50,,Aggregated,22.900000,0.000000,8,14,19,35,57,91,180,3500,4200,4300,4300,3470,0,8,72.76578689372232,3.070534992730245,4327.6663169963285,5829.904034582132
1783295200,50,,Aggregated,22.200000,0.000000,8,14,19,35,57,91,180,3500,4200,4300,4300,3491,0,8,72.40655208914714,3.070534992730245,4327.6663169963285,5815.407619593239
1783295201,50,,Aggregated,22.700000,0.000000,8,14,18,35,57,91,180,3500,4200,4300,4300,3515,0,8,72.00026564871125,3.070534992730245,4327.6663169963285,5817.8105263157895
1783295202,50,,Aggregated,23.000000,0.000000,8,14,18,35,57,90,180,3500,4200,4300,4300,3540,0,8,71.58800137097228,3.070534992730245,4327.6663169963285,5805.079943502825
1783295203,50,,Aggregated,22.700000,0.000000,8,14,18,34,56,89,180,3500,4200,4300,4300,3561,0,8,71.23404166926284,3.070534992730245,4327.6663169963285,5788.228868295422
1783295204,50,,Aggregated,22.800000,0.000000,8,14,18,34,56,89,180,3500,4200,4300,4300,3588,0,8,70.83497420407262,3.070534992730245,4327.6663169963285,5789.666666666667
1783295205,50,,Aggregated,23.300000,0.000000,8,14,18,34,56,89,180,3500,4200,4300,4300,3607,0,8,70.52195229005554,3.070534992730245,4327.6663169963285,5790.855281397283
1783295206,50,,Aggregated,23.400000,0.000000,8,14,18,34,56,88,180,3500,4200,4300,4300,3635,0,8,70.108220019605,3.070534992730245,4327.6663169963285,5788.411829436039
1783295207,50,,Aggregated,23.400000,0.000000,8,14,18,34,56,88,180,3500,4200,4300,4300,3656,0,8,69.80615755807021,3.070534992730245,4327.6663169963285,5791.566466083151
1783295208,50,,Aggregated,23.400000,0.000000,8,14,18,34,56,88,180,3500,4200,4300,4300,3678,0,8,69.47240793835839,3.070534992730245,4327.6663169963285,5783.764545948885
1783295209,50,,Aggregated,23.200000,0.000000,8,14,18,34,56,87,180,3500,4200,4300,4300,3700,0,8,69.11579835142098,3.070534992730245,4327.6663169963285,5773.983513513514
1783295210,50,,Aggregated,23.700000,0.000000,8,14,18,34,56,87,170,3300,4200,4300,4300,3726,0,8,68.73911178402406,3.070534992730245,4327.6663169963285,5763.887010198604
1783295211,50,,Aggregated,23.000000,0.000000,8,14,18,34,56,87,170,3300,4200,4300,4300,3747,0,8,68.47473745456873,3.070534992730245,4327.6663169963285,5764.080597811582
1783295212,50,,Aggregated,22.600000,0.000000,8,14,18,33,56,87,170,3300,4200,4300,4300,3769,0,8,68.12028206454474,3.070534992730245,4327.6663169963285,5766.9896524277
1783295213,50,,Aggregated,23.500000,0.000000,8,14,18,33,55,87,170,3300,4200,4300,4300,3792,0,8,67.76124223055575,3.070534992730245,4327.6663169963285,5753.777689873417
1783295214,50,,Aggregated,22.500000,0.000000,8,14,18,32,55,87,170,3100,4200,4300,4300,3815,0,8,67.4212480789715,3.070534992730245,4327.6663169963285,5747.541808650066
1783295215,50,,Aggregated,22.500000,0.000000,8,14,18,33,55,87,170,3100,4200,4300,4300,3838,0,8,67.13415883904592,3.070534992730245,4327.6663169963285,5737.065398645128
1783295216,50,,Aggregated,22.600000,0.000000,8,14,18,33,55,87,170,3100,4200,4300,4300,3859,0,8,66.87591504203786,3.070534992730245,4327.6663169963285,5720.902047162477
1783295217,50,,Aggregated,23.100000,0.000000,8,14,18,32,55,86,170,3100,4200,4300,4300,3883,0,8,66.53875969256498,3.070534992730245,4327.6663169963285,5737.163018284831
1783295218,50,,Aggregated,22.400000,0.000000,8,14,18,32,55,86,170,3000,4200,4300,4300,3902,0,8,66.29010983347612,3.070534992730245,4327.6663169963285,5748.002050230651
1783295219,50,,Aggregated,22.200000,0.000000,8,14,18,32,55,86,170,3000,4200,4300,4300,3930,0,8,65.91802670438354,3.070534992730245,4327.6663169963285,5756.180916030535
1783295220,50,,Aggregated,22.100000,0.000000,8,14,18,32,54,85,160,3000,4200,4300,4300,3956,0,8,65.58348145507328,3.070534992730245,4327.6663169963285,5761.690596562184
1783295221,50,,Aggregated,22.500000,0.000000,8,14,18,32,54,85,160,3000,4200,4300,4300,3975,0,8,65.31748686799979,3.070534992730245,4327.6663169963285,5760.353710691824
1783295222,50,,Aggregated,23.000000,0.000000,8,14,18,32,54,85,160,3000,4200,4300,4300,3998,0,8,65.08679613864348,3.070534992730245,4327.6663169963285,5754.650325162581
1783295223,50,,Aggregated,22.700000,0.000000,8,14,18,32,54,84,160,3000,4200,4300,4300,4028,0,8,64.70729654772981,3.070534992730245,4327.6663169963285,5752.318520357498
1783295224,50,,Aggregated,23.400000,0.000000,8,14,18,32,54,84,160,3000,4200,4300,4300,4051,0,8,64.43066983119915,3.070534992730245,4327.6663169963285,5752.843495433226
1783295225,50,,Aggregated,23.400000,0.000000,8,14,18,32,54,84,160,3000,4200,4300,4300,4071,0,8,64.15932973107738,3.070534992730245,4327.6663169963285,5741.24195529354
1783295226,50,,Aggregated,23.900000,0.000000,8,14,18,32,53,84,160,3000,4200,4300,4300,4092,0,8,63.90612168628363,3.070534992730245,4327.6663169963285,5747.183284457478
1783295227,50,,Aggregated,22.900000,0.000000,8,14,18,32,53,83,160,2900,4200,4300,4300,4113,0,8,63.64063721377598,3.070534992730245,4327.6663169963285,5770.423535132507
1783295228,50,,Aggregated,23.000000,0.000000,8,14,18,31,53,83,160,2900,4200,4300,4300,4140,0,8,63.307931904899235,3.070534992730245,4327.6663169963285,5779.741545893719
1783295229,50,,Aggregated,23.500000,0.000000,8,14,18,31,53,83,160,2900,4200,4300,4300,4157,0,8,63.113958216561024,3.070534992730245,4327.6663169963285,5787.413038248737
1783295230,50,,Aggregated,23.300000,0.000000,8,14,17,31,53,83,160,2900,4200,4300,4300,4181,0,8,62.810801601587464,3.070534992730245,4327.6663169963285,5773.500119588615
1783295231,50,,Aggregated,22.400000,0.000000,8,14,17,31,53,83,160,2900,4200,4300,4300,4200,0,8,62.59523929576625,3.070534992730245,4327.6663169963285,5777.891666666666
1783295232,50,,Aggregated,22.800000,0.000000,8,14,17,31,53,82,160,2900,4200,4300,4300,4226,0,8,62.28188770401554,3.070534992730245,4327.6663169963285,5794.9164694746805
1783295233,50,,Aggregated,22.200000,0.000000,8,14,17,31,53,82,160,2900,4200,4300,4300,4252,0,8,62.023174167482,3.070534992730245,4327.6663169963285,5796.70884289746
1783295234,50,,Aggregated,22.600000,0.000000,8,14,17,31,52,82,160,2900,4200,4300,4300,4277,0,8,61.73844000049682,3.070534992730245,4327.6663169963285,5799.985503857844
1783295235,50,,Aggregated,22.100000,0.000000,8,14,17,31,52,82,160,2900,4200,4300,4300,4300,0,8,61.483679806084645,3.070534992730245,4327.6663169963285,5796.8088372093025
1783295236,50,,Aggregated,21.300000,0.000000,8,14,17,30,52,81,160,2800,4200,4300,4300,4322,0,8,61.22925564209315,3.070534992730245,4327.6663169963285,5799.215872281351
1783295237,50,,Aggregated,22.800000,0.000000,8,14,17,30,52,81,160,2800,4200,4300,4300,4340,0,8,61.01902205393956,3.070534992730245,4327.6663169963285,5794.762211981567
1783295238,50,,Aggregated,22.100000,0.000000,8,14,17,30,52,80,160,2800,4200,4300,4300,4366,0,8,60.74803960582791,3.070534992730245,4327.6663169963285,5809.759047182776
1783295239,50,,Aggregated,21.900000,0.000000,8,14,17,30,51,80,160,2800,4200,4300,4300,4385,0,8,60.526771199316165,3.070534992730245,4327.6663169963285,5803.6043329532495
1783295240,50,,Aggregated,22.100000,0.000000,8,14,17,30,51,80,160,2700,4200,4300,4300,4409,0,8,60.29939987208114,3.070534992730245,4327.6663169963285,5795.421864368337
1783295241,50,,Aggregated,22.700000,0.000000,8,14,17,30,51,80,160,2700,4200,4300,4300,4428,0,8,60.09894252483086,3.070534992730245,4327.6663169963285,5796.019196025293
1783295242,50,,Aggregated,22.600000,0.000000,8,14,17,29,51,80,150,2700,4200,4300,4300,4454,0,8,59.8227289692328,3.070534992730245,4327.6663169963285,5794.735294117647
1783295243,50,,Aggregated,22.200000,0.000000,8,14,17,29,51,80,150,2700,4200,4300,4300,4472,0,8,59.65071386270598,3.070534992730245,4327.6663169963285,5797.623658318425
1783295244,50,,Aggregated,21.700000,0.000000,8,14,17,29,51,80,150,2700,4200,4300,4300,4499,0,8,59.397590916646394,3.070534992730245,4327.6663169963285,5803.213380751278
1783295245,50,,Aggregated,21.900000,0.000000,8,14,17,29,51,79,150,2700,4200,4300,4300,4524,0,8,59.155820292883185,3.070534992730245,4327.6663169963285,5816.155614500442
1783295246,50,,Aggregated,22.200000,0.000000,8,14,17,29,51,78,150,2700,4200,4300,4300,4546,0,8,58.927986241967325,3.0044140003155917,4327.6663169963285,5818.628904531456
1783295247,50,,Aggregated,22.000000,0.000000,8,14,17,29,50,78,150,2700,4200,4300,4300,4571,0,8,58.673543827386396,3.0044140003155917,4327.6663169963285,5822.684970465981
1783295248,50,,Aggregated,22.800000,0.000000,8,14,17,29,50,78,150,2700,4200,4300,4300,4592,0,8,58.4878321208568,3.0044140003155917,4327.6663169963285,5824.742160278745
1783295249,50,,Aggregated,22.400000,0.000000,8,14,17,28,50,78,150,2600,4200,4300,4300,4618,0,8,58.22482936118946,3.0044140003155917,4327.6663169963285,5825.423776526635
1783295250,50,,Aggregated,22.700000,0.000000,8,14,17,28,50,78,150,2600,4200,4300,4300,4638,0,8,58.02643114790133,3.0044140003155917,4327.6663169963285,5819.631522207848
1783295251,50,,Aggregated,22.900000,0.000000,8,14,17,28,50,78,150,2600,4200,4300,4300,4659,0,8,57.85819667309371,3.0044140003155917,4327.6663169963285,5815.030049366817
1783295252,50,,Aggregated,22.700000,0.000000,8,14,17,28,50,78,150,2600,4200,4300,4300,4691,0,8,57.576107619251694,3.0044140003155917,4327.6663169963285,5816.095502025155
1783295253,50,,Aggregated,22.900000,0.000000,8,14,17,28,50,77,140,2600,4200,4300,4300,4707,0,8,57.42792641319214,3.0044140003155917,4327.6663169963285,5810.815168897387
1783295254,50,,Aggregated,23.700000,0.000000,8,14,17,28,50,77,140,2600,4200,4300,4300,4732,0,8,57.183041957506845,3.0044140003155917,4327.6663169963285,5814.687447168217
1783295255,50,,Aggregated,24.100000,0.000000,8,14,17,28,50,77,140,2600,4200,4300,4300,4754,0,8,56.990615340956495,3.0044140003155917,4327.6663169963285,5821.685317627262
1783295256,50,,Aggregated,23.600000,0.000000,8,14,17,28,50,77,140,2600,4200,4300,4300,4775,0,8,56.80703546908862,3.0044140003155917,4327.6663169963285,5814.651308900524
1783295257,50,,Aggregated,22.800000,0.000000,8,13,17,28,50,76,140,2500,4200,4300,4300,4803,0,8,56.5375481715429,3.0044140003155917,4327.6663169963285,5804.8371850926505
1783295258,50,,Aggregated,23.200000,0.000000,8,13,17,28,50,76,140,2500,4200,4300,4300,4822,0,8,56.35283884320219,3.0044140003155917,4327.6663169963285,5811.783699709664
1783295259,50,,Aggregated,23.600000,0.000000,8,13,16,28,50,76,140,2500,4200,4300,4300,4847,0,8,56.11413853969935,3.0044140003155917,4327.6663169963285,5812.955642665566
1783295260,50,,Aggregated,23.100000,0.000000,8,13,16,28,50,76,140,2500,4200,4300,4300,4869,0,8,55.92860559189051,3.0044140003155917,4327.6663169963285,5812.911480796878
1783295261,50,,Aggregated,22.700000,0.000000,8,13,16,27,50,76,140,2500,4200,4300,4300,4896,0,8,55.68597980920482,3.0044140003155917,4327.6663169963285,5821.797998366013
1783295262,50,,Aggregated,22.900000,0.000000,8,13,16,26,49,76,140,2400,4200,4300,4300,4916,0,8,55.4951881690143,3.0044140003155917,4327.6663169963285,5828.918226200162
1783295263,50,,Aggregated,23.400000,0.000000,8,13,16,26,49,76,140,2400,4200,4300,4300,4937,0,8,55.3093065020968,3.0044140003155917,4327.6663169963285,5824.832286813855
1783295264,50,,Aggregated,22.400000,0.000000,8,13,16,26,49,75,140,2400,4200,4300,4300,4964,0,8,55.06453381745465,3.0044140003155917,4327.6663169963285,5826.5165189363415
1783295265,50,,Aggregated,22.400000,0.000000,8,13,16,26,49,76,140,2400,4200,4300,4300,4989,0,8,54.935751442948366,3.0044140003155917,4327.6663169963285,5809.555021046302
1783295266,50,,Aggregated,22.800000,0.000000,8,13,16,26,49,75,140,330,4200,4300,4300,5002,0,8,54.83931969629433,3.0044140003155917,4327.6663169963285,5808.053578568572
1783295267,50,,Aggregated,23.200000,0.000000,8,13,16,26,49,75,140,330,4200,4300,4300,5033,0,8,54.580461847769904,3.0044140003155917,4327.6663169963285,5798.326644148619
1783295268,50,,Aggregated,22.700000,0.000000,8,13,16,27,49,75,140,330,4200,4300,4300,5056,0,8,54.43758518052889,3.0044140003155917,4327.6663169963285,5791.461629746836
1783295269,50,,Aggregated,22.800000,0.000000,8,13,16,27,49,75,140,330,4200,4300,4300,5085,0,8,54.21578166444901,3.0044140003155917,4327.6663169963285,5782.989970501475
1783295270,50,,Aggregated,23.400000,0.000000,8,13,16,27,49,75,130,300,4200,4300,4300,5104,0,8,54.05784391295981,3.0044140003155917,4327.6663169963285,5771.680446708464
1783295271,50,,Aggregated,22.900000,0.000000,7,13,16,26,49,75,130,300,4200,4300,4300,5129,0,7,53.83664859461482,3.0044140003155917,4327.6663169963285,5761.904464807954
1783295272,50,,Aggregated,23.300000,0.000000,7,13,16,26,49,74,130,300,4200,4300,4300,5148,0,7,53.68418869187998,3.0044140003155917,4327.6663169963285,5761.124514374515
1783295274,50,,Aggregated,23.000000,0.000000,7,13,16,26,49,74,130,300,4200,4300,4300,5179,0,7,53.45419258560789,3.0044140003155917,4327.6663169963285,5761.053678316277
1783295275,50,,Aggregated,22.400000,0.000000,7,13,16,26,49,74,130,300,4200,4300,4300,5196,0,7,53.31789104020236,3.0044140003155917,4327.6663169963285,5769.051385681293
1783295276,50,,Aggregated,23.100000,0.000000,7,13,16,26,49,74,130,270,4200,4300,4300,5217,0,7,53.155398706326636,3.0044140003155917,4327.6663169963285,5764.391987732413
1783295277,50,,Aggregated,22.100000,0.000000,7,13,16,25,49,74,130,270,4200,4300,4300,5247,0,7,52.90599199960217,3.0044140003155917,4327.6663169963285,5775.411282637698
1783295278,50,,Aggregated,22.300000,0.000000,7,13,16,25,49,73,130,270,4200,4300,4300,5268,0,7,52.750470130965994,3.0044140003155917,4327.6663169963285,5771.996772968869
1783295279,50,,Aggregated,23.000000,0.000000,7,13,16,25,49,73,130,270,4200,4300,4300,5286,0,7,52.62375130835147,3.0044140003155917,4327.6663169963285,5775.463110102157
1783295280,50,,Aggregated,22.400000,0.000000,7,13,16,25,49,73,130,240,4200,4300,4300,5314,0,7,52.42942647984663,3.0044140003155917,4327.6663169963285,5772.554196462175
1783295281,50,,Aggregated,22.500000,0.000000,7,13,16,25,49,73,130,240,4200,4300,4300,5334,0,7,52.28069344711533,3.0044140003155917,4327.6663169963285,5760.959130108737
1783295282,50,,Aggregated,22.100000,0.000000,7,13,16,25,49,73,130,240,4200,4300,4300,5356,0,7,52.12376820013461,3.0044140003155917,4327.6663169963285,5756.263069454817
1783295283,50,,Aggregated,22.700000,0.000000,7,13,16,25,49,72,130,240,4200,4300,4300,5381,0,7,51.94753237389536,3.0044140003155917,4327.6663169963285,5759.23155547296
1783295284,50,,Aggregated,22.000000,0.000000,7,13,16,25,49,71,130,230,4200,4300,4300,5408,0,7,51.738583617221465,3.0044140003155917,4327.6663169963285,5764.894045857988
1783295285,50,,Aggregated,22.900000,0.000000,7,13,16,25,49,71,130,230,4200,4300,4300,5430,0,7,51.56590962982906,3.0044140003155917,4327.6663169963285,5763.45635359116
1783295286,50,,Aggregated,22.600000,0.000000,7,13,16,24,49,71,130,230,4200,4300,4300,5454,0,7,51.37261659167281,3.0044140003155917,4327.6663169963285,5766.232489915658
1783295287,50,,Aggregated,23.200000,0.000000,7,13,16,24,48,71,130,230,4200,4300,4300,5476,0,7,51.20698542913314,3.0044140003155917,4327.6663169963285,5766.969320672023
1783295288,50,,Aggregated,23.400000,0.000000,7,13,16,24,48,71,130,230,4200,4300,4300,5491,0,7,51.103449365866105,3.0044140003155917,4327.6663169963285,5763.3396466945915
1783295289,50,,Aggregated,22.900000,0.000000,7,13,16,23,48,71,130,220,4200,4300,4300,5519,0,7,50.90909453159974,3.0044140003155917,4327.6663169963285,5756.039499909404
1783295290,50,,Aggregated,22.100000,0.000000,7,13,16,23,48,71,130,220,4200,4300,4300,5542,0,7,50.75535620496301,3.0044140003155917,4327.6663169963285,5749.567484662577
1783295291,50,,Aggregated,23.100000,0.000000,7,13,16,23,48,71,130,220,4200,4300,4300,5565,0,7,50.60963936333431,3.0044140003155917,4327.6663169963285,5750.813477088949
1783295292,50,,Aggregated,23.000000,0.000000,7,13,16,23,48,71,130,220,4200,4300,4300,5585,0,7,50.478462179584014,3.0044140003155917,4327.6663169963285,5745.642614145031
1783295293,50,,Aggregated,23.000000,0.000000,7,13,16,23,48,71,130,220,4200,4300,4300,5609,0,7,50.30824341237413,3.0044140003155917,4327.6663169963285,5743.066321982528
1783295294,50,,Aggregated,23.100000,0.000000,7,13,16,22,48,71,130,220,4200,4300,4300,5631,0,7,50.150986759193046,3.0044140003155917,4327.6663169963285,5747.798259634168
1783295295,50,,Aggregated,22.800000,0.000000,7,13,16,22,48,71,130,220,4200,4300,4300,5650,0,7,50.03186788850112,3.0044140003155917,4327.6663169963285,5749.392566371682
1783295296,50,,Aggregated,22.400000,0.000000,7,13,16,22,48,71,130,220,4200,4300,4300,5673,0,7,49.89046355755739,3.0044140003155917,4327.6663169963285,5751.561255067865
1783295297,50,,Aggregated,21.900000,0.000000,7,13,16,22,48,70,130,220,4200,4300,4300,5700,0,7,49.741367166141956,3.0044140003155917,4327.6663169963285,5751.435614035087
1783295298,50,,Aggregated,21.900000,0.000000,7,13,16,22,48,70,130,220,4200,4300,4300,5715,0,7,49.64211245687128,3.0044140003155917,4327.6663169963285,5747.521434820647
1783295299,50,,Aggregated,22.300000,0.000000,7,13,16,22,48,70,130,220,4200,4300,4300,5740,0,7,49.466001190613156,3.0044140003155917,4327.6663169963285,5747.377700348432
1783295300,50,,Aggregated,22.200000,0.000000,7,13,16,22,48,70,120,220,4200,4300,4300,5765,0,7,49.36305467287827,3.0044140003155917,4327.6663169963285,5745.067302688638
1783295301,50,,Aggregated,22.100000,0.000000,7,13,16,22,48,70,120,220,4200,4300,4300,5789,0,7,49.20740792747182,3.0044140003155917,4327.6663169963285,5746.65140784246
1783295302,50,,Aggregated,21.900000,0.000000,7,13,16,22,48,70,120,220,4200,4300,4300,5814,0,7,49.04738103425631,3.0044140003155917,4327.6663169963285,5751.009803921569
1783295303,50,,Aggregated,22.600000,0.000000,7,13,16,22,48,70,120,220,4200,4300,4300,5835,0,7,48.91247650508265,3.0044140003155917,4327.6663169963285,5749.641816623822
1783295304,50,,Aggregated,22.400000,0.000000,7,13,16,22,48,70,120,220,4200,4300,4300,5854,0,7,48.791708765148506,3.0044140003155917,4327.6663169963285,5742.913734198838
1783295305,50,,Aggregated,22.300000,0.000000,7,13,16,22,48,70,120,220,4200,4300,4300,5878,0,7,48.656216911217896,3.0044140003155917,4327.6663169963285,5750.499149370534
1783295306,50,,Aggregated,22.300000,0.000000,7,13,16,22,48,70,120,220,4200,4300,4300,5902,0,7,48.5038294368276,3.0044140003155917,4327.6663169963285,5752.986445272789
1783295307,50,,Aggregated,22.900000,0.000000,7,13,16,22,48,69,120,220,4200,4300,4300,5925,0,7,48.367515346195006,3.0044140003155917,4327.6663169963285,5750.329957805907
1783295308,50,,Aggregated,22.500000,0.000000,7,13,16,21,48,69,120,220,4200,4300,4300,5948,0,7,48.22765151499446,3.0044140003155917,4327.6663169963285,5754.026059179556
1783295309,50,,Aggregated,22.500000,0.000000,7,13,16,21,47,69,120,220,4200,4300,4300,5971,0,7,48.07709148320701,3.0044140003155917,4327.6663169963285,5747.684140010048
1783295310,50,,Aggregated,22.200000,0.000000,7,13,16,21,47,69,120,220,4200,4300,4300,5994,0,7,47.942210835538354,3.0044140003155917,4327.6663169963285,5748.2440774107445
1783295311,50,,Aggregated,22.800000,0.000000,7,13,15,21,47,69,120,220,4200,4300,4300,6013,0,7,47.82757356397803,3.0044140003155917,4327.6663169963285,5750.071511724596
1783295312,50,,Aggregated,22.800000,0.000000,7,13,15,21,47,69,120,220,4200,4300,4300,6036,0,7,47.68537042482295,3.0044140003155917,4327.6663169963285,5747.106030483764
1783295313,50,,Aggregated,21.900000,0.000000,7,13,15,21,47,69,120,220,4200,4300,4300,6060,0,7,47.55082856967233,3.0044140003155917,4327.6663169963285,5748.079372937294
1783295314,50,,Aggregated,22.700000,0.000000,7,13,15,21,47,69,120,220,4200,4300,4300,6079,0,7,47.45698687797746,3.0044140003155917,4327.6663169963285,5750.645007402533
1783295315,50,,Aggregated,22.700000,0.000000,7,13,15,21,47,68,120,210,4200,4300,4300,6106,0,7,47.2900280162565,3.0044140003155917,4327.6663169963285,5752.431215198166
1783295316,50,,Aggregated,22.800000,0.000000,7,13,15,20,47,68,120,210,4200,4300,4300,6127,0,7,47.16562536318499,3.0044140003155917,4327.6663169963285,5752.266198792231
1783295317,50,,Aggregated,22.000000,0.000000,7,13,15,21,47,68,120,210,4200,4300,4300,6148,0,7,47.066111951401524,3.0044140003155917,4327.6663169963285,5755.7091737150295
1783295318,50,,Aggregated,22.200000,0.000000,7,13,15,20,47,68,120,210,4200,4300,4300,6176,0,7,46.90642969772509,3.0044140003155917,4327.6663169963285,5758.36042746114
1783295319,50,,Aggregated,21.500000,0.000000,7,13,15,21,47,68,120,210,4200,4300,4300,6195,0,7,46.827180000826154,3.0044140003155917,4327.6663169963285,5743.814366424536
1783295320,50,,Aggregated,23.000000,0.000000,7,13,15,21,47,68,120,210,4200,4300,4300,6219,0,7,46.72009731887853,3.0044140003155917,4327.6663169963285,5750.224955780672
1783295321,50,,Aggregated,21.900000,0.000000,7,13,15,20,47,68,120,210,4200,4300,4300,6238,0,7,46.60840212008758,3.0044140003155917,4327.6663169963285,5754.556428342417
1783295322,50,,Aggregated,21.900000,0.000000,7,13,15,20,47,68,110,210,4200,4300,4300,6262,0,7,46.48387254473231,3.0044140003155917,4327.6663169963285,5753.370328968381
1783295323,50,,Aggregated,22.500000,0.000000,7,13,15,20,47,68,110,210,4200,4300,4300,6285,0,7,46.35308405188822,3.0044140003155917,4327.6663169963285,5753.86062052506
1783295324,50,,Aggregated,21.600000,0.000000,7,13,15,20,47,67,110,200,4200,4300,4300,6307,0,7,46.24108428715874,3.0044140003155917,4327.6663169963285,5760.031076581576
1783295325,50,,Aggregated,22.000000,0.000000,7,13,15,20,47,67,110,200,4200,4300,4300,6339,0,7,46.075315982033324,3.0044140003155917,4327.6663169963285,5753.183309670295
1783295326,50,,Aggregated,22.200000,0.000000,7,13,15,20,47,67,110,200,4200,4300,4300,6356,0,7,46.00644023459592,3.0044140003155917,4327.6663169963285,5754.271869100063
1783295327,50,,Aggregated,22.600000,0.000000,7,13,15,20,47,67,110,200,4200,4300,4300,6377,0,7,45.913820412910574,3.0044140003155917,4327.6663169963285,5749.3459306884115
1783295328,50,,Aggregated,22.900000,0.000000,7,13,15,20,47,67,110,200,4200,4300,4300,6403,0,7,45.78347455991039,3.0044140003155917,4327.6663169963285,5758.493831016711
1783295329,50,,Aggregated,23.100000,0.000000,7,13,15,20,47,67,110,200,4200,4300,4300,6431,0,7,45.639382997217574,3.0044140003155917,4327.6663169963285,5755.727880578448
1783295330,50,,Aggregated,22.400000,0.000000,7,13,15,20,47,67,110,200,4200,4300,4300,6450,0,7,45.53412509396945,3.0044140003155917,4327.6663169963285,5762.481085271318
1783295331,50,,Aggregated,22.900000,0.000000,7,13,15,20,47,67,110,200,4200,4300,4300,6477,0,7,45.40048694999368,3.0044140003155917,4327.6663169963285,5764.721167207041
1783295332,50,,Aggregated,23.400000,0.000000,7,13,15,20,47,67,110,200,4200,4300,4300,6498,0,7,45.28634475378098,3.0044140003155917,4327.6663169963285,5767.884887657741
1783295333,50,,Aggregated,23.400000,0.000000,7,13,15,20,47,67,110,200,4200,4300,4300,6521,0,7,45.16693811011237,3.0044140003155917,4327.6663169963285,5768.5212390737615
1783295334,50,,Aggregated,24.000000,0.000000,7,13,15,20,47,67,110,200,4200,4300,4300,6547,0,7,45.04996547763117,3.0044140003155917,4327.6663169963285,5758.510921032534
1783295335,50,,Aggregated,23.600000,0.000000,7,13,15,20,47,67,110,200,4200,4300,4300,6569,0,7,44.946488891769334,3.0044140003155917,4327.6663169963285,5762.504490790075
1783295336,50,,Aggregated,22.900000,0.000000,7,13,15,20,47,67,110,200,4200,4300,4300,6594,0,7,44.827041650139186,3.0044140003155917,4327.6663169963285,5767.913406126782
1783295337,50,,Aggregated,23.600000,0.000000,7,13,15,20,47,67,110,200,4200,4300,4300,6614,0,7,44.72451124524476,3.0044140003155917,4327.6663169963285,5761.214242515875
1783295338,50,,Aggregated,23.500000,0.000000,7,13,15,19,47,67,110,200,4200,4300,4300,6642,0,7,44.58604331271724,3.0044140003155917,4327.6663169963285,5768.5510388437215
1783295340,50,,Aggregated,23.600000,0.000000,7,13,15,20,47,67,110,200,4200,4300,4300,6672,0,7,44.58457259728592,3.0044140003155917,4327.6663169963285,5767.392086330935
1783295341,50,,Aggregated,22.900000,0.000000,7,13,15,20,47,67,110,200,4200,4300,4300,6697,0,7,44.46883717366975,3.0044140003155917,4327.6663169963285,5762.760639092131
1783295342,50,,Aggregated,23.200000,0.000000,7,13,15,20,47,67,110,190,4200,4300,4300,6720,0,7,44.37667055224318,3.0044140003155917,4327.6663169963285,5774.08125
1783295343,50,,Aggregated,22.800000,0.000000,7,13,15,20,47,67,110,190,4200,4300,4300,6743,0,7,44.250369658912156,3.0044140003155917,4327.6663169963285,5779.811656532701
1783295344,50,,Aggregated,22.700000,0.000000,7,13,15,20,47,67,110,190,4200,4300,4300,6767,0,7,44.142470832129156,3.0044140003155917,4327.6663169963285,5788.710654647554
1783295345,50,,Aggregated,22.400000,0.000000,7,13,15,20,47,67,110,190,4200,4300,4300,6787,0,7,44.039312246502334,3.0044140003155917,4327.6663169963285,5784.894062177693
1783295346,50,,Aggregated,23.500000,0.000000,7,13,15,20,47,67,110,180,4200,4300,4300,6815,0,7,43.92138232164576,3.0044140003155917,4327.6663169963285,5781.706382978723
1783295347,50,,Aggregated,22.800000,0.000000,7,13,15,20,47,67,110,180,4200,4300,4300,6837,0,7,43.81493228975059,3.0044140003155917,4327.6663169963285,5782.27702208571
1783295348,50,,Aggregated,23.000000,0.000000,7,13,15,19,47,66,110,180,4200,4300,4300,6864,0,7,43.68462798863532,3.0044140003155917,4327.6663169963285,5775.142191142191
1783295349,50,,Aggregated,22.900000,0.000000,7,13,15,19,47,66,110,180,4200,4300,4300,6890,0,7,43.59319715123701,3.0044140003155917,4327.6663169963285,5768.834833091437
1783295350,50,,Aggregated,23.100000,0.000000,7,13,15,19,47,66,110,180,4200,4300,4300,6913,0,7,43.483201795894,3.0044140003155917,4327.6663169963285,5769.00332706495
1783295351,50,,Aggregated,24.100000,0.000000,7,13,15,19,47,66,110,180,4200,4300,4300,6934,0,7,43.39100211003817,3.0044140003155917,4327.6663169963285,5773.793769829824
1783295352,50,,Aggregated,23.400000,0.000000,7,13,15,19,47,66,110,180,4200,4300,4300,6954,0,7,43.305136233536366,3.0044140003155917,4327.6663169963285,5770.153436870865
1783295353,50,,Aggregated,23.800000,0.000000,7,13,15,19,47,66,110,180,4200,4300,4300,6983,0,7,43.18320241214013,3.0044140003155917,4327.6663169963285,5765.386510095947
1783295354,50,,Aggregated,23.900000,0.000000,7,13,15,19,47,66,110,180,4100,4300,4300,7006,0,7,43.07388615015464,3.0044140003155917,4327.6663169963285,5766.818869540394
1783295355,50,,Aggregated,23.700000,0.000000,7,13,15,19,46,66,110,180,4100,4300,4300,7030,0,7,42.95885699743726,3.0044140003155917,4327.6663169963285,5760.8045519203415
1783295356,50,,Aggregated,23.700000,0.000000,7,13,15,19,46,66,110,180,4100,4300,4300,7053,0,7,42.86927545455796,3.0044140003155917,4327.6663169963285,5757.946547568411
1783295357,50,,Aggregated,24.100000,0.000000,7,13,15,19,46,66,110,180,4100,4300,4300,7074,0,7,42.774104461125745,3.0044140003155917,4327.6663169963285,5756.834888323438
1783295358,50,,Aggregated,23.600000,0.000000,7,13,15,19,46,65,110,180,4100,4300,4300,7095,0,7,42.69924208357885,3.0044140003155917,4327.6663169963285,5757.564622973925
1783295359,50,,Aggregated,23.600000,0.000000,7,13,15,20,47,66,110,180,4100,4300,4300,7132,0,7,42.6740118171609,3.0044140003155917,4327.6663169963285,5759.291643297813
1783295360,50,,Aggregated,23.700000,0.000000,7,13,15,20,47,66,110,180,4100,4300,4300,7149,0,7,42.6109499618109,3.0044140003155917,4327.6663169963285,5758.433627080711
1783295361,50,,Aggregated,23.300000,0.000000,7,13,15,19,47,66,110,180,4100,4300,4300,7177,0,7,42.487402194096234,3.0044140003155917,4327.6663169963285,5763.063396962519
1783295362,50,,Aggregated,22.900000,0.000000,7,13,15,19,47,66,110,180,4100,4300,4300,7197,0,7,42.407873912610704,3.0044140003155917,4327.6663169963285,5760.44574128109
1783295363,50,,Aggregated,22.000000,0.000000,7,13,15,19,47,66,110,180,4100,4300,4300,7220,0,7,42.31436613102578,3.0044140003155917,4327.6663169963285,5756.087534626039
1783295364,50,,Aggregated,22.900000,0.000000,7,13,15,19,46,66,110,180,4100,4300,4300,7243,0,7,42.20596649468355,3.0044140003155917,4327.6663169963285,5755.027060610244
1783295365,50,,Aggregated,22.900000,0.000000,7,13,15,19,46,66,110,180,4100,4300,4300,7264,0,7,42.12725157117047,3.0044140003155917,4327.6663169963285,5753.366327092511
1783295366,50,,Aggregated,22.200000,0.000000,7,13,15,19,46,66,110,180,4100,4300,4300,7291,0,7,42.03937488656426,3.0044140003155917,4327.6663169963285,5748.897956384584
1783295367,50,,Aggregated,22.000000,0.000000,7,13,15,19,46,66,110,180,4100,4300,4300,7309,0,7,41.96173749623283,3.0044140003155917,4327.6663169963285,5751.940757969626
1783295368,50,,Aggregated,22.000000,0.000000,7,13,15,19,46,65,110,180,4100,4300,4300,7329,0,7,41.87750597488699,3.0044140003155917,4327.6663169963285,5748.977213808159
1783295369,50,,Aggregated,22.800000,0.000000,7,13,15,19,46,66,110,180,4100,4300,4300,7361,0,7,41.81006054027692,3.0044140003155917,4327.6663169963285,5742.199157723136
1783295370,50,,Aggregated,22.200000,0.000000,7,13,15,19,46,66,110,180,4100,4300,4300,7381,0,7,41.72537898333231,3.0044140003155917,4327.6663169963285,5746.174502099986
1783295371,50,,Aggregated,21.400000,0.000000,7,13,15,19,46,66,110,180,4100,4300,4300,7400,0,7,41.643753095126456,3.0044140003155917,4327.6663169963285,5752.803783783784
1783295372,50,,Aggregated,22.900000,0.000000,7,13,15,19,46,66,110,180,4100,4300,4300,7430,0,7,41.54732298977464,3.0044140003155917,4327.6663169963285,5747.988425302827
1783295373,50,,Aggregated,23.100000,0.000000,7,13,15,19,46,65,110,180,4100,4300,4300,7446,0,7,41.475014019612935,3.0044140003155917,4327.6663169963285,5751.364893902766
1783295374,50,,Aggregated,21.900000,0.000000,7,13,15,19,46,65,110,180,4100,4300,4300,7471,0,7,41.3845654332741,3.0044140003155917,4327.6663169963285,5742.647570606345
1783295375,50,,Aggregated,22.900000,0.000000,7,13,15,19,46,65,110,180,4100,4300,4300,7496,0,7,41.29021534018292,3.0044140003155917,4327.6663169963285,5745.584978655283
1783295376,50,,Aggregated,22.600000,0.000000,7,13,15,19,46,65,110,170,4100,4300,4300,7519,0,7,41.20091226932189,3.0044140003155917,4327.6663169963285,5743.984572416544
1783295377,50,,Aggregated,22.900000,0.000000,7,13,15,19,46,65,110,170,4100,4300,4300,7541,0,7,41.14898050471161,3.0044140003155917,4327.6663169963285,5746.6133138841005
1783295378,50,,Aggregated,23.100000,0.000000,7,13,15,19,46,65,110,170,4100,4300,4300,7561,0,7,41.08328373086122,3.0044140003155917,4327.6663169963285,5747.126702817088
1783295379,50,,Aggregated,22.400000,0.000000,7,13,15,19,46,65,110,170,4100,4300,4300,7582,0,7,40.99587142772571,3.0044140003155917,4327.6663169963285,5747.979161171195
1783295380,50,,Aggregated,23.000000,0.000000,7,13,15,19,46,65,110,170,4100,4300,4300,7603,0,7,40.93087671366098,3.0044140003155917,4327.6663169963285,5747.188478232277
1783295381,50,,Aggregated,23.200000,0.000000,7,13,15,19,46,65,110,170,4100,4300,4300,7632,0,7,40.81519280136197,3.0044140003155917,4327.6663169963285,5750.732573375262
1783295382,50,,Aggregated,22.200000,0.000000,7,13,15,19,46,65,100,170,4100,4300,4300,7654,0,7,40.75308768238919,3.0044140003155917,4327.6663169963285,5746.5402403971775
1783295383,50,,Aggregated,22.200000,0.000000,7,13,15,19,46,65,100,170,4100,4300,4300,7677,0,7,40.66329993525667,3.0044140003155917,4327.6663169963285,5745.899960922236
1783295384,50,,Aggregated,23.300000,0.000000,7,13,15,19,46,64,100,170,4100,4300,4300,7704,0,7,40.57572792756569,3.0044140003155917,4327.6663169963285,5748.616173416407
1783295385,50,,Aggregated,22.600000,0.000000,7,13,15,19,46,64,100,170,4100,4300,4300,7724,0,7,40.50230802459732,3.0044140003155917,4327.6663169963285,5747.989772138788
1783295386,50,,Aggregated,23.100000,0.000000,7,13,15,19,46,64,100,170,4100,4300,4300,7741,0,7,40.44895698953777,3.0044140003155917,4327.6663169963285,5749.058132024286
1783295387,50,,Aggregated,23.200000,0.000000,7,13,15,19,46,64,100,170,4100,4300,4300,7769,0,7,40.35245347200714,3.0044140003155917,4327.6663169963285,5748.073625949286
1783295388,50,,Aggregated,22.700000,0.000000,7,13,15,19,46,64,100,170,4100,4300,4300,7791,0,7,40.29211589359693,3.0044140003155917,4327.6663169963285,5746.18688230009
1783295389,50,,Aggregated,22.200000,0.000000,7,13,15,19,46,64,100,170,4100,4300,4300,7812,0,7,40.21193920801293,3.0044140003155917,4327.6663169963285,5746.920250896057
1783295390,50,,Aggregated,22.700000,0.000000,7,13,15,19,46,64,100,170,4100,4300,4300,7836,0,7,40.13263575089222,3.0044140003155917,4327.6663169963285,5744.340607452782
1783295391,50,,Aggregated,22.900000,0.000000,7,13,15,19,46,64,100,170,4100,4300,4300,7857,0,7,40.05113801081495,3.0044140003155917,4327.6663169963285,5740.352042764413
1783295392,50,,Aggregated,22.700000,0.000000,7,13,15,19,46,64,100,170,4100,4300,4300,7882,0,7,39.98640759375049,3.0044140003155917,4327.6663169963285,5740.06838365897
1783295393,50,,Aggregated,23.200000,0.000000,7,13,15,19,46,64,100,170,4100,4300,4300,7902,0,7,39.91755519107848,3.0044140003155917,4327.6663169963285,5736.147304479879
1783295395,50,,Aggregated,22.400000,0.000000,7,13,15,19,46,64,100,170,4100,4300,4300,7926,0,7,39.83957841155102,3.0044140003155917,4327.6663169963285,5733.028639919253
1783295396,50,,Aggregated,22.600000,0.000000,7,13,15,19,46,64,100,170,4100,4300,4300,7949,0,7,39.758288562074334,3.0044140003155917,4327.6663169963285,5731.979745879985
1783295397,50,,Aggregated,22.100000,0.000000,7,13,15,19,46,64,100,170,4100,4300,4300,7976,0,7,39.66030674021576,3.0044140003155917,4327.6663169963285,5733.679663991976
1783295398,50,,Aggregated,22.500000,0.000000,7,13,15,19,46,63,100,170,4100,4300,4300,7999,0,7,39.57966550042979,3.0044140003155917,4327.6663169963285,5738.248781097637
1783295399,50,,Aggregated,22.500000,0.000000,7,13,15,19,46,63,100,170,4100,4300,4300,8020,0,7,39.49780450235911,3.0044140003155917,4327.6663169963285,5743.42867830424
1783295400,50,,Aggregated,23.300000,0.000000,7,13,15,19,46,63,100,170,4100,4300,4300,8042,0,7,39.44453603119177,3.0044140003155917,4327.6663169963285,5745.077095249938
1783295401,50,,Aggregated,22.900000,0.000000,7,13,15,19,46,63,100,170,4100,4300,4300,8063,0,7,39.37196026513464,3.0044140003155917,4327.6663169963285,5747.245938236389
1783295402,50,,Aggregated,22.900000,0.000000,7,12,15,18,46,63,100,170,4100,4300,4300,8089,0,7,39.27498991603371,3.0044140003155917,4327.6663169963285,5749.620843120287
1783295403,50,,Aggregated,22.600000,0.000000,7,12,15,18,46,63,100,160,4100,4300,4300,8112,0,7,39.20340799332058,3.0044140003155917,4327.6663169963285,5740.948224852071
1783295404,50,,Aggregated,23.100000,0.000000,7,12,15,18,46,63,100,160,4100,4300,4300,8131,0,7,39.13016733314527,3.0044140003155917,4327.6663169963285,5740.3706801131475
1783295405,50,,Aggregated,22.800000,0.000000,7,12,15,18,46,63,100,160,4100,4300,4300,8157,0,7,39.0516523119747,3.0044140003155917,4327.6663169963285,5737.024273630011
1783295406,50,,Aggregated,22.800000,0.000000,7,12,15,18,46,63,100,160,4100,4300,4300,8182,0,7,38.973149959388614,3.0044140003155917,4327.6663169963285,5741.086164751894
1783295407,50,,Aggregated,23.000000,0.000000,7,12,15,18,46,63,100,160,4100,4300,4300,8205,0,7,38.89624140350244,3.0044140003155917,4327.6663169963285,5739.051432053626
1783295408,50,,Aggregated,23.200000,0.000000,7,12,15,18,46,63,100,160,4100,4300,4300,8227,0,7,38.84334271407646,3.0044140003155917,4327.6663169963285,5737.136380211498
1783295409,50,,Aggregated,23.000000,0.000000,7,12,15,18,46,63,100,160,4100,4300,4300,8256,0,7,38.77470204489581,3.0044140003155917,4327.6663169963285,5732.940528100775
1783295410,50,,Aggregated,23.000000,0.000000,7,12,15,18,46,63,100,160,4100,4300,4300,8272,0,7,38.71569634583162,3.0044140003155917,4327.6663169963285,5736.9341150870405
1783295411,50,,Aggregated,23.400000,0.000000,7,12,15,18,46,63,100,160,4100,4300,4300,8303,0,7,38.63652485604073,3.0044140003155917,4327.6663169963285,5740.578224738047
1783295412,50,,Aggregated,23.000000,0.000000,7,12,15,18,46,63,100,160,4100,4300,4300,8322,0,7,38.57708458395718,3.0044140003155917,4327.6663169963285,5744.036529680366
1783295413,50,,Aggregated,23.700000,0.000000,7,12,15,18,46,63,100,160,4100,4300,4300,8344,0,7,38.50940275451657,3.0044140003155917,4327.6663169963285,5748.520254074784
1783295414,50,,Aggregated,23.100000,0.000000,7,12,15,18,46,63,100,160,4100,4300,4300,8369,0,7,38.43470374126887,3.0044140003155917,4327.6663169963285,5753.240888995101
1783295415,50,,Aggregated,23.100000,0.000000,7,12,15,18,46,63,100,160,4100,4300,4300,8391,0,7,38.36458045795319,3.0044140003155917,4327.6663169963285,5755.387558097962
1783295416,50,,Aggregated,23.400000,0.000000,7,12,15,18,46,63,100,160,4100,4300,4300,8414,0,7,38.29109771222728,3.0044140003155917,4327.6663169963285,5759.606132636082
1783295417,50,,Aggregated,23.500000,0.000000,7,12,15,18,46,63,100,160,4100,4300,4300,8441,0,7,38.21304932693568,3.0044140003155917,4327.6663169963285,5757.158275085891
1783295418,50,,Aggregated,23.500000,0.000000,7,12,15,18,46,63,100,160,4100,4300,4300,8454,0,7,38.17619598600525,3.0044140003155917,4327.6663169963285,5753.924296191152
1783295419,50,,Aggregated,23.500000,0.000000,7,12,15,18,46,63,100,160,4100,4300,4300,8480,0,7,38.09690736328913,3.0044140003155917,4327.6663169963285,5754.762028301887
1783295420,50,,Aggregated,23.100000,0.000000,7,12,15,18,46,62,99,160,4100,4300,4300,8502,0,7,38.03513192316153,3.0044140003155917,4327.6663169963285,5754.795695130558
1783295421,50,,Aggregated,22.000000,0.000000,7,12,15,18,45,62,99,160,4100,4300,4300,8522,0,7,37.97495702941748,3.0044140003155917,4327.6663169963285,5750.137409058906
1783295422,50,,Aggregated,22.900000,0.000000,7,12,15,18,45,62,99,160,4100,4300,4300,8550,0,7,37.88961261213343,3.0044140003155917,4327.6663169963285,5755.274502923977
1783295423,50,,Aggregated,22.100000,0.000000,7,12,15,18,45,62,99,160,4100,4300,4300,8572,0,7,37.833499156406596,3.0044140003155917,4327.6663169963285,5755.847060195987
1783295424,50,,Aggregated,22.700000,0.000000,7,12,15,18,45,62,99,160,4100,4300,4300,8591,0,7,37.78083108598692,3.0044140003155917,4327.6663169963285,5754.771854266092
1783295425,50,,Aggregated,22.400000,0.000000,7,12,15,18,45,62,99,160,4100,4300,4300,8615,0,7,37.70363442620212,3.0044140003155917,4327.6663169963285,5758.883226929774
1783295426,50,,Aggregated,22.400000,0.000000,7,12,15,18,45,62,99,160,4100,4300,4300,8642,0,7,37.65357326402866,3.0044140003155917,4327.6663169963285,5756.252603563989
1783295427,50,,Aggregated,22.200000,0.000000,7,12,15,18,45,62,99,160,4100,4300,4300,8659,0,7,37.6015613749541,3.0044140003155917,4327.6663169963285,5760.389421411249
1783295428,50,,Aggregated,22.700000,0.000000,7,12,15,18,45,62,99,160,4100,4300,4300,8690,0,7,37.51015335865859,3.0044140003155917,4327.6663169963285,5767.9675489067895
1783295429,50,,Aggregated,21.800000,0.000000,7,12,15,18,45,62,99,160,4100,4300,4300,8705,0,7,37.46605565901383,3.0044140003155917,4327.6663169963285,5774.509017805859
1783295430,50,,Aggregated,23.200000,0.000000,7,12,15,18,45,62,99,160,4100,4300,4300,8731,0,7,37.392774719700775,3.0044140003155917,4327.6663169963285,5780.376818233879
1783295431,50,,Aggregated,23.200000,0.000000,7,12,15,18,45,62,99,160,4100,4300,4300,8748,0,7,37.33593163793844,3.0044140003155917,4327.6663169963285,5782.603795153178
1783295432,50,,Aggregated,22.600000,0.000000,7,12,15,18,45,62,99,160,4100,4300,4300,8777,0,7,37.245346406477346,3.0044140003155917,4327.6663169963285,5780.902928107554
1783295433,50,,Aggregated,22.800000,0.000000,7,12,15,18,45,62,99,160,4100,4300,4300,8805,0,7,37.159336718525296,3.0044140003155917,4327.6663169963285,5781.197955706984
1783295434,50,,Aggregated,22.400000,0.000000,7,12,15,18,45,62,99,160,4100,4300,4300,8831,0,7,37.07970004547408,3.0044140003155917,4327.6663169963285,5779.494960933077
1783295435,50,,Aggregated,23.400000,0.000000,7,12,14,18,45,62,98,160,4100,4300,4300,8854,0,7,37.022485511132516,3.0044140003155917,4327.6663169963285,5783.633611926813
1783295436,50,,Aggregated,23.800000,0.000000,7,12,14,18,45,61,98,160,4100,4300,4300,8879,0,7,36.947711169110505,3.0044140003155917,4327.6663169963285,5786.4856402748055
1783295437,50,,Aggregated,23.500000,0.000000,7,12,14,18,45,61,98,160,4100,4300,4300,8899,0,7,36.89817679678238,3.0044140003155917,4327.6663169963285,5788.142150803461
1783295438,50,,Aggregated,23.500000,0.000000,7,12,14,18,45,61,98,160,4100,4300,4300,8925,0,7,36.83132705127224,3.0044140003155917,4327.6663169963285,5785.783641456583
1783295439,50,,Aggregated,23.700000,0.000000,7,12,14,18,45,61,98,160,4100,4300,4300,8946,0,7,36.77118032457165,3.0044140003155917,4327.6663169963285,5783.65638274089
1783295440,50,,Aggregated,23.400000,0.000000,7,12,14,18,45,61,98,160,4100,4300,4300,8967,0,7,36.718560430538865,3.0044140003155917,4327.6663169963285,5785.504516560723
1783295441,50,,Aggregated,23.400000,0.000000,7,12,14,18,45,61,98,160,4100,4300,4300,8992,0,7,36.660931759970836,3.0044140003155917,4327.6663169963285,5791.0418149466195
1783295442,50,,Aggregated,23.500000,0.000000,7,12,14,18,45,61,98,150,4100,4300,4300,9014,0,7,36.59750604411607,3.0044140003155917,4327.6663169963285,5785.844020412691
1783295443,50,,Aggregated,23.900000,0.000000,7,12,14,18,45,61,98,150,4100,4300,4300,9033,0,7,36.546852761947626,3.0044140003155917,4327.6663169963285,5789.435182110041
1783295444,50,,Aggregated,24.000000,0.000000,7,12,14,18,45,61,98,150,4100,4300,4300,9053,0,7,36.48248241562477,3.0044140003155917,4327.6663169963285,5788.515188335358
1783295445,50,,Aggregated,22.700000,0.000000,7,12,14,18,45,61,98,150,4100,4300,4300,9077,0,7,36.41483073831308,3.0044140003155917,4327.6663169963285,5795.459953729206
1783295446,50,,Aggregated,22.300000,0.000000,7,12,14,18,45,61,97,150,4100,4300,4300,9102,0,7,36.33922757017154,3.0044140003155917,4327.6663169963285,5799.770599868161
1783295447,50,,Aggregated,22.300000,0.000000,7,12,14,18,45,61,97,150,4100,4300,4300,9119,0,7,36.29603121435561,3.0044140003155917,4327.6663169963285,5800.848009650181
1783295448,50,,Aggregated,22.100000,0.000000,7,12,14,18,45,61,97,150,4100,4300,4300,9150,0,7,36.23449968805796,3.0044140003155917,4327.6663169963285,5804.937049180327
1783295450,50,,Aggregated,22.200000,0.000000,7,12,14,18,45,62,99,160,4100,4300,4300,9188,0,7,36.4261972448553,3.0044140003155917,4327.6663169963285,5804.7815629081415
1783295451,50,,Aggregated,21.500000,0.000000,7,12,14,18,45,62,98,160,4100,4300,4300,9208,0,7,36.37870388561394,3.0044140003155917,4327.6663169963285,5806.848609904431
1783295452,50,,Aggregated,22.400000,0.000000,7,12,14,18,45,62,98,160,4100,4300,4300,9233,0,7,36.312997829167635,3.0044140003155917,4327.6663169963285,5801.550092061085
1783295453,50,,Aggregated,21.900000,0.000000,7,12,14,18,45,62,98,160,4100,4300,4300,9255,0,7,36.24884949710337,3.0044140003155917,4327.6663169963285,5802.675742841707
1783295454,50,,Aggregated,22.000000,0.000000,7,12,14,18,45,62,98,160,4100,4300,4300,9285,0,7,36.16483864025213,3.0044140003155917,4327.6663169963285,5806.790630048466
1783295455,50,,Aggregated,22.500000,0.000000,7,12,14,18,45,62,98,150,4100,4300,4300,9307,0,7,36.10672147917983,3.0044140003155917,4327.6663169963285,5804.7104330074135
1783295456,50,,Aggregated,23.100000,0.000000,7,12,14,18,45,62,98,150,4100,4300,4300,9330,0,7,36.04774732333874,3.0044140003155917,4327.6663169963285,5808.422508038585
1783295457,50,,Aggregated,22.900000,0.000000,7,12,14,18,45,61,98,150,4100,4300,4300,9355,0,7,35.98316903845331,3.0044140003155917,4327.6663169963285,5801.5219668626405
1783295458,50,,Aggregated,22.600000,0.000000,7,12,14,18,45,61,98,150,4100,4300,4300,9373,0,7,35.92935245905211,3.0044140003155917,4327.6663169963285,5805.1667555745225
1783295459,50,,Aggregated,23.100000,0.000000,7,12,14,18,45,61,98,150,4100,4300,4300,9401,0,7,35.864128727867794,3.0044140003155917,4327.6663169963285,5811.955430273375
1783295460,50,,Aggregated,22.700000,0.000000,7,12,14,18,45,61,98,150,4100,4300,4300,9424,0,7,35.80677225505676,3.0044140003155917,4327.6663169963285,5811.507958404075
1783295461,50,,Aggregated,24.000000,0.000000,7,12,14,18,45,61,98,150,4100,4300,4300,9446,0,7,35.75538054569875,3.0044140003155917,4327.6663169963285,5808.064471734067
1783295462,50,,Aggregated,22.800000,0.000000,7,12,14,18,45,61,98,150,4100,4300,4300,9467,0,7,35.70547963036349,3.0044140003155917,4327.6663169963285,5801.2802366113865
1783295463,50,,Aggregated,23.200000,0.000000,7,12,14,18,45,61,98,150,4100,4300,4300,9492,0,7,35.63859572320183,3.0044140003155917,4327.6663169963285,5804.525705857564
1783295464,50,,Aggregated,22.700000,0.000000,7,12,14,18,45,61,97,150,4100,4300,4300,9520,0,7,35.57263145059948,3.0044140003155917,4327.6663169963285,5808.456197478991
1783295465,50,,Aggregated,23.000000,0.000000,7,12,14,18,45,61,97,150,4100,4300,4300,9542,0,7,35.5171411811708,3.0044140003155917,4327.6663169963285,5807.135191783693
1783295466,50,,Aggregated,23.200000,0.000000,7,12,14,18,45,61,97,150,4100,4300,4300,9563,0,7,35.47092651654665,3.0044140003155917,4327.6663169963285,5811.994666945519
1783295467,50,,Aggregated,23.600000,0.000000,7,12,14,18,45,61,97,150,4100,4300,4300,9589,0,7,35.40578805461629,3.0044140003155917,4327.6663169963285,5809.502659297112
1783295468,50,,Aggregated,22.900000,0.000000,7,12,14,18,45,61,97,150,4100,4300,4300,9607,0,7,35.37887056945191,3.0044140003155917,4327.6663169963285,5807.470073904445
1783295469,50,,Aggregated,23.500000,0.000000,7,12,14,18,45,61,97,150,4100,4300,4300,9629,0,7,35.32418338267185,3.0044140003155917,4327.6663169963285,5803.237719389344
1783295470,50,,Aggregated,22.800000,0.000000,7,12,14,18,45,61,96,150,4100,4300,4300,9654,0,7,35.266227605939434,3.0044140003155917,4327.6663169963285,5797.728195566605
1783295471,50,,Aggregated,22.800000,0.000000,7,12,14,18,45,61,97,150,4100,4300,4300,9683,0,7,35.22121054784433,3.0044140003155917,4327.6663169963285,5792.802850356295
1783295472,50,,Aggregated,23.200000,0.000000,7,12,14,18,45,61,96,150,4100,4300,4300,9701,0,7,35.17241624324855,3.0044140003155917,4327.6663169963285,5793.953819193897
1783295473,50,,Aggregated,23.100000,0.000000,7,12,14,18,45,61,96,150,4100,4300,4300,9724,0,7,35.10961140670608,3.0044140003155917,4327.6663169963285,5794.816227889757
1783295475,50,,Aggregated,23.300000,0.000000,7,12,14,18,45,62,98,150,4100,4300,4300,9763,0,7,35.269468830967554,3.0044140003155917,4327.6663169963285,5797.6018641810915
1783295476,50,,Aggregated,21.200000,0.000000,7,12,14,18,45,62,98,150,4100,4300,4300,9785,0,7,35.21359411514589,3.0044140003155917,4327.6663169963285,5791.913949923352
1783295477,50,,Aggregated,22.300000,0.000000,7,12,14,18,45,62,98,150,4100,4300,4300,9810,0,7,35.16535381149119,3.0044140003155917,4327.6663169963285,5793.422731906218
1783295478,50,,Aggregated,22.900000,0.000000,7,12,14,18,45,62,98,150,4100,4300,4300,9831,0,7,35.12443407077016,3.0044140003155917,4327.6663169963285,5792.082697589259
1783295479,50,,Aggregated,21.900000,0.000000,7,12,14,18,45,62,98,150,4100,4300,4300,9853,0,7,35.089291942323385,3.0044140003155917,4327.6663169963285,5791.820054805643
1783295480,50,,Aggregated,22.600000,0.000000,7,12,14,18,45,61,98,150,4100,4300,4300,9877,0,7,35.048234667278706,3.0044140003155917,4327.6663169963285,5799.4133846309605
1783295481,50,,Aggregated,22.800000,0.000000,7,12,14,18,45,61,98,150,4100,4300,4300,9898,0,7,35.00640394905405,3.0044140003155917,4327.6663169963285,5802.673772479288
1783295482,50,,Aggregated,22.400000,0.000000,7,12,14,18,45,61,97,150,4100,4300,4300,9921,0,7,34.95359467198312,3.0044140003155917,4327.6663169963285,5801.946376373349
1783295483,50,,Aggregated,22.100000,0.000000,7,12,14,18,45,61,97,150,4100,4300,4300,9941,0,7,34.905653080755194,3.0044140003155917,4327.6663169963285,5803.82909164068
1783295484,50,,Aggregated,22.400000,0.000000,7,12,14,18,45,61,97,150,4100,4300,4300,9964,0,7,34.844654516440634,3.0044140003155917,4327.6663169963285,5803.19560417503
1783295485,50,,Aggregated,21.700000,0.000000,7,12,14,18,45,61,97,150,4100,4300,4300,9982,0,7,34.80367555358035,3.0044140003155917,4327.6663169963285,5803.9121418553395
1783295486,50,,Aggregated,23.100000,0.000000,7,12,14,18,45,61,97,150,4100,4300,4300,10008,0,7,34.75568010669625,3.0044140003155917,4327.6663169963285,5804.045663469225
1783295487,50,,Aggregated,21.600000,0.000000,7,12,14,18,45,61,97,150,4100,4300,4300,10034,0,7,34.69619790799646,3.0044140003155917,4327.6663169963285,5800.52102850309
1783295488,50,,Aggregated,22.000000,0.000000,7,12,14,18,45,61,97,150,4100,4300,4300,10059,0,7,34.64373815417363,3.0044140003155917,4327.6663169963285,5801.239586440004
1783295490,50,,Aggregated,22.300000,0.000000,7,12,14,18,45,62,99,150,4100,4300,4300,10102,0,7,34.82245790970042,3.0044140003155917,4327.6663169963285,5801.139477331221
1783295491,50,,Aggregated,21.300000,0.000000,7,12,14,18,45,62,99,150,4100,4300,4300,10118,0,7,34.79129246034917,3.0044140003155917,4327.6663169963285,5804.57718916782
1783295492,50,,Aggregated,22.700000,0.000000,7,12,14,18,45,62,99,150,4100,4300,4300,10146,0,7,34.73311173041445,3.0044140003155917,4327.6663169963285,5797.142223536369
1783295493,50,,Aggregated,22.100000,0.000000,7,12,14,18,45,62,99,150,4100,4300,4300,10171,0,7,34.673298311253944,3.0044140003155917,4327.6663169963285,5800.216301248648
1783295494,50,,Aggregated,21.500000,0.000000,7,12,14,18,45,62,99,150,4100,4300,4300,10190,0,7,34.624257829414496,3.0044140003155917,4327.6663169963285,5797.628851815505
1783295495,50,,Aggregated,22.700000,0.000000,7,12,14,18,45,62,99,150,4100,4300,4300,10213,0,7,34.56584078858234,3.0044140003155917,4327.6663169963285,5802.174973073534
1783295496,50,,Aggregated,22.400000,0.000000,7,12,14,18,45,62,99,150,4100,4300,4300,10234,0,7,34.53925902978093,3.0044140003155917,4327.6663169963285,5803.474887629471
1783295497,50,,Aggregated,22.700000,0.000000,7,12,14,18,45,62,100,150,4100,4300,4300,10267,0,7,34.538163090072864,3.0044140003155917,4327.6663169963285,5803.702834323561
1783295498,50,,Aggregated,22.700000,0.000000,7,12,14,18,45,62,100,150,4100,4300,4300,10286,0,7,34.5218585532553,3.0044140003155917,4327.6663169963285,5807.6068442543265
1783295499,50,,Aggregated,22.100000,0.000000,7,12,14,18,45,62,100,150,4100,4300,4300,10302,0,7,34.48331175827733,3.0044140003155917,4327.6663169963285,5810.160842554844
1783295500,50,,Aggregated,23.100000,0.000000,7,12,14,18,45,62,100,150,4100,4300,4300,10329,0,7,34.431608494700775,3.0044140003155917,4327.6663169963285,5811.805305450673
1783295501,50,,Aggregated,23.600000,0.000000,7,12,14,18,45,62,99,150,4100,4300,4300,10353,0,7,34.390618227738145,3.0044140003155917,4327.6663169963285,5805.009659036028
1783295502,50,,Aggregated,22.000000,0.000000,7,12,14,18,45,62,100,150,4100,4300,4300,10376,0,7,34.35144008507602,3.0044140003155917,4327.6663169963285,5802.424730146492
1783295503,50,,Aggregated,23.000000,0.000000,7,12,14,18,45,62,100,150,4100,4300,4300,10396,0,7,34.31157436540513,3.0044140003155917,4327.6663169963285,5798.140053866872
1783295504,50,,Aggregated,23.300000,0.000000,7,12,14,18,45,62,99,150,4100,4300,4300,10425,0,7,34.256954546064435,3.0044140003155917,4327.6663169963285,5799.815539568345
1783295505,50,,Aggregated,22.700000,0.000000,7,12,14,18,45,62,99,150,4100,4300,4300,10447,0,7,34.21612422118631,3.0044140003155917,4327.6663169963285,5800.71417631856
1783295506,50,,Aggregated,23.300000,0.000000,7,12,14,18,45,62,99,150,4100,4300,4300,10468,0,7,34.181562111747404,3.0044140003155917,4327.6663169963285,5799.59428735193
1783295507,50,,Aggregated,23.400000,0.000000,7,12,14,18,45,62,99,150,4100,4300,4300,10495,0,7,34.12956182208147,3.0044140003155917,4327.6663169963285,5803.820771796093
1783295508,50,,Aggregated,23.100000,0.000000,7,12,14,18,45,62,99,150,4100,4300,4300,10513,0,7,34.10650536019599,3.0044140003155917,4327.6663169963285,5801.808998382954
1783295509,50,,Aggregated,23.600000,0.000000,7,12,14,18,45,62,99,150,4100,4300,4300,10538,0,7,34.0575419714106,3.0044140003155917,4327.6663169963285,5797.499240842664
1783295510,50,,Aggregated,22.500000,0.000000,7,12,14,18,45,62,99,150,4100,4300,4300,10557,0,7,34.028044231381486,3.0044140003155917,4327.6663169963285,5798.102301790282
1783295511,50,,Aggregated,23.300000,0.000000,7,12,14,18,45,62,99,150,4100,4300,4300,10581,0,7,33.98267903475399,3.0044140003155917,4327.6663169963285,5797.676023060202
1783295512,50,,Aggregated,23.000000,0.000000,7,12,14,18,45,62,99,150,4100,4300,4300,10607,0,7,33.92832939123003,3.0044140003155917,4327.6663169963285,5797.087395116432
1783295513,50,,Aggregated,22.900000,0.000000,7,12,14,18,45,62,99,150,4100,4300,4300,10630,0,7,33.88236125312845,3.0044140003155917,4327.6663169963285,5798.464722483537
1783295514,50,,Aggregated,22.900000,0.000000,7,12,14,18,45,62,99,150,4100,4300,4300,10652,0,7,33.83516739549373,3.0044140003155917,4327.6663169963285,5798.761077731881
1783295515,50,,Aggregated,22.900000,0.000000,7,12,14,18,45,62,99,150,4100,4300,4300,10672,0,7,33.79739623479976,3.0044140003155917,4327.6663169963285,5797.0404797601195
1783295516,50,,Aggregated,22.700000,0.000000,7,12,14,18,45,62,99,150,4100,4300,4300,10698,0,7,33.750233755724985,3.0044140003155917,4327.6663169963285,5793.987754720509
1783295517,50,,Aggregated,22.400000,0.000000,7,12,14,18,45,62,98,150,4100,4300,4300,10717,0,7,33.713195708754576,3.0044140003155917,4327.6663169963285,5796.306988896146
1783295518,50,,Aggregated,22.500000,0.000000,7,12,14,18,45,62,98,150,4100,4300,4300,10742,0,7,33.67331815785807,3.0044140003155917,4327.6663169963285,5794.13852169056
1783295519,50,,Aggregated,22.300000,0.000000,7,12,14,18,45,62,98,150,4100,4300,4300,10763,0,7,33.63311511528119,3.0044140003155917,4327.6663169963285,5791.254854594444
1783295520,50,,Aggregated,22.400000,0.000000,7,12,14,18,45,62,98,150,4100,4300,4300,10784,0,7,33.599043505268455,3.0044140003155917,4327.6663169963285,5793.733864985164
1783295521,50,,Aggregated,22.900000,0.000000,7,12,14,18,45,62,98,150,4100,4300,4300,10808,0,7,33.55439517096651,3.0044140003155917,4327.6663169963285,5791.083179126573
1783295522,50,,Aggregated,22.600000,0.000000,7,12,14,18,45,62,98,150,4100,4300,4300,10834,0,7,33.513117655233174,3.0044140003155917,4327.6663169963285,5787.669651098394
1783295523,50,,Aggregated,22.400000,0.000000,7,12,14,18,45,62,98,150,4100,4300,4300,10857,0,7,33.48905907044186,3.0044140003155917,4327.6663169963285,5789.199502625034
1783295524,50,,Aggregated,22.700000,0.000000,7,12,14,18,45,62,98,150,4100,4300,4300,10879,0,7,33.44794470381195,3.0044140003155917,4327.6663169963285,5791.615038146889
1783295525,50,,Aggregated,22.500000,0.000000,7,12,14,18,45,62,98,150,4100,4300,4300,10901,0,7,33.40878222812404,3.0044140003155917,4327.6663169963285,5789.995413264838
1783295526,50,,Aggregated,22.700000,0.000000,7,12,14,18,45,62,98,150,4100,4300,4300,10928,0,7,33.36031867613366,3.0044140003155917,4327.6663169963285,5786.45845534407
1783295527,50,,Aggregated,22.900000,0.000000,7,12,14,18,45,62,98,150,4100,4300,4300,10945,0,7,33.32544766238739,3.0044140003155917,4327.6663169963285,5788.5540429419825
1783295528,50,,Aggregated,23.000000,0.000000,7,12,14,18,45,61,98,150,4100,4300,4300,10971,0,7,33.278784815406986,3.0044140003155917,4327.6663169963285,5791.352110108468
1783295529,50,,Aggregated,22.900000,0.000000,7,12,14,18,45,61,98,150,4100,4300,4300,10991,0,7,33.25192807440925,3.0044140003155917,4327.6663169963285,5783.844782094441
1783295530,50,,Aggregated,23.000000,0.000000,7,12,14,18,45,61,98,150,4100,4300,4300,11014,0,7,33.20753812664433,3.0044140003155917,4327.6663169963285,5785.04439803886
1783295531,50,,Aggregated,22.400000,0.000000,7,12,14,18,45,61,98,150,4100,4300,4300,11038,0,7,33.15535229197771,3.0044140003155917,4327.6663169963285,5785.103188983511
1783295532,50,,Aggregated,22.600000,0.000000,7,12,14,18,45,61,97,150,4100,4300,4300,11066,0,7,33.09987328220483,3.0044140003155917,4327.6663169963285,5785.591089824688
1783295533,50,,Aggregated,22.800000,0.000000,7,12,14,18,45,61,97,150,4100,4300,4300,11089,0,7,33.05593936052618,3.0044140003155917,4327.6663169963285,5783.4693840743075
1783295534,50,,Aggregated,22.800000,0.000000,7,12,14,18,45,61,97,150,4100,4300,4300,11119,0,7,33.00669775680438,3.0044140003155917,4327.6663169963285,5781.010702401295
1783295535,50,,Aggregated,23.600000,0.000000,7,12,14,18,45,61,97,150,4100,4300,4300,11132,0,7,32.98256995202244,3.0044140003155917,4327.6663169963285,5780.1138160258715
1783295536,50,,Aggregated,23.200000,0.000000,7,12,14,18,45,61,97,150,4100,4300,4300,11161,0,7,32.92673813429802,3.0044140003155917,4327.6663169963285,5781.030104829317
1783295537,50,,Aggregated,23.400000,0.000000,7,12,14,18,45,61,97,150,4100,4300,4300,11181,0,7,32.88886857909437,3.0044140003155917,4327.6663169963285,5779.848224666845
1783295538,50,,Aggregated,22.800000,0.000000,7,12,14,18,45,61,97,140,4100,4300,4300,11202,0,7,32.851977166025684,3.0044140003155917,4327.6663169963285,5781.198982324585
1783295539,50,,Aggregated,23.500000,0.000000,7,12,14,18,45,61,97,140,4100,4300,4300,11229,0,7,32.80298165151089,3.0044140003155917,4327.6663169963285,5775.489536022798
1783295540,50,,Aggregated,23.500000,0.000000,7,12,14,18,45,61,97,140,4100,4300,4300,11251,0,7,32.76259669174755,3.0044140003155917,4327.6663169963285,5776.82801528753
1783295541,50,,Aggregated,23.300000,0.000000,7,12,14,18,45,61,97,140,4100,4300,4300,11273,0,7,32.72300232270566,3.0044140003155917,4327.6663169963285,5773.491084893108
1783295542,50,,Aggregated,24.400000,0.000000,7,12,14,18,45,61,97,140,4100,4300,4300,11297,0,7,32.671795604483556,3.0044140003155917,4327.6663169963285,5772.510932105869
1783295543,50,,Aggregated,23.600000,0.000000,7,12,14,18,44,61,96,140,4100,4300,4300,11321,0,7,32.629491160399915,3.0044140003155917,4327.6663169963285,5769.969260666019
1783295544,50,,Aggregated,23.300000,0.000000,7,12,14,18,45,61,96,140,4100,4300,4300,11348,0,7,32.58487473703527,3.0044140003155917,4327.6663169963285,5766.150687345787
1783295545,50,,Aggregated,22.600000,0.000000,7,12,14,18,44,61,96,140,4100,4300,4300,11373,0,7,32.53908570463649,3.0044140003155917,4327.6663169963285,5767.650575925438
1783295546,50,,Aggregated,23.300000,0.000000,7,12,14,18,44,61,96,140,4100,4300,4300,11394,0,7,32.50985710196671,3.0044140003155917,4327.6663169963285,5766.926979111813
1783295547,50,,Aggregated,23.300000,0.000000,7,12,14,18,44,61,96,140,4100,4300,4300,11421,0,7,32.462474812176765,3.0044140003155917,4327.6663169963285,5764.281674109097
1783295548,50,,Aggregated,24.400000,0.000000,7,12,14,18,44,61,96,140,4100,4300,4300,11439,0,7,32.425005062230625,3.0044140003155917,4327.6663169963285,5764.256228691319
1783295549,50,,Aggregated,23.400000,0.000000,7,12,14,18,44,61,96,140,4100,4300,4300,11461,0,7,32.389858594611965,3.0044140003155917,4327.6663169963285,5762.8672890672715
1783295550,50,,Aggregated,23.600000,0.000000,7,12,14,18,44,61,96,140,4100,4300,4300,11486,0,7,32.34816342354691,3.0044140003155917,4327.6663169963285,5763.188403273551
1783295551,50,,Aggregated,23.400000,0.000000,7,12,14,18,44,61,95,140,4100,4300,4300,11505,0,7,32.32088360060008,3.0044140003155917,4327.6663169963285,5758.911864406779
1783295552,50,,Aggregated,22.700000,0.000000,7,12,14,18,44,61,95,140,4100,4300,4300,11537,0,7,32.2615018388516,3.0044140003155917,4327.6663169963285,5761.233162867296
1783295553,50,,Aggregated,23.800000,0.000000,7,12,14,18,44,61,95,140,4100,4300,4300,11558,0,7,32.21734661470662,2.962151003885083,4327.6663169963285,5769.881813462537
1783295554,50,,Aggregated,23.800000,0.000000,7,12,14,18,44,60,95,140,4100,4300,4300,11582,0,7,32.176102417610444,2.962151003885083,4327.6663169963285,5770.747884648593
1783295555,50,,Aggregated,24.000000,0.000000,7,12,14,18,44,60,95,140,4100,4300,4300,11599,0,7,32.154251445449574,2.962151003885083,4327.6663169963285,5768.754634020174
1783295556,50,,Aggregated,23.300000,0.000000,7,12,14,18,44,60,95,140,4100,4300,4300,11628,0,7,32.09592158563403,2.962151003885083,4327.6663169963285,5770.449088407293
1783295557,50,,Aggregated,23.500000,0.000000,7,12,14,18,44,60,95,140,4100,4300,4300,11648,0,7,32.05938625358858,2.962151003885083,4327.6663169963285,5769.406679258242
1783295558,50,,Aggregated,22.000000,0.000000,7,12,14,18,44,60,95,140,4100,4300,4300,11673,0,7,32.03290061567292,2.962151003885083,4327.6663169963285,5765.8750107084725
1783295559,50,,Aggregated,23.300000,0.000000,7,12,14,18,44,60,95,140,4100,4300,4300,11699,0,7,31.998124678327954,2.962151003885083,4327.6663169963285,5763.224036242414
1783295560,50,,Aggregated,22.400000,0.000000,7,12,14,18,44,60,95,140,4100,4300,4300,11719,0,7,31.958587512395322,2.962151003885083,4327.6663169963285,5763.235429644167
1783295561,50,,Aggregated,23.000000,0.000000,7,12,14,17,44,60,95,140,4100,4300,4300,11741,0,7,31.924021782536617,2.962151003885083,4327.6663169963285,5767.741163444341
1783295562,50,,Aggregated,23.300000,0.000000,7,12,14,18,44,60,95,140,4100,4300,4300,11764,0,7,31.89061933549756,2.962151003885083,4327.6663169963285,5760.7350391023465
1783295563,50,,Aggregated,23.100000,0.000000,7,12,14,18,44,60,95,140,4100,4300,4300,11782,0,7,31.868654014410396,2.962151003885083,4327.6663169963285,5757.240196910541
1783295564,50,,Aggregated,23.100000,0.000000,7,12,14,17,44,60,94,140,4100,4300,4300,11809,0,7,31.81772067150364,2.962151003885083,4327.6663169963285,5757.805148615463
1783295565,50,,Aggregated,22.600000,0.000000,7,12,14,17,44,60,94,140,4100,4300,4300,11832,0,7,31.776574830608364,2.962151003885083,4327.6663169963285,5758.39401622718
1783295566,50,,Aggregated,22.200000,0.000000,7,12,14,17,44,60,94,140,4100,4300,4300,11849,0,7,31.751319247256372,2.962151003885083,4327.6663169963285,5758.490674318507
1783295567,50,,Aggregated,22.300000,0.000000,7,12,14,17,44,60,94,140,4100,4300,4300,11881,0,7,31.69044257922189,2.962151003885083,4327.6663169963285,5757.250147293998
1783295568,50,,Aggregated,23.200000,0.000000,7,12,14,17,44,60,94,140,4100,4300,4300,11898,0,7,31.661697747158332,2.962151003885083,4327.6663169963285,5756.490670700958
1783295569,50,,Aggregated,22.100000,0.000000,7,12,14,17,44,60,94,140,4100,4300,4300,11925,0,7,31.61610803477426,2.962151003885083,4327.6663169963285,5756.505241090147
1783295570,50,,Aggregated,23.400000,0.000000,7,12,14,17,44,60,94,140,4100,4300,4300,11945,0,7,31.586923982309024,2.962151003885083,4327.6663169963285,5757.426287149435
1783295571,50,,Aggregated,22.500000,0.000000,7,12,14,17,44,60,94,140,4100,4300,4300,11964,0,7,31.55562112325923,2.962151003885083,4327.6663169963285,5755.383734536944
1783295572,50,,Aggregated,22.700000,0.000000,7,12,14,17,44,60,94,140,4100,4300,4300,11989,0,7,31.51469834704272,2.962151003885083,4327.6663169963285,5753.067144882809
1783295573,50,,Aggregated,22.400000,0.000000,7,12,14,17,44,60,94,140,4000,4300,4300,12011,0,7,31.468331754366393,2.962151003885083,4327.6663169963285,5756.391391224711
1783295574,50,,Aggregated,21.800000,0.000000,7,12,14,17,44,59,94,140,4000,4300,4300,12038,0,7,31.421820066184644,2.962151003885083,4327.6663169963285,5757.523758099352
1783295575,50,,Aggregated,22.400000,0.000000,7,12,14,17,44,59,94,140,4000,4300,4300,12061,0,7,31.384198035301885,2.962151003885083,4327.6663169963285,5760.172788326009
1783295576,50,,Aggregated,22.900000,0.000000,7,12,14,17,44,59,94,140,4000,4300,4300,12080,0,7,31.360367258756447,2.962151003885083,4327.6663169963285,5761.1236754966885
1783295577,50,,Aggregated,22.600000,0.000000,7,12,14,17,44,59,94,140,4000,4300,4300,12108,0,7,31.31158786791987,2.962151003885083,4327.6663169963285,5762.781053848695
1783295578,50,,Aggregated,22.700000,0.000000,7,12,14,17,44,59,94,140,4000,4300,4300,12125,0,7,31.277102130951274,2.962151003885083,4327.6663169963285,5764.83562886598
1783295579,50,,Aggregated,22.400000,0.000000,7,12,14,17,44,59,94,140,4000,4300,4300,12157,0,7,31.228160092189693,2.962151003885083,4327.6663169963285,5768.650982972773
1783295580,50,,Aggregated,22.600000,0.000000,7,12,14,17,44,59,94,140,4000,4300,4300,12180,0,7,31.198161312952227,2.962151003885083,4327.6663169963285,5768.489983579639
1783295581,50,,Aggregated,22.600000,0.000000,7,12,14,17,44,59,94,140,4000,4300,4300,12199,0,7,31.166213936284958,2.962151003885083,4327.6663169963285,5767.978932699401
1783295582,50,,Aggregated,22.900000,0.000000,7,12,14,17,44,59,94,130,4000,4300,4300,12227,0,7,31.128377025414828,2.962151003885083,4327.6663169963285,5770.537090046618
1783295583,50,,Aggregated,23.100000,0.000000,7,12,14,17,44,59,94,130,4000,4300,4300,12243,0,7,31.1008883082374,2.962151003885083,4327.6663169963285,5772.872253532631
1783295584,50,,Aggregated,23.600000,0.000000,7,12,14,17,44,59,94,130,4000,4300,4300,12270,0,7,31.052595485470878,2.962151003885083,4327.6663169963285,5776.042542787286
1783295585,50,,Aggregated,23.500000,0.000000,7,12,14,17,44,59,94,130,4000,4300,4300,12293,0,7,31.016251443237696,2.962151003885083,4327.6663169963285,5782.1027413975435
1783295586,50,,Aggregated,23.000000,0.000000,7,12,14,17,44,59,94,130,4000,4300,4300,12319,0,7,30.96753793925607,2.962151003885083,4327.6663169963285,5782.493708904944
1783295587,50,,Aggregated,23.200000,0.000000,7,12,14,17,44,59,94,130,4000,4300,4300,12337,0,7,30.935091334742648,2.962151003885083,4327.6663169963285,5782.120045391911
1783295588,50,,Aggregated,23.100000,0.000000,7,12,14,17,44,59,94,130,4000,4300,4300,12359,0,7,30.924076214638767,2.962151003885083,4327.6663169963285,5786.608787118699
1783295589,50,,Aggregated,23.900000,0.000000,7,12,14,17,44,59,94,130,4000,4300,4300,12390,0,7,30.882154174710536,2.962151003885083,4327.6663169963285,5790.435916061339
1783295590,50,,Aggregated,22.800000,0.000000,7,12,14,17,44,59,94,130,4000,4300,4300,12410,0,7,30.84575891375545,2.962151003885083,4327.6663169963285,5793.245608380338
1783295591,50,,Aggregated,23.100000,0.000000,7,12,14,17,44,59,94,130,4000,4300,4300,12440,0,7,30.801167922086087,2.962151003885083,4327.6663169963285,5799.136093247588
1783295592,50,,Aggregated,23.100000,0.000000,7,12,14,17,44,59,93,130,4000,4300,4300,12455,0,7,30.77896363739473,2.962151003885083,4327.6663169963285,5799.750381372943
1783295593,50,,Aggregated,23.000000,0.000000,7,12,14,17,44,59,93,130,4000,4300,4300,12480,0,7,30.742619923139266,2.962151003885083,4327.6663169963285,5801.114583333333
1783295594,50,,Aggregated,23.600000,0.000000,7,12,14,17,44,59,93,130,4000,4300,4300,12503,0,7,30.70768424704241,2.962151003885083,4327.6663169963285,5803.093977445413
1783295595,50,,Aggregated,22.700000,0.000000,7,12,14,17,44,59,93,130,4000,4300,4300,12528,0,7,30.67187002840189,2.962151003885083,4327.6663169963285,5806.155252234994
1783295596,50,,Aggregated,23.500000,0.000000,7,12,14,17,44,59,93,130,4000,4300,4300,12550,0,7,30.642822773135045,2.962151003885083,4327.6663169963285,5807.303027888446
1783295598,50,,Aggregated,23.300000,0.000000,7,12,14,17,44,59,93,130,4000,4300,4300,12573,0,7,30.603436608432094,2.962151003885083,4327.6663169963285,5813.26214904955
1783295599,50,,Aggregated,23.300000,0.000000,7,12,14,17,44,59,93,130,4000,4300,4300,12595,0,7,30.57911153972052,2.962151003885083,4327.6663169963285,5812.47717348154
1783295600,50,,Aggregated,22.900000,0.000000,7,12,14,17,44,59,93,130,4000,4300,4300,12618,0,7,30.54385604024507,2.962151003885083,4327.6663169963285,5813.4148042479
1783295601,50,,Aggregated,23.400000,0.000000,7,12,14,17,44,59,93,130,4000,4300,4300,12640,0,7,30.505909296027333,2.962151003885083,4327.6663169963285,5816.439873417721
1783295602,50,,Aggregated,22.800000,0.000000,7,12,14,17,44,59,93,130,4000,4300,4300,12664,0,7,30.47187598837768,2.962151003885083,4327.6663169963285,5822.023373341756
1783295603,50,,Aggregated,22.800000,0.000000,7,12,14,17,44,59,93,130,4000,4300,4300,12682,0,7,30.45516820823291,2.962151003885083,4327.6663169963285,5816.66929506387
1783295604,50,,Aggregated,22.200000,0.000000,7,12,14,17,44,59,93,130,4000,4300,4300,12710,0,7,30.417924902585646,2.962151003885083,4327.6663169963285,5819.419118804091
1783295605,50,,Aggregated,22.600000,0.000000,7,12,14,17,44,59,93,130,4000,4300,4300,12732,0,7,30.386295647647234,2.962151003885083,4327.6663169963285,5820.536914860195
1783295606,50,,Aggregated,22.600000,0.000000,7,12,14,17,44,59,93,130,4000,4300,4300,12754,0,7,30.355015077067076,2.962151003885083,4327.6663169963285,5816.558177826564
1783295607,50,,Aggregated,22.900000,0.000000,7,12,14,17,44,58,93,130,4000,4300,4300,12777,0,7,30.32533854933821,2.962151003885083,4327.6663169963285,5814.398450340455
1783295608,50,,Aggregated,22.600000,0.000000,7,12,14,17,44,58,93,130,4000,4300,4300,12800,0,7,30.29233166358381,2.962151003885083,4327.6663169963285,5817.398046875
1783295609,50,,Aggregated,22.700000,0.000000,7,12,14,17,44,58,92,130,4000,4300,4300,12829,0,7,30.252535208814916,2.962151003885083,4327.6663169963285,5815.36822823291
1783295610,50,,Aggregated,22.700000,0.000000,7,12,14,17,44,58,92,130,4000,4300,4300,12845,0,7,30.230654316923093,2.962151003885083,4327.6663169963285,5814.528999610743
1783295611,50,,Aggregated,22.900000,0.000000,7,12,14,17,44,58,92,130,4000,4300,4300,12872,0,7,30.187525159559275,2.962151003885083,4327.6663169963285,5815.228558110628
1783295612,50,,Aggregated,22.700000,0.000000,7,12,14,17,44,58,92,130,4000,4300,4300,12901,0,7,30.159230409257194,2.962151003885083,4327.6663169963285,5813.225021316177
1783295613,50,,Aggregated,22.800000,0.000000,7,12,14,17,44,58,92,130,4000,4300,4300,12919,0,7,30.136191907025353,2.962151003885083,4327.6663169963285,5812.862837680935
1783295614,50,,Aggregated,23.600000,0.000000,7,12,14,17,44,58,92,130,4000,4300,4300,12944,0,7,30.10152641361831,2.962151003885083,4327.6663169963285,5815.105608776267
1783295615,50,,Aggregated,23.700000,0.000000,7,12,14,17,44,58,92,130,4000,4300,4300,12964,0,7,30.073289725921704,2.962151003885083,4327.6663169963285,5812.786717062635
1783295616,50,,Aggregated,23.400000,0.000000,7,12,14,17,44,58,92,130,4000,4300,4300,12994,0,7,30.032661493986442,2.962151003885083,4327.6663169963285,5810.718023703248
1783295617,50,,Aggregated,23.100000,0.000000,7,12,14,17,43,58,92,130,4000,4300,4300,13017,0,7,29.991830903650676,2.962151003885083,4327.6663169963285,5807.419374663901
1783295618,50,,Aggregated,23.800000,0.000000,7,12,14,17,43,58,92,130,4000,4300,4300,13039,0,7,29.963224613225254,2.962151003885083,4327.6663169963285,5808.780658025922
1783295619,50,,Aggregated,23.900000,0.000000,7,12,14,17,43,58,92,130,4000,4300,4300,13061,0,7,29.92864351105708,2.962151003885083,4327.6663169963285,5806.8769619477835
1783295620,50,,Aggregated,23.600000,0.000000,7,12,14,17,43,58,92,130,4000,4300,4300,13088,0,7,29.8982587752832,2.962151003885083,4327.6663169963285,5803.985635696821
1783295621,50,,Aggregated,23.400000,0.000000,7,12,14,17,43,58,91,130,4000,4300,4300,13111,0,7,29.868040341539757,2.962151003885083,4327.6663169963285,5806.097627945999
1783295622,50,,Aggregated,23.900000,0.000000,7,12,14,17,43,58,91,130,4000,4300,4300,13131,0,7,29.845669586694843,2.962151003885083,4327.6663169963285,5803.374685857893
1783295623,50,,Aggregated,24.000000,0.000000,7,12,14,17,43,58,91,130,4000,4300,4300,13161,0,7,29.806711655108174,2.962151003885083,4327.6663169963285,5803.945444875009
1783295624,50,,Aggregated,23.000000,0.000000,7,12,14,17,43,58,91,130,4000,4300,4300,13179,0,7,29.782623786091307,2.962151003885083,4327.6663169963285,5803.999772365127
1783295625,50,,Aggregated,23.900000,0.000000,7,12,14,17,43,58,91,130,4000,4300,4300,13204,0,7,29.748758313377518,2.962151003885083,4327.6663169963285,5806.279687973341
1783295626,50,,Aggregated,23.300000,0.000000,7,12,14,17,43,58,91,130,4000,4300,4300,13231,0,7,29.722709426791145,2.962151003885083,4327.6663169963285,5804.665482578792
1783295627,50,,Aggregated,23.800000,0.000000,7,12,14,17,43,58,91,130,4000,4300,4300,13251,0,7,29.697802121942075,2.962151003885083,4327.6663169963285,5807.134480416572
1783295628,50,,Aggregated,23.400000,0.000000,7,12,14,17,43,58,91,130,4000,4300,4300,13274,0,7,29.666257523271344,2.962151003885083,4327.6663169963285,5806.407563658279
1783295629,50,,Aggregated,23.200000,0.000000,7,12,14,17,43,58,91,130,4000,4300,4300,13293,0,7,29.636718707281435,2.962151003885083,4327.6663169963285,5805.860603325058
1783295630,50,,Aggregated,23.700000,0.000000,7,12,14,17,43,58,91,130,4000,4300,4300,13317,0,7,29.60075834901979,2.962151003885083,4327.6663169963285,5806.782758879627
1783295631,50,,Aggregated,23.300000,0.000000,7,12,14,17,43,58,91,130,4000,4300,4300,13345,0,7,29.577233044427736,2.962151003885083,4327.6663169963285,5802.691270138629
1783295632,50,,Aggregated,23.000000,0.000000,7,12,14,17,43,58,91,130,4000,4300,4300,13368,0,7,29.58318533264961,2.962151003885083,4327.6663169963285,5800.529922202274
1783295633,50,,Aggregated,23.000000,0.000000,7,12,14,17,43,58,91,130,4000,4300,4300,13393,0,7,29.549135140213984,2.962151003885083,4327.6663169963285,5801.204659150302
1783295634,50,,Aggregated,23.500000,0.000000,7,12,14,17,43,58,91,130,4000,4300,4300,13413,0,7,29.523997630050225,2.962151003885083,4327.6663169963285,5800.681204801313
1783295635,50,,Aggregated,23.200000,0.000000,7,12,14,17,43,58,91,130,4000,4300,4300,13439,0,7,29.489047792085454,2.962151003885083,4327.6663169963285,5800.040330381725
1783295636,50,,Aggregated,23.500000,0.000000,7,12,14,17,43,58,91,130,4000,4300,4300,13462,0,7,29.467227467820905,2.962151003885083,4327.6663169963285,5802.96932105185
1783295637,50,,Aggregated,23.500000,0.000000,7,12,14,17,43,58,91,130,4000,4300,4300,13483,0,7,29.444594648057233,2.962151003885083,4327.6663169963285,5801.089445968998
1783295638,50,,Aggregated,23.100000,0.000000,7,12,14,17,43,58,91,130,4000,4300,4300,13512,0,7,29.40819382591159,2.962151003885083,4327.6663169963285,5804.278567199526
1783295639,50,,Aggregated,23.300000,0.000000,7,12,14,17,43,58,91,130,4000,4300,4300,13534,0,7,29.376399309201766,2.962151003885083,4327.6663169963285,5804.661371361017
1783295640,50,,Aggregated,23.400000,0.000000,7,12,14,17,43,58,91,130,4000,4300,4300,13561,0,7,29.33891369513212,2.962151003885083,4327.6663169963285,5804.605781284566
1783295641,50,,Aggregated,23.800000,0.000000,7,12,14,17,43,58,91,130,4000,4300,4300,13580,0,7,29.31566610896024,2.962151003885083,4327.6663169963285,5804.841973490427
1783295642,50,,Aggregated,24.100000,0.000000,7,12,14,17,43,58,90,130,4000,4300,4300,13605,0,7,29.283410421664954,2.962151003885083,4327.6663169963285,5803.037118706358
1783295643,50,,Aggregated,23.800000,0.000000,7,12,14,17,43,58,90,130,4000,4300,4300,13626,0,7,29.253503260070563,2.962151003885083,4327.6663169963285,5802.238441215323
1783295644,50,,Aggregated,23.800000,0.000000,7,12,14,16,43,58,90,130,4000,4300,4300,13648,0,7,29.22428461384476,2.962151003885083,4327.6663169963285,5804.822904454865
1783295645,50,,Aggregated,23.300000,0.000000,7,12,14,16,43,57,90,130,4000,4300,4300,13674,0,7,29.19240337982617,2.962151003885083,4327.6663169963285,5803.637267807518
1783295646,50,,Aggregated,22.800000,0.000000,7,12,14,16,43,58,91,130,4000,4300,4300,13693,0,7,29.184321623656167,2.962151003885083,4327.6663169963285,5799.949609289418
1783295647,50,,Aggregated,23.300000,0.000000,7,12,14,16,43,58,90,130,4000,4300,4300,13720,0,7,29.154652854645423,2.962151003885083,4327.6663169963285,5798.7719387755105
1783295648,50,,Aggregated,22.900000,0.000000,7,12,14,16,43,58,90,130,4000,4300,4300,13740,0,7,29.133380339351515,2.962151003885083,4327.6663169963285,5799.113318777293
1783295649,50,,Aggregated,23.300000,0.000000,7,12,14,16,43,58,90,130,4000,4300,4300,13758,0,7,29.118489931289524,2.962151003885083,4327.6663169963285,5796.204317488007
1783295650,50,,Aggregated,23.000000,0.000000,7,12,14,16,43,57,90,130,4000,4300,4300,13782,0,7,29.088475630075614,2.962151003885083,4327.6663169963285,5798.373893484255
1783295651,50,,Aggregated,22.300000,0.000000,7,12,14,16,43,57,90,130,4000,4300,4300,13805,0,7,29.063694620185075,2.962151003885083,4327.6663169963285,5802.490257153206
1783295652,50,,Aggregated,22.000000,0.000000,7,12,14,16,43,57,90,130,4000,4300,4300,13826,0,7,29.03811679282697,2.962151003885083,4327.6663169963285,5802.299508173008
1783295653,50,,Aggregated,22.200000,0.000000,7,12,14,16,43,57,90,130,4000,4300,4300,13854,0,7,29.003652931544107,2.962151003885083,4327.6663169963285,5800.16074779847
